"C:/Users/varghesechac/code/MileH/WideFieldAssembly/WideFieldAssembly.uproject" 1
"../../../../../../Users/varghesechac/code/MileH/WideFieldAssembly/Binaries/Win64/UnrealEditor.modules" 2
"../../../Engine/Plugins/AudioGameplay/AudioGameplay.uplugin" 3
"../../../Engine/Plugins/AudioInsightsRuntime/AudioInsightsRuntime.uplugin" 4
"../../../Engine/Plugins/AudioInsights/AudioInsights.uplugin" 5
"../../../Engine/Plugins/AutomationControllerRpc/AutomationControllerRpc.uplugin" 6
"../../../Engine/Plugins/BlueprintFileUtils/BlueprintFileUtils.uplugin" 7
"../../../Engine/Plugins/BaseMaterial/BaseMaterial.uplugin" 8
"../../../Engine/Plugins/ChaosClothAsset/ChaosClothAsset.uplugin" 9
"../../../Engine/Plugins/ChaosClothAssetDataflowNodes/ChaosClothAssetDataflowNodes.uplugin" 10
"../../../Engine/Plugins/ChaosCloth/ChaosCloth.uplugin" 11
"../../../Engine/Plugins/ChaosClothAssetEditorCore/ChaosClothAssetEditorCore.uplugin" 12
"../../../Engine/Plugins/Bridge/Bridge.uplugin" 13
"../../../Engine/Plugins/ChaosClothAssetUsdDataflowNodes/ChaosClothAssetUsdDataflowNodes.uplugin" 14
"../../../Engine/Plugins/Chooser/Chooser.uplugin" 15
"../../../Engine/Plugins/CmdLinkServer/CmdLinkServer.uplugin" 16
"../../../Engine/Plugins/Dataflow/Dataflow.uplugin" 17
"../../../Engine/Plugins/DiscoveryBeaconReceiver/DiscoveryBeaconReceiver.uplugin" 18
"../../../Engine/Plugins/EnhancedInput/EnhancedInput.uplugin" 19
"../../../Engine/Plugins/ChaosVD/ChaosVD.uplugin" 20
"../../../Engine/Plugins/DataflowVolumetricPlugin/DataflowVolumetricPlugin.uplugin" 21
"../../../Engine/Plugins/IoStoreInsights/IoStoreInsights.uplugin" 22
"../../../Engine/Plugins/FastBuildController/FastBuildController.uplugin" 23
"../../../Engine/Plugins/ChaosOutfitAsset/ChaosOutfitAsset.uplugin" 24
"../../../Engine/Plugins/MassInsights/MassInsights.uplugin" 25
"../../../Engine/Plugins/MeshPainting/MeshPainting.uplugin" 26
"../../../Engine/Plugins/PCG/PCG.uplugin" 27
"../../../Engine/Plugins/GameInputWindows/GameInputWindows.uplugin" 28
"../../../Engine/Plugins/ChaosInsights/ChaosInsights.uplugin" 29
"../../../Engine/Plugins/Fab/Fab.uplugin" 30
"../../../Engine/Plugins/RPCBase/RPCBase.uplugin" 31
"../../../Engine/Plugins/RenderTraceInsights/RenderTraceInsights.uplugin" 32
"../../../Engine/Plugins/DerivedDataBuildController/DerivedDataBuildController.uplugin" 33
"../../../Engine/Plugins/ScriptPlugin/ScriptPlugin.uplugin" 34
"../../../Engine/Plugins/SubtitlesAndClosedCaptions/SubtitlesAndClosedCaptions.uplugin" 35
"../../../Engine/Plugins/LightWeightInstancesEditor/LightWeightInstancesEditor.uplugin" 36
"../../../Engine/Plugins/WorldMetrics/WorldMetrics.uplugin" 37
"../../../Engine/Plugins/TraceUtilities/TraceUtilities.uplugin" 38
"../../../Engine/Plugins/WorldStreamingInsights/WorldStreamingInsights.uplugin" 39
"../../../Engine/Plugins/Mutable/Mutable.uplugin" 40
"../../../Engine/Plugins/XGEController/XGEController.uplugin" 41
"../../../Engine/Plugins/MemoryUsageQueries/MemoryUsageQueries.uplugin" 42
"../../../Engine/Plugins/AI/AISupport/AISupport.uplugin" 43
"../../../Engine/Plugins/AI/MassCrowd/MassCrowd.uplugin" 44
"../../../Engine/Plugins/RenderGraphInsights/RenderGraphInsights.uplugin" 45
"../../../Engine/Plugins/TextureGraph/TextureGraph.uplugin" 46
"../../../Engine/Plugins/JsonBlueprintUtilities/JsonBlueprintUtilities.uplugin" 47
"../../../Engine/Plugins/Compression/OodleNetwork/OodleNetwork.uplugin" 48
"../../../Engine/Plugins/AI/EnvironmentQueryEditor/EnvironmentQueryEditor.uplugin" 49
"../../../Engine/Plugins/Developer/FieldNotificationTrace/FieldNotificationTrace.uplugin" 50
"../../../Engine/Plugins/Developer/DirectoryPlaceholder/DirectoryPlaceholder.uplugin" 51
"../../../Engine/Plugins/AudioModulationInsights/AudioModulationInsights.uplugin" 52
"../../../Engine/Plugins/Developer/DumpGPUServices/DumpGPUServices.uplugin" 53
"../../../Engine/Plugins/Developer/GitSourceControl/GitSourceControl.uplugin" 54
"../../../Engine/Plugins/Developer/N10XSourceCodeAccess/N10XSourceCodeAccess.uplugin" 55
"../../../Engine/Plugins/Developer/NullSourceCodeAccess/NullSourceCodeAccess.uplugin" 56
"../../../Engine/Plugins/Developer/AnimationSharing/AnimationSharing.uplugin" 57
"../../../Engine/Plugins/UbaController/UbaController.uplugin" 58
"../../../Engine/Plugins/Developer/OneSkyLocalizationService/OneSkyLocalizationService.uplugin" 59
"../../../Engine/Plugins/AI/MLAdapter/MLAdapter.uplugin" 60
"../../../Engine/Plugins/Developer/PixWinPlugin/PixWinPlugin.uplugin" 61
"../../../Engine/Plugins/Developer/CodeLiteSourceCodeAccess/CodeLiteSourceCodeAccess.uplugin" 62
"../../../Engine/Plugins/AI/HTNPlanner/HTNPlanner.uplugin" 63
"../../../Engine/Plugins/Developer/PropertyAccessNode/PropertyAccessNode.uplugin" 64
"../../../Engine/Plugins/Developer/GPUReshape/GPUReshape.uplugin" 65
"../../../Engine/Plugins/Developer/RiderSourceCodeAccess/RiderSourceCodeAccess.uplugin" 66
"../../../Engine/Plugins/AudioGameplayVolume/AudioGameplayVolume.uplugin" 67
"../../../Engine/Plugins/Developer/ProjectLauncher/ProjectLauncher.uplugin" 68
"../../../Engine/Plugins/Developer/ShaderToolkit/ShaderToolkit.uplugin" 69
"../../../Engine/Plugins/Developer/TextureFormatOodle/TextureFormatOodle.uplugin" 70
"../../../Engine/Plugins/Developer/TraceSourceFiltering/TraceSourceFilters.uplugin" 71
"../../../Engine/Plugins/Developer/UObjectPlugin/UObjectPlugin.uplugin" 72
"../../../Engine/Plugins/Developer/NamingTokens/NamingTokens.uplugin" 73
"../../../Engine/Plugins/Developer/XCodeSourceCodeAccess/XCodeSourceCodeAccess.uplugin" 74
"../../../Engine/Plugins/Developer/PerforceSourceControl/PerforceSourceControl.uplugin" 75
"../../../Engine/Plugins/Developer/VisualStudioSourceCodeAccess/VisualStudioSourceCodeAccess.uplugin" 76
"../../../Engine/Plugins/Developer/XcodeGPUDebuggerPlugin/XcodeGPUDebuggerPlugin.uplugin" 77
"../../../Engine/Plugins/Enterprise/DataprepEditor/DataprepEditor.uplugin" 78
"../../../Engine/Plugins/Enterprise/AxFImporter/AxFImporter.uplugin" 79
"../../../Engine/Plugins/Enterprise/DatasmithC4DImporter/DatasmithC4DImporter.uplugin" 80
"../../../Engine/Plugins/Enterprise/DatasmithContent/DatasmithContent.uplugin" 81
"../../../Engine/Plugins/Developer/PlasticSourceControl/PlasticSourceControl.uplugin" 82
"../../../Engine/Plugins/Enterprise/DatasmithCADImporter/DatasmithCADImporter.uplugin" 83
"../../../Engine/Plugins/Enterprise/LidarPointCloud/LidarPointCloud.uplugin" 84
"../../../Engine/Plugins/Enterprise/GLTFExporter/GLTFExporter.uplugin" 85
"../../../Engine/Plugins/Enterprise/DatasmithImporter/DatasmithImporter.uplugin" 86
"../../../Engine/Plugins/Developer/BlankPlugin/BlankPlugin.uplugin" 87
"../../../Engine/Plugins/FX/CascadeToNiagaraConverter/CascadeToNiagaraConverter.uplugin" 88
"../../../Engine/Plugins/Enterprise/MDLImporter/MDLImporter.uplugin" 89
"../../../Engine/Plugins/AI/MassAI/MassAI.uplugin" 90
"../../../Engine/Plugins/FX/Cascade/Cascade.uplugin" 91
"../../../Engine/Plugins/FX/ExampleCustomDataInterface/ExampleCustomDataInterface.uplugin" 92
"../../../Engine/Plugins/Developer/KDevelopSourceCodeAccess/KDevelopSourceCodeAccess.uplugin" 93
"../../../Engine/Plugins/FX/NiagaraInsights/NiagaraInsights.uplugin" 94
"../../../Engine/Plugins/Developer/SubversionSourceControl/SubversionSourceControl.uplugin" 95
"../../../Engine/Plugins/FX/NiagaraFluids/NiagaraFluids.uplugin" 96
"../../../Engine/Plugins/FX/NiagaraMRQ/NiagaraMRQ.uplugin" 97
"../../../Engine/Plugins/Developer/VisualStudioCodeSourceCodeAccess/VisualStudioCodeSourceCodeAccess.uplugin" 98
"../../../Engine/Plugins/FX/NiagaraSimCaching/NiagaraSimCaching.uplugin" 99
"../../../Engine/Plugins/Enterprise/VariantManager/VariantManager.uplugin" 100
"../../../Engine/Plugins/FX/NiagaraUIRenderer/NiagaraUIRenderer.uplugin" 101
"../../../Engine/Plugins/Enterprise/DatasmithFBXImporter/DatasmithFBXImporter.uplugin" 102
"../../../Engine/Plugins/Importers/AlembicImporter/AlembicImporter.uplugin" 103
"../../../Engine/Plugins/ChaosClothAssetEditor/ChaosClothAssetEditor.uplugin" 104
"../../../Engine/Plugins/Developer/RenderDocPlugin/RenderDocPlugin.uplugin" 105
"../../../Engine/Plugins/Protocols/MQTT/MQTT.uplugin" 106
"../../../Engine/Plugins/Developer/PluginUtils/PluginUtils.uplugin" 107
"../../../Engine/Plugins/FX/NiagaraPreviewContent/NiagaraPreviewContent.uplugin" 108
"../../../Engine/Plugins/Importers/USDImporter/USDImporter.uplugin" 109
"../../../Engine/Plugins/Runtime/ActorLayerUtilities/ActorLayerUtilities.uplugin" 110
"../../../Engine/Plugins/Runtime/AndroidFileServer/AndroidFileServer.uplugin" 111
"../../../Engine/Plugins/FX/Niagara/Niagara.uplugin" 112
"../../../Engine/Plugins/Developer/CLionSourceCodeAccess/CLionSourceCodeAccess.uplugin" 113
"../../../Engine/Plugins/Runtime/AndroidMoviePlayer/AndroidMoviePlayer.uplugin" 114
"../../../Engine/Plugins/Runtime/AndroidPermission/AndroidPermission.uplugin" 115
"../../../Engine/Plugins/Importers/USDImporterMDL/USDImporterMDL.uplugin" 116
"../../../Engine/Plugins/Runtime/ArchVisCharacter/ArchVisCharacter.uplugin" 117
"../../../Engine/Plugins/Runtime/ADM/ADM.uplugin" 118
"../../../Engine/Plugins/Enterprise/VariantManagerContent/VariantManagerContent.uplugin" 119
"../../../Engine/Plugins/Runtime/AndroidDeviceProfileSelector/AndroidDeviceProfileSelector.uplugin" 120
"../../../Engine/Plugins/Runtime/AudioCapture/AudioCapture.uplugin" 121
"../../../Engine/Plugins/Runtime/AndroidBackgroundService/AndroidBackgroundService.uplugin" 122
"../../../Engine/Plugins/Runtime/AudioMotorSim/AudioMotorSim.uplugin" 123
"../../../Engine/Plugins/Runtime/AudioSynesthesia/AudioSynesthesia.uplugin" 124
"../../../Engine/Plugins/Runtime/CableComponent/CableComponent.uplugin" 125
"../../../Engine/Plugins/Runtime/CelestialVault/CelestialVault.uplugin" 126
"../../../Engine/Plugins/Importers/USDMultiUser/USDMultiUser.uplugin" 127
"../../../Engine/Plugins/Runtime/CommonUI/CommonUI.uplugin" 128
"../../../Engine/Plugins/Runtime/ComputeFramework/ComputeFramework.uplugin" 129
"../../../Engine/Plugins/Runtime/AppleMoviePlayer/AppleMoviePlayer.uplugin" 130
"../../../Engine/Plugins/Runtime/ExampleDeviceProfileSelector/ExampleDeviceProfileSelector.uplugin" 131
"../../../Engine/Plugins/FX/NiagaraNanite/NiagaraNanite.uplugin" 132
"../../../Engine/Plugins/Runtime/ExternalGPUStatistics/ExternalGPUStatistics.uplugin" 133
"../../../Engine/Plugins/Runtime/Firebase/Firebase.uplugin" 134
"../../../Engine/Plugins/Importers/AlembicHairImporter/AlembicHairImporter.uplugin" 135
"../../../Engine/Plugins/Runtime/GameFeatures/GameFeatures.uplugin" 136
"../../../Engine/Plugins/Runtime/AudioModulation/AudioModulation.uplugin" 137
"../../../Engine/Plugins/Runtime/ChunkDownloader/ChunkDownloader.uplugin" 138
"../../../Engine/Plugins/Runtime/AnimationBudgetAllocator/AnimationBudgetAllocator.uplugin" 139
"../../../Engine/Plugins/Runtime/ApexDestruction/ApexDestruction.uplugin" 140
"../../../Engine/Plugins/Runtime/GameplayAbilities/GameplayAbilities.uplugin" 141
"../../../Engine/Plugins/Runtime/GoogleCloudMessaging/GoogleCloudMessaging.uplugin" 142
"../../../Engine/Plugins/Runtime/GeometryScripting/GeometryScripting.uplugin" 143
"../../../Engine/Plugins/Runtime/GeometryProcessing/GeometryProcessing.uplugin" 144
"../../../Engine/Plugins/Runtime/GooglePAD/GooglePAD.uplugin" 145
"../../../Engine/Plugins/Runtime/HairStrands/HairStrands.uplugin" 146
"../../../Engine/Plugins/Runtime/AssetTags/AssetTags.uplugin" 147
"../../../Engine/Plugins/Runtime/AppleImageUtils/AppleImageUtils.uplugin" 148
"../../../Engine/Plugins/Runtime/HDRIBackdrop/HDRIBackdrop.uplugin" 149
"../../../Engine/Plugins/Runtime/Harmonix/Harmonix.uplugin" 150
"../../../Engine/Plugins/Runtime/GameplayInteractions/GameplayInteractions.uplugin" 151
"../../../Engine/Plugins/Runtime/InstancedActors/InstancedActors.uplugin" 152
"../../../Engine/Plugins/Runtime/GameplayBehaviorSmartObjects/GameplayBehaviorSmartObjects.uplugin" 153
"../../../Engine/Plugins/Runtime/CustomMeshComponent/CustomMeshComponent.uplugin" 154
"../../../Engine/Plugins/Runtime/InputDebugging/InputDebugging.uplugin" 155
"../../../Engine/Plugins/Runtime/GameInput/GameInput.uplugin" 156
"../../../Engine/Plugins/Runtime/IOSDeviceProfileSelector/IOSDeviceProfileSelector.uplugin" 157
"../../../Engine/Plugins/Runtime/LinuxDeviceProfileSelector/LinuxDeviceProfileSelector.uplugin" 158
"../../../Engine/Plugins/Runtime/LocationServicesBPLibrary/LocationServicesBPLibrary.uplugin" 159
"../../../Engine/Plugins/Runtime/MassGameplay/MassGameplay.uplugin" 160
"../../../Engine/Plugins/Runtime/LocationServicesAndroidImpl/LocationServicesAndroidImpl.uplugin" 161
"../../../Engine/Plugins/Runtime/Metasound/Metasound.uplugin" 162
"../../../Engine/Plugins/Runtime/AudioWidgets/AudioWidgets.uplugin" 163
"../../../Engine/Plugins/Runtime/LevelStreamingPersistence/LevelStreamingPersistence.uplugin" 164
"../../../Engine/Plugins/Runtime/MicrosoftSpatialAudio/MicroSoftSpatialSound.uplugin" 165
"../../../Engine/Plugins/Runtime/GeoReferencing/GeoReferencing.uplugin" 166
"../../../Engine/Plugins/Runtime/MobilePatchingUtils/MobilePatchingUtils.uplugin" 167
"../../../Engine/Plugins/Runtime/LocationServicesIOSImpl/LocationServicesIOSImpl.uplugin" 168
"../../../Engine/Plugins/Runtime/ModularViewports/ModularViewports.uplugin" 169
"../../../Engine/Plugins/Runtime/HTTPChunkInstaller/HTTPChunkInstaller.uplugin" 170
"../../../Engine/Plugins/Runtime/MsQuic/MsQuic.uplugin" 171
"../../../Engine/Plugins/Runtime/IOSReplayKit/IOSReplayKit.uplugin" 172
"../../../Engine/Plugins/Runtime/NavCorridor/NavCorridor.uplugin" 173
"../../../Engine/Plugins/Runtime/nDisplay/nDisplay.uplugin" 174
"../../../Engine/Plugins/Runtime/DataRegistry/DataRegistry.uplugin" 175
"../../../Engine/Plugins/Runtime/ModularGameplay/ModularGameplay.uplugin" 176
"../../../Engine/Plugins/Runtime/GameplayStateTree/GameplayStateTree.uplugin" 177
"../../../Engine/Plugins/Runtime/NetworkPredictionExtras/NetworkPredictionExtras.uplugin" 178
"../../../Engine/Plugins/Runtime/MIDIDevice/MIDIDevice.uplugin" 179
"../../../Engine/Plugins/Runtime/MeshModelingToolset/MeshModelingToolset.uplugin" 180
"../../../Engine/Plugins/Runtime/OpenXRMsftHandInteraction/OpenXRMsftHandInteraction.uplugin" 181
"../../../Engine/Plugins/Runtime/MixedRealityCaptureFramework/MixedRealityCaptureFramework.uplugin" 182
"../../../Engine/Plugins/Runtime/ModelViewViewModel/ModelViewViewModel.uplugin" 183
"../../../Engine/Plugins/Runtime/MultiServerReplication/MultiServerReplication.uplugin" 184
"../../../Engine/Plugins/Runtime/LiveLinkOvernDisplay/LiveLinkOverNDisplay.uplugin" 185
"../../../Engine/Plugins/Runtime/OptionalMobileFeaturesBPLibrary/OptionalMobileFeaturesBPLibrary.uplugin" 186
"../../../Engine/Plugins/Runtime/nDisplayModularFeatures/nDisplayModularFeatures.uplugin" 187
"../../../Engine/Plugins/Runtime/GeometryCache/GeometryCache.uplugin" 188
"../../../Engine/Plugins/Runtime/OpenXRViveTracker/OpenXRViveTracker.uplugin" 189
"../../../Engine/Plugins/Runtime/PropertyBindingUtils/PropertyBindingUtils.uplugin" 190
"../../../Engine/Plugins/Runtime/NetworkPredictionInsights/NetworkPredictionInsights.uplugin" 191
"../../../Engine/Plugins/Runtime/ProceduralMeshComponent/ProceduralMeshComponent.uplugin" 192
"../../../Engine/Plugins/Runtime/NetworkPrediction/NetworkPrediction.uplugin" 193
"../../../Engine/Plugins/Runtime/OpenCV/OpenCV.uplugin" 194
"../../../Engine/Plugins/Runtime/ResonanceAudio/ResonanceAudio.uplugin" 195
"../../../Engine/Plugins/Runtime/ReplicationSystemTestPlugin/ReplicationSystemTestPlugin.uplugin" 196
"../../../Engine/Plugins/Runtime/OpenXR/OpenXR.uplugin" 197
"../../../Engine/Plugins/Runtime/SignificanceManager/SignificanceManager.uplugin" 198
"../../../Engine/Plugins/Runtime/HPMotionController/HPMotionController.uplugin" 199
"../../../Engine/Plugins/Runtime/ScriptableToolsFramework/ScriptableToolsFramework.uplugin" 200
"../../../Engine/Plugins/Runtime/SkeletalMerging/SkeletalMerging.uplugin" 201
"../../../Engine/Plugins/Runtime/PreLoadScreenMoviePlayer/PreLoadScreenMoviePlayer.uplugin" 202
"../../../Engine/Plugins/Runtime/SmartObjects/SmartObjects.uplugin" 203
"../../../Engine/Plugins/Runtime/SoundCueTemplates/SoundCueTemplates.uplugin" 204
"../../../Engine/Plugins/Runtime/Soundscape/Soundscape.uplugin" 205
"../../../Engine/Plugins/Runtime/MusicEnvironment/MusicEnvironment.uplugin" 206
"../../../Engine/Plugins/Runtime/SoundMod/SoundMod.uplugin" 207
"../../../Engine/Plugins/Runtime/PICOController/PICOController.uplugin" 208
"../../../Engine/Plugins/Runtime/Synthesis/Synthesis.uplugin" 209
"../../../Engine/Plugins/Runtime/ReplicationGraph/ReplicationGraph.uplugin" 210
"../../../Engine/Plugins/Runtime/WaveTable/WaveTable.uplugin" 211
"../../../Engine/Plugins/Runtime/RigVM/RigVM.uplugin" 212
"../../../Engine/Plugins/Runtime/WebBrowserWidget/WebBrowserWidget.uplugin" 213
"../../../Engine/Plugins/Runtime/OpenXREyeTracker/OpenXREyeTracker.uplugin" 214
"../../../Engine/Plugins/Runtime/OpenXRHandTracking/OpenXRHandTracking.uplugin" 215
"../../../Engine/Plugins/Runtime/WebBrowserNativeProxy/WebBrowserNativeProxy.uplugin" 216
"../../../Engine/Plugins/Runtime/USDCore/USDCore.uplugin" 217
"../../../Engine/Plugins/Runtime/WarpUtils/WarpUtils.uplugin" 218
"../../../Engine/Plugins/Runtime/WorldConditions/WorldConditions.uplugin" 219
"../../../Engine/Plugins/Runtime/XRBase/XRBase.uplugin" 220
"../../../Engine/Plugins/Runtime/PropertyAccess/PropertyAccessEditor.uplugin" 221
"../../../Engine/Plugins/Animation/ACLPlugin/ACLPlugin.uplugin" 222
"../../../Engine/Plugins/Runtime/WindowsDeviceProfileSelector/WindowsDeviceProfileSelector.uplugin" 223
"../../../Engine/Plugins/Runtime/ZoneGraphAnnotations/ZoneGraphAnnotations.uplugin" 224
"../../../Engine/Plugins/Animation/AnimationWarping/AnimationWarping.uplugin" 225
"../../../Engine/Plugins/Runtime/StateTree/StateTree.uplugin" 226
"../../../Engine/Plugins/Animation/AnimationModifierLibrary/AnimationModifierLibrary.uplugin" 227
"../../../Engine/Plugins/Runtime/SunPosition/SunPosition.uplugin" 228
"../../../Engine/Plugins/Runtime/ZoneGraph/ZoneGraph.uplugin" 229
"../../../Engine/Plugins/Runtime/OSC/OSC.uplugin" 230
"../../../Engine/Plugins/Runtime/WindowsMoviePlayer/WindowsMoviePlayer.uplugin" 231
"../../../Engine/Plugins/Animation/ControlRigModules/ControlRigModules.uplugin" 232
"../../../Engine/Plugins/Runtime/RenderTrace/RenderTrace.uplugin" 233
"../../../Engine/Plugins/Animation/DNACalib/DNACalib.uplugin" 234
"../../../Engine/Plugins/Animation/BlendStack/BlendStack.uplugin" 235
"../../../Engine/Plugins/Animation/EaseCurveTool/EaseCurveTool.uplugin" 236
"../../../Engine/Plugins/Animation/GeneSplicer/GeneSplicer.uplugin" 237
"../../../Engine/Plugins/Animation/AnimationData/AnimationData.uplugin" 238
"../../../Engine/Plugins/Animation/IKRig/IKRig.uplugin" 239
"../../../Engine/Plugins/Animation/LiveLinkExampleDevice/LiveLinkExampleDevice.uplugin" 240
"../../../Engine/Plugins/Runtime/WebMMoviePlayer/WebMMoviePlayer.uplugin" 241
"../../../Engine/Plugins/Animation/LiveLinkDevice/LiveLinkDevice.uplugin" 242
"../../../Engine/Plugins/Animation/PerformanceCaptureCore/PerformanceCaptureCore.uplugin" 243
"../../../Engine/Plugins/Animation/BlendSpaceMotionAnalysis/BlendSpaceMotionAnalysis.uplugin" 244
"../../../Engine/Plugins/Animation/PoseSearch/PoseSearch.uplugin" 245
"../../../Engine/Plugins/Animation/AnimationLocomotionLibrary/AnimationLocomotionLibrary.uplugin" 246
"../../../Engine/Plugins/Animation/MotionWarping/MotionWarping.uplugin" 247
"../../../Engine/Plugins/Animation/AnimatorKit/AnimatorKit.uplugin" 248
"../../../Engine/Plugins/Animation/DeformerGraph/DeformerGraph.uplugin" 249
"../../../Engine/Plugins/Animation/RigLogic/RigLogic.uplugin" 250
"../../../Engine/Plugins/Animation/SkeletalMeshModelingTools/SkeletalMeshModelingTools.uplugin" 251
"../../../Engine/Plugins/Animation/PhysicsControl/PhysicsControl.uplugin" 252
"../../../Engine/Plugins/Experimental/ActorPalette/ActorPalette.uplugin" 253
"../../../Engine/Plugins/Runtime/Spatialization/Spatialization.uplugin" 254
"../../../Engine/Plugins/Animation/ControlRig/ControlRig.uplugin" 255
"../../../Engine/Plugins/Animation/LiveLinkHub/LiveLinkHub.uplugin" 256
"../../../Engine/Plugins/Animation/LiveLinkCurveDebugUI/LiveLinkCurveDebugUI.uplugin" 257
"../../../Engine/Plugins/Runtime/SoundFields/SoundFields.uplugin" 258
"../../../Engine/Plugins/Experimental/AnimToTexture/AnimToTexture.uplugin" 259
"../../../Engine/Plugins/Experimental/AudioProperties/AudioProperties.uplugin" 260
"../../../Engine/Plugins/Animation/LiveLinkGenericRecordingDevice/LiveLinkGenericRecordingDevice.uplugin" 261
"../../../Engine/Plugins/Animation/GameplayInsights/GameplayInsights.uplugin" 262
"../../../Engine/Plugins/Experimental/AIAssistant/AIAssistant.uplugin" 263
"../../../Engine/Plugins/Animation/ControlRigSpline/ControlRigSpline.uplugin" 264
"../../../Engine/Plugins/Experimental/Buoyancy/Buoyancy.uplugin" 265
"../../../Engine/Plugins/Runtime/SoundUtilities/SoundUtilities.uplugin" 266
"../../../Engine/Plugins/Experimental/AdvancedRenamer/AdvancedRenamer.uplugin" 267
"../../../Engine/Plugins/Experimental/AbilitySystemGameFeatureActions/AbilitySystemGameFeatureActions.uplugin" 268
"../../../Engine/Plugins/Experimental/BackChannel/BackChannel.uplugin" 269
"../../../Engine/Plugins/Experimental/ChaosCaching/ChaosCaching.uplugin" 270
"../../../Engine/Plugins/Experimental/BlueprintSnapNodes/BlueprintSnapNodes.uplugin" 271
"../../../Engine/Plugins/Experimental/AsyncMessageSystemTests/AsyncMessageSystemTests.uplugin" 272
"../../../Engine/Plugins/Experimental/AvalancheSequenceNavigator/AvalancheSequenceNavigator.uplugin" 273
"../../../Engine/Plugins/Animation/LiveLink/LiveLink.uplugin" 274
"../../../Engine/Plugins/Experimental/AvalancheDisplayCluster/AvalancheDisplayCluster.uplugin" 275
"../../../Engine/Plugins/Experimental/AsyncMessageSystem/AsyncMessageSystem.uplugin" 276
"../../../Engine/Plugins/Experimental/ChaosRigidAsset/ChaosRigidAsset.uplugin" 277
"../../../Engine/Plugins/Experimental/ChaosSolverPlugin/ChaosSolverPlugin.uplugin" 278
"../../../Engine/Plugins/Experimental/ChaosVehiclesPlugin/ChaosVehiclesPlugin.uplugin" 279
"../../../Engine/Plugins/Experimental/ChaosCachingUSD/ChaosCachingUSD.uplugin" 280
"../../../Engine/Plugins/Experimental/AutomationUtils/AutomationUtils.uplugin" 281
"../../../Engine/Plugins/Experimental/ChaosEditor/ChaosEditor.uplugin" 282
"../../../Engine/Plugins/Experimental/CharacterAI/CharacterAI.uplugin" 283
"../../../Engine/Plugins/Animation/LiveLinkUnrealDevice/LiveLinkUnrealDevice.uplugin" 284
"../../../Engine/Plugins/Experimental/CineCameraRigs/CineCameraRigs.uplugin" 285
"../../../Engine/Plugins/Experimental/CineCameraSceneCapture/CineCameraSceneCapture.uplugin" 286
"../../../Engine/Plugins/Experimental/ChaosDataflowSolver/ChaosDataflowSolver.uplugin" 287
"../../../Engine/Plugins/Experimental/ChaosModularVehicleExamples/ChaosModularVehicleExamples.uplugin" 288
"../../../Engine/Plugins/Experimental/CinematicSequenceNavigator/CinematicSequenceNavigator.uplugin" 289
"../../../Engine/Plugins/Experimental/ChaosClothEditor/ChaosClothEditor.uplugin" 290
"../../../Engine/Plugins/Experimental/CodeEditor/CodeEditor.uplugin" 291
"../../../Engine/Plugins/Experimental/CommonConversation/CommonConversation.uplugin" 292
"../../../Engine/Plugins/Experimental/ChaosFlesh/ChaosFlesh.uplugin" 293
"../../../Engine/Plugins/Experimental/ColorCorrectRegions/ColorCorrectRegions.uplugin" 294
"../../../Engine/Plugins/Experimental/CodeView/CodeView.uplugin" 295
"../../../Engine/Plugins/Animation/TweeningUtils/TweeningUtils.uplugin" 296
"../../../Engine/Plugins/Experimental/DefaultInstallBundleManager/DefaultInstallBundleManager.uplugin" 297
"../../../Engine/Plugins/Experimental/ChaosRigidPhysicsAsync/ChaosRigidPhysicsAsync.uplugin" 298
"../../../Engine/Plugins/Experimental/BlueprintStats/BlueprintStats.uplugin" 299
"../../../Engine/Plugins/Experimental/DrawDebugLibrary/DrawDebugLibrary.uplugin" 300
"../../../Engine/Plugins/Experimental/ChaosModularVehicle/ChaosModularVehicle.uplugin" 301
"../../../Engine/Plugins/Experimental/EditorDataStorage/EditorDataStorage.uplugin" 302
"../../../Engine/Plugins/Experimental/ControlFlows/ControlFlows.uplugin" 303
"../../../Engine/Plugins/Experimental/DynamicMaterialMediaStreamBridge/DynamicMaterialMediaStreamBridge.uplugin" 304
"../../../Engine/Plugins/Experimental/ControlRigPhysics/ControlRigPhysics.uplugin" 305
"../../../Engine/Plugins/Experimental/EvaluationNotifies/EvaluationNotifies.uplugin" 306
"../../../Engine/Plugins/Experimental/ControlRigDynamics/ControlRigDynamics.uplugin" 307
"../../../Engine/Plugins/Experimental/Fracture/Fracture.uplugin" 308
"../../../Engine/Plugins/Experimental/ChaosMover/ChaosMover.uplugin" 309
"../../../Engine/Plugins/Experimental/DaySequence/DaySequence.uplugin" 310
"../../../Engine/Plugins/Experimental/FullBodyIK/FullBodyIK.uplugin" 311
"../../../Engine/Plugins/Experimental/FastGeoStreaming/FastGeoStreaming.uplugin" 312
"../../../Engine/Plugins/Experimental/EditorDataStorageFeatures/EditorDataStorageFeatures.uplugin" 313
"../../../Engine/Plugins/Experimental/DynamicWind/DynamicWind.uplugin" 314
"../../../Engine/Plugins/Experimental/Gauntlet/Gauntlet.uplugin" 315
"../../../Engine/Plugins/Experimental/ChaosNiagara/ChaosNiagara.uplugin" 316
"../../../Engine/Plugins/Experimental/GeometryCacheAbcFile/GeometryCacheAbcFile.uplugin" 317
"../../../Engine/Plugins/Experimental/GeometryFlow/GeometryFlow.uplugin" 318
"../../../Engine/Plugins/Experimental/FloatingProperties/FloatingProperties.uplugin" 319
"../../../Engine/Plugins/Experimental/GeometryCacheLevelSequenceBaker/GeometryCacheLevelSequenceBaker.uplugin" 320
"../../../Engine/Plugins/Experimental/EditorTelemetry/EditorTelemetry.uplugin" 321
"../../../Engine/Plugins/Experimental/GeometryCollectionPlugin/GeometryCollectionPlugin.uplugin" 322
"../../../Engine/Plugins/Experimental/EditorPerformance/EditorPerformance.uplugin" 323
"../../../Engine/Plugins/Experimental/HairModelingToolset/HairModelingToolset.uplugin" 324
"../../../Engine/Plugins/Experimental/ChaosUserDataPT/ChaosUserDataPT.uplugin" 325
"../../../Engine/Plugins/Experimental/HttpInsights/HttpInsights.uplugin" 326
"../../../Engine/Plugins/Experimental/FieldSystemPlugin/FieldSystemPlugin.uplugin" 327
"../../../Engine/Plugins/Experimental/ImpostorBaker/ImpostorBaker.uplugin" 328
"../../../Engine/Plugins/Experimental/EditorTRSGizmo/EditorTRSGizmo.uplugin" 329
"../../../Engine/Plugins/Experimental/GameplayBehaviors/GameplayBehaviors.uplugin" 330
"../../../Engine/Plugins/Experimental/GameplayGraph/GameplayGraph.uplugin" 331
"../../../Engine/Plugins/Experimental/LiveLinkControlRig/LiveLinkControlRig.uplugin" 332
"../../../Engine/Plugins/Experimental/InlineMaterialInstance/InlineMaterialInstance.uplugin" 333
"../../../Engine/Plugins/Experimental/Iris/Iris.uplugin" 334
"../../../Engine/Plugins/Experimental/LiveLinkFaceImporter/LiveLinkFaceImporter.uplugin" 335
"../../../Engine/Plugins/Experimental/GlobalConfigurationData/GlobalConfigurationData.uplugin" 336
"../../../Engine/Plugins/Experimental/GPULightmass/GPULightmass.uplugin" 337
"../../../Engine/Plugins/Experimental/GizmoFramework/GizmoFramework.uplugin" 338
"../../../Engine/Plugins/Experimental/LearningAgents/LearningAgents.uplugin" 339
"../../../Engine/Plugins/Experimental/HairCardGenerator/HairCardGenerator.uplugin" 340
"../../../Engine/Plugins/Experimental/GeometryDataflow/GeometryDataflow.uplugin" 341
"../../../Engine/Plugins/Experimental/MediaStream/MediaStream.uplugin" 342
"../../../Engine/Plugins/Experimental/Landmass/Landmass.uplugin" 343
"../../../Engine/Plugins/Experimental/LowLevelNetTrace/LowLevelNetTrace.uplugin" 344
"../../../Engine/Plugins/Experimental/MeshPartition/MeshPartition.uplugin" 345
"../../../Engine/Plugins/Experimental/InteractionInterface/InteractionInterface.uplugin" 346
"../../../Engine/Plugins/Experimental/ImagePlate/ImagePlate.uplugin" 347
"../../../Engine/Plugins/Experimental/MessageBusTester/MessageBusTester.uplugin" 348
"../../../Engine/Plugins/Experimental/LevelSequenceNavigatorBridge/LevelSequenceNavigatorBridge.uplugin" 349
"../../../Engine/Plugins/Experimental/InstanceDataObjectFixupTool/InstanceDataObjectFixupTool.uplugin" 350
"../../../Engine/Plugins/Experimental/MetasoundExperimental/MetasoundExperimental.uplugin" 351
"../../../Engine/Plugins/Experimental/LiveLinkOpenVR/LiveLinkOpenVR.uplugin" 352
"../../../Engine/Plugins/Experimental/MeshTerrainMode/MeshTerrainMode.uplugin" 353
"../../../Engine/Plugins/Experimental/ModelContextProtocol/ModelContextProtocol.uplugin" 354
"../../../Engine/Plugins/Experimental/InEditorDocumentation/InEditorDocumentation.uplugin" 355
"../../../Engine/Plugins/Experimental/JWT/JWT.uplugin" 356
"../../../Engine/Plugins/Experimental/Mover/Mover.uplugin" 357
"../../../Engine/Plugins/Experimental/GameplayTargetingSystem/TargetingSystem.uplugin" 358
"../../../Engine/Plugins/Experimental/MoverTests/MoverTests.uplugin" 359
"../../../Engine/Plugins/Experimental/HairStrandsMutable/HairStrandsMutable.uplugin" 360
"../../../Engine/Plugins/Experimental/MeshModelingToolsetExp/MeshModelingToolsetExp.uplugin" 361
"../../../Engine/Plugins/Experimental/LearningCore/LearningCore.uplugin" 362
"../../../Engine/Plugins/Experimental/MutableAssetUserData/MutableAssetUserData.uplugin" 363
"../../../Engine/Plugins/Experimental/MoverIntegrations/MoverIntegrations.uplugin" 364
"../../../Engine/Plugins/Experimental/MovieSceneAnimMixer/MovieSceneAnimMixer.uplugin" 365
"../../../Engine/Plugins/Experimental/LocalizableMessage/LocalizableMessage.uplugin" 366
"../../../Engine/Plugins/Experimental/MutablePopulation/MutablePopulation.uplugin" 367
"../../../Engine/Plugins/Experimental/MotorSimOutputMotoSynth/MotorSimOutputMotoSynth.uplugin" 368
"../../../Engine/Plugins/Experimental/MovieScenePoseSearchTracks/MovieScenePoseSearchTracks.uplugin" 369
"../../../Engine/Plugins/Experimental/MoverAnimNext/MoverAnimNext.uplugin" 370
"../../../Engine/Plugins/Experimental/NetworkServiceDiscovery/NetworkServiceDiscovery.uplugin" 371
"../../../Engine/Plugins/Experimental/MoverExamples/MoverExamples.uplugin" 372
"../../../Engine/Plugins/Experimental/MLflow/MLflow.uplugin" 373
"../../../Engine/Plugins/Experimental/MeshPartitionWater/MeshPartitionWater.uplugin" 374
"../../../Engine/Plugins/Experimental/NaniteDisplacedMesh/NaniteDisplacedMesh.uplugin" 375
"../../../Engine/Plugins/Experimental/MutableDataflow/MutableDataflow.uplugin" 376
"../../../Engine/Plugins/Experimental/PanoramicCapture/PanoramicCapture.uplugin" 377
"../../../Engine/Plugins/Experimental/PCGMeshPartitionInterop/PCGMeshPartitionInterop.uplugin" 378
"../../../Engine/Plugins/Experimental/MutableClothing/MutableClothing.uplugin" 379
"../../../Engine/Plugins/Experimental/MeshResizing/MeshResizing.uplugin" 380
"../../../Engine/Plugins/Experimental/PCGBiomeCore/PCGBiomeCore.uplugin" 381
"../../../Engine/Plugins/Experimental/NFORDenoise/NFORDenoise.uplugin" 382
"../../../Engine/Plugins/Experimental/NNERuntimeBasicCpu/NNERuntimeBasicCpu.uplugin" 383
"../../../Engine/Plugins/Experimental/PlatformCrypto/PlatformCrypto.uplugin" 384
"../../../Engine/Plugins/Experimental/NeuralRendering/NeuralRendering.uplugin" 385
"../../../Engine/Plugins/Experimental/NNERuntimeIREE/NNERuntimeIREE.uplugin" 386
"../../../Engine/Plugins/Experimental/PlatformDLC/PlatformDLC.uplugin" 387
"../../../Engine/Plugins/Experimental/PixelStreamingPlayer/PixelStreamingPlayer.uplugin" 388
"../../../Engine/Plugins/Experimental/PlainPropsUObject/PlainPropsUObject.uplugin" 389
"../../../Engine/Plugins/Experimental/OptiXDenoise/OptiXDenoise.uplugin" 390
"../../../Engine/Plugins/Experimental/PlayerInputDebugger/PlayerInputDebugger.uplugin" 391
"../../../Engine/Plugins/Experimental/NNERuntimeCoreML/NNERuntimeCoreML.uplugin" 392
"../../../Engine/Plugins/Experimental/PostProcessMaterialChainGraph/PostProcessMaterialChainGraph.uplugin" 393
"../../../Engine/Plugins/Experimental/PluginAudit/PluginAudit.uplugin" 394
"../../../Engine/Plugins/Experimental/PCGPrimitives/PCGPrimitives.uplugin" 395
"../../../Engine/Plugins/Experimental/PSDImporter/PSDImporter.uplugin" 396
"../../../Engine/Plugins/Experimental/PCGPrimitives_MeshPartitionInterop/PCGPrimitives_MeshPartitionInterop.uplugin" 397
"../../../Engine/Plugins/Experimental/PythonFoundationPackages/PythonFoundationPackages.uplugin" 398
"../../../Engine/Plugins/Experimental/PlainProps/PlainProps.uplugin" 399
"../../../Engine/Plugins/Experimental/NNERuntimeRDG/NNERuntimeRDG.uplugin" 400
"../../../Engine/Plugins/Experimental/PCGBiomeSample/PCGBiomeSample.uplugin" 401
"../../../Engine/Plugins/Experimental/PlanarCutPlugin/PlanarCut.uplugin" 402
"../../../Engine/Plugins/Experimental/PlainPropsEngine/PlainPropsEngine.uplugin" 403
"../../../Engine/Plugins/Experimental/PythonScriptPlugin/PythonScriptPlugin.uplugin" 404
"../../../Engine/Plugins/Experimental/MutableExtensionExample/MutableExtensionExample.uplugin" 405
"../../../Engine/Plugins/Experimental/RemoteSession/RemoteSession.uplugin" 406
"../../../Engine/Plugins/Experimental/MotoSynth/MotoSynth.uplugin" 407
"../../../Engine/Plugins/Experimental/PluginTemplateTool/PluginTemplateTool.uplugin" 408
"../../../Engine/Plugins/Experimental/ProceduralVegetationEditor/ProceduralVegetationEditor.uplugin" 409
"../../../Engine/Plugins/Experimental/Shotgrid/Shotgrid.uplugin" 410
"../../../Engine/Plugins/Experimental/SerializationUtils/SerializationUtils.uplugin" 411
"../../../Engine/Plugins/Experimental/NaniteAssemblyEditorUtils/NaniteAssemblyEditorUtils.uplugin" 412
"../../../Engine/Plugins/Experimental/RawInput/RawInput.uplugin" 413
"../../../Engine/Plugins/Experimental/QuicMessaging/QuicMessaging.uplugin" 414
"../../../Engine/Plugins/Experimental/PSDImporterMaterialDesignerBridge/PSDImporterMaterialDesignerBridge.uplugin" 415
"../../../Engine/Plugins/Experimental/SpatialReadiness/SpatialReadiness.uplugin" 416
"../../../Engine/Plugins/Experimental/SlateModelViewViewModel/SlateModelViewViewModel.uplugin" 417
"../../../Engine/Plugins/Experimental/SequenceNavigator/SequenceNavigator.uplugin" 418
"../../../Engine/Plugins/Experimental/SlateScreenReader/SlateScreenReader.uplugin" 419
"../../../Engine/Plugins/Experimental/TechAudioTools/TechAudioTools.uplugin" 420
"../../../Engine/Plugins/Experimental/RuntimeTelemetry/RuntimeTelemetry.uplugin" 421
"../../../Engine/Plugins/Experimental/OpenImageDenoise/OpenImageDenoise.uplugin" 422
"../../../Engine/Plugins/Experimental/SemanticSearch/SemanticSearch.uplugin" 423
"../../../Engine/Plugins/Experimental/PythonMLPackages/PythonMLPackages.uplugin" 424
"../../../Engine/Plugins/Experimental/Tensorboard/Tensorboard.uplugin" 425
"../../../Engine/Plugins/Experimental/RemoteControlComponents/RemoteControlComponents.uplugin" 426
"../../../Engine/Plugins/Experimental/MovieSceneMixedControlRig/MovieSceneMixedControlRig.uplugin" 427
"../../../Engine/Plugins/Experimental/ToolPresets/ToolPresets.uplugin" 428
"../../../Engine/Plugins/Experimental/SkeletalReduction/SkeletalReduction.uplugin" 429
"../../../Engine/Plugins/Experimental/ToolsetRegistry/ToolsetRegistry.uplugin" 430
"../../../Engine/Plugins/Experimental/Subsonic/Subsonic.uplugin" 431
"../../../Engine/Plugins/Experimental/TetMeshing/TetMeshing.uplugin" 432
"../../../Engine/Plugins/Experimental/SlateIM/SlateIM.uplugin" 433
"../../../Engine/Plugins/Experimental/RemoteControlActorModifierBridge/RemoteControlActorModifierBridge.uplugin" 434
"../../../Engine/Plugins/Experimental/SurfaceEffects/SurfaceEffects.uplugin" 435
"../../../Engine/Plugins/Experimental/RigLogicUAF/RigLogicUAF.uplugin" 436
"../../../Engine/Plugins/Experimental/StateGraph/StateGraph.uplugin" 437
"../../../Engine/Plugins/Experimental/SimpleHMD/SimpleHMD.uplugin" 438
"../../../Engine/Plugins/Experimental/VEUV/VEUV.uplugin" 439
"../../../Engine/Plugins/Experimental/UserToolBoxCore/UserToolBoxCore.uplugin" 440
"../../../Engine/Plugins/Experimental/UIFramework/UIFramework.uplugin" 441
"../../../Engine/Plugins/Experimental/StructUtils/StructUtils.uplugin" 442
"../../../Engine/Plugins/Experimental/WaterAdvanced/WaterAdvanced.uplugin" 443
"../../../Engine/Plugins/Experimental/VirtualHeightfieldMesh/VirtualHeightfieldMesh.uplugin" 444
"../../../Engine/Plugins/Experimental/SecuritySandbox/SecuritySandbox.uplugin" 445
"../../../Engine/Plugins/Experimental/WaterExtras/WaterExtras.uplugin" 446
"../../../Engine/Plugins/Experimental/RenderGrid/RenderGrid.uplugin" 447
"../../../Engine/Plugins/Experimental/WebSocketMessaging/WebSocketMessaging.uplugin" 448
"../../../Engine/Plugins/Experimental/TargetDeviceServicesScripting/TargetDeviceServicesScripting.uplugin" 449
"../../../Engine/Plugins/Experimental/WebSocketNetworking/WebSocketNetworking.uplugin" 450
"../../../Engine/Plugins/Experimental/USDPregen/USDPregen.uplugin" 451
"../../../Engine/Plugins/Messaging/MessagingInsights/MessagingInsights.uplugin" 452
"../../../Engine/Plugins/Experimental/WaveFunctionCollapse/WaveFunctionCollapse.uplugin" 453
"../../../Engine/Plugins/Experimental/Workspace/Workspace.uplugin" 454
"../../../Engine/Plugins/Experimental/UserToolBoxBasicCommand/UserToolBoxBasicCommand.uplugin" 455
"../../../Engine/Plugins/Performance/AutomatedPerfTesting/AutomatedPerfTesting.uplugin" 456
"../../../Engine/Plugins/Performance/PerformanceMonitor/PerformanceMonitor.uplugin" 457
"../../../Engine/Plugins/Messaging/MessagingDebugger/MessagingDebugger.uplugin" 458
"../../../Engine/Plugins/Experimental/SubmitToolEditor/SubmitToolEditor.uplugin" 459
"../../../Engine/Plugins/Tests/CQTest/CQTest.uplugin" 460
"../../../Engine/Plugins/Messaging/TcpMessaging/TcpMessaging.uplugin" 461
"../../../Engine/Plugins/Tests/InterchangeTests/InterchangeTests.uplugin" 462
"../../../Engine/Plugins/Experimental/XRCreativeFramework/XRCreativeFramework.uplugin" 463
"../../../Engine/Plugins/NNE/NNERuntimeORT/NNERuntimeORT.uplugin" 464
"../../../Engine/Plugins/Experimental/ScreenReader/ScreenReader.uplugin" 465
"../../../Engine/Plugins/Experimental/PluginReferenceViewer/PluginReferenceViewer.uplugin" 466
"../../../Engine/Plugins/Messaging/UdpMessaging/UdpMessaging.uplugin" 467
"../../../Engine/Plugins/Tests/FbxAutomationTestBuilder/FbxAutomationTestBuilder.uplugin" 468
"../../../Engine/Plugins/Experimental/VirtualProductionUtilities/VirtualProductionUtilities.uplugin" 469
"../../../Engine/Plugins/Tests/AudioCQTests/AudioCQTests.uplugin" 470
"../../../Engine/Plugins/Tests/AutomationDriverTests/AutomationDriverTests.uplugin" 471
"../../../Engine/Plugins/Tests/RuntimeTests/RuntimeTests.uplugin" 472
"../../../Engine/Plugins/NNE/NNEDenoiser/NNEDenoiser.uplugin" 473
"../../../Engine/Plugins/Experimental/Water/Water.uplugin" 474
"../../../Engine/Plugins/Experimental/TextToSpeech/TextToSpeech.uplugin" 475
"../../../Engine/Plugins/Tests/WidgetAutomationTests/WidgetAutomationTests.uplugin" 476
"../../../Engine/Plugins/Tests/CQTestExperimental/CQTestExperimental.uplugin" 477
"../../../Engine/Plugins/Tests/VerseModuleIndependenceA/VerseModuleIndependenceA.uplugin" 478
"../../../Engine/Plugins/Tests/PythonAutomationTest/PythonAutomationTest.uplugin" 479
"../../../Engine/Plugins/Tests/VerseModuleIndependenceB/VerseModuleIndependenceB.uplugin" 480
"../../../Engine/Plugins/Compositing/Composure/Composure.uplugin" 481
"../../../Engine/Plugins/Experimental/Terminal/Terminal.uplugin" 482
"../../../Engine/Plugins/Editor/AssetManagerEditor/AssetManagerEditor.uplugin" 483
"../../../Engine/Plugins/Experimental/WidgetEditorToolPalette/WidgetEditorToolPalette.uplugin" 484
"../../../Engine/Plugins/Tests/TestSamples/TestSamples.uplugin" 485
"../../../Engine/Plugins/Compositing/CompositeCore/CompositeCore.uplugin" 486
"../../../Engine/Plugins/Performance/AutomatedPerfTestTools/AutomatedPerfTestTools.uplugin" 487
"../../../Engine/Plugins/Editor/BlueprintHeaderView/BlueprintHeaderView.uplugin" 488
"../../../Engine/Plugins/Tests/FunctionalTestingEditor/FunctionalTestingEditor.uplugin" 489
"../../../Engine/Plugins/Tests/TestFramework/TestFramework.uplugin" 490
"../../../Engine/Plugins/Tests/RHITests/RHITests.uplugin" 491
"../../../Engine/Plugins/Compositing/LensDistortion/LensDistortion.uplugin" 492
"../../../Engine/Plugins/Editor/ChangelistReview/ChangelistReview.uplugin" 493
"../../../Engine/Plugins/Editor/EditorDebugTools/EditorDebugTools.uplugin" 494
"../../../Engine/Plugins/Experimental/Volumetrics/Volumetrics.uplugin" 495
"../../../Engine/Plugins/Editor/EditorSysConfigAssistant/EditorSysConfigAssistant.uplugin" 496
"../../../Engine/Plugins/Editor/DisplayClusterLaunch/DisplayClusterLaunch.uplugin" 497
"../../../Engine/Plugins/Editor/FacialAnimation/FacialAnimation.uplugin" 498
"../../../Engine/Plugins/Editor/CurveEditorTools/CurveEditorTools.uplugin" 499
"../../../Engine/Plugins/Compositing/OpenColorIO/OpenColorIO.uplugin" 500
"../../../Engine/Plugins/Editor/AssetReferenceRestrictions/AssetReferenceRestrictions.uplugin" 501
"../../../Engine/Plugins/Tests/EditorTests/EditorTests.uplugin" 502
"../../../Engine/Plugins/Editor/BlueprintMaterialTextureNodes/BlueprintMaterialTextureNodes.uplugin" 503
"../../../Engine/Plugins/Compositing/OpenCVLensDistortion/OpenCVLensDistortion.uplugin" 504
"../../../Engine/Plugins/Editor/GuidedTutorials/GuidedTutorials.uplugin" 505
"../../../Engine/Plugins/Editor/AssetRegistryExport/AssetRegistryExport.uplugin" 506
"../../../Engine/Plugins/Editor/AssetSearch/AssetSearch.uplugin" 507
"../../../Engine/Plugins/Editor/LandscapePatch/LandscapePatch.uplugin" 508
"../../../Engine/Plugins/Tests/CQTestEnhancedInput/CQTestEnhancedInput.uplugin" 509
"../../../Engine/Plugins/Editor/DataValidation/DataValidation.uplugin" 510
"../../../Engine/Plugins/Editor/CryptoKeys/CryptoKeys.uplugin" 511
"../../../Engine/Plugins/Editor/MakeCookedEditorAsDLC/MakeCookedEditorAsDLC.uplugin" 512
"../../../Engine/Plugins/Compositing/HoldoutComposite/HoldoutComposite.uplugin" 513
"../../../Engine/Plugins/Editor/MeshLODToolset/MeshLODToolset.uplugin" 514
"../../../Engine/Plugins/Editor/EditorScriptingUtilities/EditorScriptingUtilities.uplugin" 515
"../../../Engine/Plugins/Editor/GeometryMode/GeometryMode.uplugin" 516
"../../../Engine/Plugins/Editor/ColorGrading/ColorGrading.uplugin" 517
"../../../Engine/Plugins/Editor/PluginBrowser/PluginBrowser.uplugin" 518
"../../../Engine/Plugins/Editor/MaterialAssetWizard/MaterialAssetWizard.uplugin" 519
"../../../Engine/Plugins/Editor/ProxyLODPlugin/ProxyLODPlugin.uplugin" 520
"../../../Engine/Plugins/Editor/ScriptableToolsEditorMode/ScriptableToolsEditorMode.uplugin" 521
"../../../Engine/Plugins/Editor/ModelingToolsEditorMode/ModelingToolsEditorMode.uplugin" 522
"../../../Engine/Plugins/Editor/UVEditor/UVEditor.uplugin" 523
"../../../Engine/Plugins/Editor/MobileLauncherProfileWizard/MobileLauncherProfileWizard.uplugin" 524
"../../../Engine/Plugins/Experimental/RazerChromaDevices/RazerChromaDevices.uplugin" 525
"../../../Engine/Plugins/Editor/SpeedTreeImporter/SpeedTreeImporter.uplugin" 526
"../../../Engine/Plugins/Editor/SampleToolsEditorMode/SampleToolsEditorMode.uplugin" 527
"../../../Engine/Plugins/Editor/EngineAssetDefinitions/EngineAssetDefinitions.uplugin" 528
"../../../Engine/Plugins/Editor/UMGWidgetPreview/UMGWidgetPreview.uplugin" 529
"../../../Engine/Plugins/Editor/LiveUpdateForSlate/LiveUpdateForSlate.uplugin" 530
"../../../Engine/Plugins/Editor/GameplayTagsEditor/GameplayTagsEditor.uplugin" 531
"../../../Engine/Plugins/MetaHuman/MetaHumanAnimationTools/MetaHumanAnimationTools.uplugin" 532
"../../../Engine/Plugins/Editor/WorldPartitionHLODUtilities/WorldPartitionHLODUtilities.uplugin" 533
"../../../Engine/Plugins/Compositing/ComposureShared/ComposureShared.uplugin" 534
"../../../Engine/Plugins/Editor/MacGraphicsSwitching/MacGraphicsSwitching.uplugin" 535
"../../../Engine/Plugins/MetaHuman/MetaHumanCoreML/MetaHumanCoreML.uplugin" 536
"../../../Engine/Plugins/Editor/WaveformEditor/WaveformEditor.uplugin" 537
"../../../Engine/Plugins/Editor/StylusInput/StylusInput.uplugin" 538
"../../../Engine/Plugins/Editor/ModelViewViewModelPreview/ModelViewViewModelPreview.uplugin" 539
"../../../Engine/Plugins/MetaHuman/MetaHumanLiveLink/MetaHumanLiveLink.uplugin" 540
"../../../Engine/Plugins/MetaHuman/MetaHumanCoreTechLib/MetaHumanCoreTech.uplugin" 541
"../../../Engine/Plugins/Editor/MaterialValidation/MaterialValidation.uplugin" 542
"../../../Engine/Plugins/NetcodeUnitTest/NetcodeUnitTest/NetcodeUnitTest.uplugin" 543
"../../../Engine/Plugins/PCGInterops/PCGPythonInterop/PCGPythonInterop.uplugin" 544
"../../../Engine/Plugins/VirtualProduction/ActorModifier/ActorModifier.uplugin" 545
"../../../Engine/Plugins/Editor/SequencerAnimTools/SequencerAnimTools.uplugin" 546
"../../../Engine/Plugins/VirtualProduction/AccumulationDOF/AccumulationDOF.uplugin" 547
"../../../Engine/Plugins/Editor/MaterialAnalyzer/MaterialAnalyzer.uplugin" 548
"../../../Engine/Plugins/PCGInterops/PCGExternalDataInterop/PCGExternalDataInterop.uplugin" 549
"../../../Engine/Plugins/Editor/ImageWidgets/ImageWidgets.uplugin" 550
"../../../Engine/Plugins/VirtualProduction/ActorModifierCore/ActorModifierCore.uplugin" 551
"../../../Engine/Plugins/MetaHuman/MetaHumanSDK/MetaHumanSDK.uplugin" 552
"../../../Engine/Plugins/VirtualProduction/AvalancheSceneState/AvalancheSceneState.uplugin" 553
"../../../Engine/Plugins/PCGInterops/PCGGeometryScriptInterop/PCGGeometryScriptInterop.uplugin" 554
"../../../Engine/Plugins/VirtualProduction/Avalanche/Avalanche.uplugin" 555
"../../../Engine/Plugins/VirtualProduction/CameraCalibrationCore/CameraCalibrationCore.uplugin" 556
"../../../Engine/Plugins/VirtualProduction/CameraCalibration/CameraCalibration.uplugin" 557
"../../../Engine/Plugins/Editor/StaticMeshEditorModeling/StaticMeshEditorModeling.uplugin" 558
"../../../Engine/Plugins/MetaHuman/MetaHumanCrowd/MetaHumanCrowd.uplugin" 559
"../../../Engine/Plugins/VirtualProduction/DataLinkOAuth/DataLinkOAuth.uplugin" 560
"../../../Engine/Plugins/VirtualProduction/CompositePlane/CompositePlane.uplugin" 561
"../../../Engine/Plugins/VirtualProduction/DataCharts/DataCharts.uplugin" 562
"../../../Engine/Plugins/MetaHuman/MetaHumanCharacter/MetaHumanCharacter.uplugin" 563
"../../../Engine/Plugins/VirtualProduction/DataLink/DataLink.uplugin" 564
"../../../Engine/Plugins/MetaHuman/MetaHumanAnimator/MetaHuman.uplugin" 565
"../../../Engine/Plugins/Compositing/Composite/Composite.uplugin" 566
"../../../Engine/Plugins/VirtualProduction/ICVFXTesting/ICVFXTesting.uplugin" 567
"../../../Engine/Plugins/Editor/ConsoleVariablesEditor/ConsoleVariables.uplugin" 568
"../../../Engine/Plugins/VirtualProduction/ClonerEffector/ClonerEffector.uplugin" 569
"../../../Engine/Plugins/VirtualProduction/CameraCalibrationML/CameraCalibrationML.uplugin" 570
"../../../Engine/Plugins/VirtualProduction/LevelSnapshots/LevelSnapshots.uplugin" 571
"../../../Engine/Plugins/MetaHuman/MetaHumanCalibrationProcessing/MetaHumanCalibrationProcessing.uplugin" 572
"../../../Engine/Plugins/VirtualProduction/DynamicMaterial/DynamicMaterial.uplugin" 573
"../../../Engine/Plugins/VirtualProduction/CaptureData/CaptureData.uplugin" 574
"../../../Engine/Plugins/VirtualProduction/LiveLinkCamera/LiveLinkCamera.uplugin" 575
"../../../Engine/Plugins/VirtualProduction/LensComponent/LensComponent.uplugin" 576
"../../../Engine/Plugins/VirtualProduction/LiveLinkInputDevice/LiveLinkInputDevice.uplugin" 577
"../../../Engine/Plugins/VirtualProduction/LiveLinkFreeD/LiveLinkFreeD.uplugin" 578
"../../../Engine/Plugins/VirtualProduction/LiveLinkLens/LiveLinkLens.uplugin" 579
"../../../Engine/Plugins/VirtualProduction/LiveLinkMasterLockit/LiveLinkMasterLockit.uplugin" 580
"../../../Engine/Plugins/VirtualProduction/LiveLinkSoundDevice/LiveLinkSoundDevice.uplugin" 581
"../../../Engine/Plugins/VirtualProduction/LiveLinkVRPN/LiveLinkVRPN.uplugin" 582
"../../../Engine/Plugins/VirtualProduction/LiveLinkXR/LiveLinkXR.uplugin" 583
"../../../Engine/Plugins/VirtualProduction/CinematicAssemblyTools/CinematicAssemblyTools.uplugin" 584
"../../../Engine/Plugins/VirtualProduction/GeometryMask/GeometryMask.uplugin" 585
"../../../Engine/Plugins/VirtualProduction/RemoteControlInterception/RemoteControlInterception.uplugin" 586
"../../../Engine/Plugins/VirtualProduction/PropertyAnimator/PropertyAnimator.uplugin" 587
"../../../Engine/Plugins/VirtualProduction/RemoteControlProtocolDMX/RemoteControlProtocolDMX.uplugin" 588
"../../../Engine/Plugins/NetcodeUnitTest/NUTUnrealEngine/NUTUnrealEngine.uplugin" 589
"../../../Engine/Plugins/VirtualProduction/RemoteControlProtocolMIDI/RemoteControlProtocolMIDI.uplugin" 590
"../../../Engine/Plugins/VirtualProduction/RemoteControl/RemoteControl.uplugin" 591
"../../../Engine/Plugins/VirtualProduction/RemoteControlProtocolOSC/RemoteControlProtocolOSC.uplugin" 592
"../../../Engine/Plugins/VirtualProduction/SequencerPlaylists/SequencerPlaylists.uplugin" 593
"../../../Engine/Plugins/VirtualProduction/AvalancheDataLink/AvalancheDataLink.uplugin" 594
"../../../Engine/Plugins/VirtualProduction/SceneStateDataLink/SceneStateDataLink.uplugin" 595
"../../../Engine/Plugins/VirtualProduction/CustomDetailsView/CustomDetailsView.uplugin" 596
"../../../Engine/Plugins/VirtualProduction/StormSyncAvalancheBridge/StormSyncAvalancheBridge.uplugin" 597
"../../../Engine/Plugins/VirtualProduction/SVGImporter/SVGImporter.uplugin" 598
"../../../Engine/Plugins/VirtualProduction/Text3D/Text3D.uplugin" 599
"../../../Engine/Plugins/VirtualProduction/StormSync/StormSync.uplugin" 600
"../../../Engine/Plugins/VirtualProduction/OperatorStack/OperatorStack.uplugin" 601
"../../../Engine/Plugins/VirtualProduction/Switchboard/Switchboard.uplugin" 602
"../../../Engine/Plugins/VirtualProduction/RemoteControlWebInterface/RemoteControlWebInterface.uplugin" 603
"../../../Engine/Plugins/VirtualProduction/LiveLinkOBSDevice/LiveLinkOBSDevice.uplugin" 604
"../../../Engine/Plugins/VirtualProduction/ViewportWidgetOverlay/ViewportWidgetOverlay.uplugin" 605
"../../../Engine/Plugins/VirtualProduction/EpicStageApp/EpicStageApp.uplugin" 606
"../../../Engine/Plugins/VirtualProduction/VirtualScouting/VirtualScouting.uplugin" 607
"../../../Engine/Plugins/VirtualProduction/LiveLinkKiProDevice/LiveLinkKiProDevice.uplugin" 608
"../../../Engine/Plugins/Web/HttpBlueprint/HttpBlueprint.uplugin" 609
"../../../Engine/Plugins/Slate/SlateInsights/SlateInsights.uplugin" 610
"../../../Engine/Plugins/Media/AndroidCamera/AndroidCamera.uplugin" 611
"../../../Engine/Plugins/VirtualProduction/LiveLinkPrestonMDR/LiveLinkPrestonMDR.uplugin" 612
"../../../Engine/Plugins/VirtualProduction/StageMonitoring/StageMonitoring.uplugin" 613
"../../../Engine/Plugins/VirtualProduction/LiveLinkOpenTrackIO/LiveLinkOpenTrackIO.uplugin" 614
"../../../Engine/Plugins/Interchange/Runtime/Interchange.uplugin" 615
"../../../Engine/Plugins/VirtualProduction/VirtualCamera/VirtualCamera.uplugin" 616
"../../../Engine/Plugins/VirtualProduction/TextureShare/TextureShare.uplugin" 617
"../../../Engine/Plugins/Portal/LauncherChunkInstaller/LauncherChunkInstaller.uplugin" 618
"../../../Engine/Plugins/VirtualProduction/TimedDataMonitor/TimedDataMonitor.uplugin" 619
"../../../Engine/Plugins/Slate/SlateScripting/SlateScripting.uplugin" 620
"../../../Engine/Plugins/Cameras/GameplayCameras/GameplayCameras.uplugin" 621
"../../../Engine/Plugins/VirtualProduction/SceneState/SceneState.uplugin" 622
"../../../Engine/Plugins/Media/AudioCaptureTimecodeProvider/AudioCaptureTimecodeProvider.uplugin" 623
"../../../Engine/Plugins/Media/AvidDNxHDDecoderElectra/AvidDNxHDDecoderElectra.uplugin" 624
"../../../Engine/Plugins/2D/Paper2D/Paper2D.uplugin" 625
"../../../Engine/Plugins/Media/AvfMedia/AvfMedia.uplugin" 626
"../../../Engine/Plugins/Media/AV1DecoderElectra/AV1DecoderElectra.uplugin" 627
"../../../Engine/Plugins/Media/AndroidMedia/AndroidMedia.uplugin" 628
"../../../Engine/Plugins/Media/ElectraCodecs/ElectraCodecs.uplugin" 629
"../../../Engine/Plugins/Media/AppleProResMedia/AppleProResMedia.uplugin" 630
"../../../Engine/Plugins/Media/ElectraPlayer/ElectraPlayer.uplugin" 631
"../../../Engine/Plugins/Media/AjaMedia/AjaMedia.uplugin" 632
"../../../Engine/Plugins/VirtualProduction/MultiUserTakes/MultiUserTakes.uplugin" 633
"../../../Engine/Plugins/Media/ElectraSubtitles/ElectraSubtitles.uplugin" 634
"../../../Engine/Plugins/Media/AvidDNxMedia/AvidDNxMedia.uplugin" 635
"../../../Engine/Plugins/VirtualProduction/ICVFX/ICVFX.uplugin" 636
"../../../Engine/Plugins/Media/FlacDecoderElectra/FlacDecoderElectra.uplugin" 637
"../../../Engine/Plugins/Media/HAPDecoderElectra/HAPDecoderElectra.uplugin" 638
"../../../Engine/Plugins/Media/APVDecoderElectra/APVDecoderElectra.uplugin" 639
"../../../Engine/Plugins/Media/AppleProResDecoderElectra/AppleProResDecoderElectra.uplugin" 640
"../../../Engine/Plugins/Cameras/CameraShakePreviewer/CameraShakePreviewer.uplugin" 641
"../../../Engine/Plugins/Media/D3D12VideoDecodersElectra/D3D12VideoDecodersElectra.uplugin" 642
"../../../Engine/Plugins/Media/ImgMedia/ImgMedia.uplugin" 643
"../../../Engine/Plugins/Media/LinearTimecode/LinearTimecode.uplugin" 644
"../../../Engine/Plugins/Media/MediaFrameworkUtilities/MediaFrameworkUtilities.uplugin" 645
"../../../Engine/Plugins/Media/MediaPlayerEditor/MediaPlayerEditor.uplugin" 646
"../../../Engine/Plugins/Interchange/Assets/InterchangeAssets.uplugin" 647
"../../../Engine/Plugins/Media/MediaIOFramework/MediaIOFramework.uplugin" 648
"../../../Engine/Plugins/Media/MfMedia/MfMedia.uplugin" 649
"../../../Engine/Plugins/Media/MP4Utilities/MP4Utilities.uplugin" 650
"../../../Engine/Plugins/Interchange/Editor/InterchangeEditor.uplugin" 651
"../../../Engine/Plugins/Media/MediaCompositing/MediaCompositing.uplugin" 652
"../../../Engine/Plugins/Media/MediaMovieStreamer/MediaMovieStreamer.uplugin" 653
"../../../Engine/Plugins/Media/MediaPlate/MediaPlate.uplugin" 654
"../../../Engine/Plugins/Media/NVDECElectra/NVDECElectra.uplugin" 655
"../../../Engine/Plugins/Cameras/EngineCameras/EngineCameras.uplugin" 656
"../../../Engine/Plugins/Media/PixelCapture/PixelCapture.uplugin" 657
"../../../Engine/Plugins/Media/MediaViewer/MediaViewer.uplugin" 658
"../../../Engine/Plugins/Media/BlackmagicMedia/BlackmagicMedia.uplugin" 659
"../../../Engine/Plugins/Media/HAPMedia/HAPMedia.uplugin" 660
"../../../Engine/Plugins/Media/PixelStreaming/PixelStreaming.uplugin" 661
"../../../Engine/Plugins/VirtualProduction/VirtualCameraCore/VirtualCameraCore.uplugin" 662
"../../../Engine/Plugins/Media/WmfMedia/WmfMedia.uplugin" 663
"../../../Engine/Plugins/VirtualProduction/Takes/Takes.uplugin" 664
"../../../Engine/Plugins/Media/RTSPMedia/RTSPMedia.uplugin" 665
"../../../Engine/Plugins/MovieScene/ActorSequence/ActorSequence.uplugin" 666
"../../../Engine/Plugins/Media/MJPEGDecoderElectra/MJPEGDecoderElectra.uplugin" 667
"../../../Engine/Plugins/VirtualProduction/PropertyAnimatorCore/PropertyAnimatorCore.uplugin" 668
"../../../Engine/Plugins/Media/VPxDecoderElectra/VPxDecoderElectra.uplugin" 669
"../../../Engine/Plugins/Media/PixelStreaming2/PixelStreaming2.uplugin" 670
"../../../Engine/Plugins/Media/OpusDecoderElectra/OpusDecoderElectra.uplugin" 671
"../../../Engine/Plugins/Media/TimecodeSynchronizer/TimecodeSynchronizer.uplugin" 672
"../../../Engine/Plugins/MovieScene/CinematicPrestreaming/CinematicPrestreaming.uplugin" 673
"../../../Engine/Plugins/MovieScene/ReplayTracks/ReplayTracks.uplugin" 674
"../../../Engine/Plugins/Media/MediaProfile/MediaProfile.uplugin" 675
"../../../Engine/Plugins/MovieScene/SequenceValidator/SequenceValidator.uplugin" 676
"../../../Engine/Plugins/Media/HardwareEncoders/HardwareEncoders.uplugin" 677
"../../../Engine/Plugins/Media/WebMMedia/WebMMedia.uplugin" 678
"../../../Engine/Plugins/MovieScene/CustomizableSequencerTracks/CustomizableSequencerTracks.uplugin" 679
"../../../Engine/Plugins/Media/NDIMedia/NDIMedia.uplugin" 680
"../../../Engine/Plugins/Media/TmvMediaUtils/TmvMediaUtils.uplugin" 681
"../../../Engine/Plugins/Media/TmvMedia/TmvMedia.uplugin" 682
"../../../Engine/Plugins/Online/OnlineBase/OnlineBase.uplugin" 683
"../../../Engine/Plugins/Online/OnlineFramework/OnlineFramework.uplugin" 684
"../../../Engine/Plugins/MovieScene/MoviePipelineMaskRenderPass/MoviePipelineMaskRenderPass.uplugin" 685
"../../../Engine/Plugins/Online/OnlineFrameworkCommon/OnlineFrameworkCommon.uplugin" 686
"../../../Engine/Plugins/Online/OnlineServices/OnlineServices.uplugin" 687
"../../../Engine/Plugins/Online/OnlineServicesEpicCommon/OnlineServicesEpicCommon.uplugin" 688
"../../../Engine/Plugins/Online/OnlineServicesNull/OnlineServicesNull.uplugin" 689
"../../../Engine/Plugins/Online/EOSOverlayInputProvider/EOSOverlayInputProvider.uplugin" 690
"../../../Engine/Plugins/Online/OnlineSubsystemApple/OnlineSubsystemApple.uplugin" 691
"../../../Engine/Plugins/Online/OnlineServicesEOS/OnlineServicesEOS.uplugin" 692
"../../../Engine/Plugins/MovieScene/TemplateSequence/TemplateSequence.uplugin" 693
"../../../Engine/Plugins/Online/OnlineServicesEOSGS/OnlineServicesEOSGS.uplugin" 694
"../../../Engine/Plugins/MovieScene/SequencerScripting/SequencerScripting.uplugin" 695
"../../../Engine/Plugins/Online/OnlineSubsystemFacebook/OnlineSubsystemFacebook.uplugin" 696
"../../../Engine/Plugins/Online/OnlineSubsystemSteam/OnlineSubsystemSteam.uplugin" 697
"../../../Engine/Plugins/Online/SocketSubsystemEOS/SocketSubsystemEOS.uplugin" 698
"../../../Engine/Plugins/Online/OnlineSubsystemTencent/OnlineSubsystemTencent.uplugin" 699
"../../../Engine/Plugins/Online/OnlineSubsystem/OnlineSubsystem.uplugin" 700
"../../../Engine/Plugins/VirtualProduction/PerformanceCaptureWorkflow/PerformanceCaptureWorkflow.uplugin" 701
"../../../Engine/Plugins/Online/OnlineSubsystemGoogle/OnlineSubsystemGoogle.uplugin" 702
"../../../Engine/Plugins/MovieScene/LevelSequenceEditor/LevelSequenceEditor.uplugin" 703
"../../../Engine/Plugins/Online/OnlineSubsystemAmazon/OnlineSubsystemAmazon.uplugin" 704
"../../../Engine/Plugins/Online/OnlineServicesOSSAdapter/OnlineServicesOSSAdapter.uplugin" 705
"../../../Engine/Plugins/Developer/Sandbox/SandboxedEditing/SandboxedEditing.uplugin" 706
"../../../Engine/Plugins/Experimental/PCGInterops/PCGNaniteAssembliesInterop/PCGNaniteAssembliesInterop.uplugin" 707
"../../../Engine/Plugins/Online/WebAuth/WebAuth.uplugin" 708
"../../../Engine/Plugins/Online/OnlineSubsystemUtils/OnlineSubsystemUtils.uplugin" 709
"../../../Engine/Plugins/Experimental/PCGInterops/PCGWaterInterop/PCGWaterInterop.uplugin" 710
"../../../Engine/Plugins/Media/BinkMedia/BinkMedia.uplugin" 711
"../../../Engine/Plugins/Experimental/PCGInterops/PCGInstancedActorsInterop/PCGInstancedActorsInterop.uplugin" 712
"../../../Engine/Plugins/MovieScene/MovieSceneTextTrack/MovieSceneTextTrack.uplugin" 713
"../../../Engine/Plugins/Media/ElectraCDM/ElectraCDM.uplugin" 714
"../../../Engine/Plugins/Runtime/Database/SQLiteSupport/SQLiteSupport.uplugin" 715
"../../../Engine/Plugins/Runtime/Microsoft/GDKPackageChunkInstall/GDKPackageChunkInstall.uplugin" 716
"../../../Engine/Plugins/MovieScene/MovieRenderPipeline/MovieRenderPipeline.uplugin" 717
"../../../Engine/Plugins/Online/OnlineSubsystemNull/OnlineSubsystemNull.uplugin" 718
"../../../Engine/Plugins/Runtime/Database/RemoteDatabaseSupport/RemoteDatabaseSupport.uplugin" 719
"../../../Engine/Plugins/Experimental/PCGInterops/PCGFastGeoInterop/PCGFastGeoInterop.uplugin" 720
"../../../Engine/Plugins/Animation/AudioDrivenAnimation/StreamingADA/StreamingADA.uplugin" 721
"../../../Engine/Plugins/Developer/Sandbox/FileSandbox/FileSandbox.uplugin" 722
"../../../Engine/Plugins/Experimental/AVCodecs/AMFCodecs/AMFCodecs.uplugin" 723
"../../../Engine/Plugins/Runtime/Microsoft/GDKVirtualKeyboard/GDKVirtualKeyboard.uplugin" 724
"../../../Engine/Plugins/Runtime/Database/DatabaseSupport/DatabaseSupport.uplugin" 725
"../../../Engine/Plugins/Online/SocketSubsystemSteamIP/SocketSubsystemSteamIP.uplugin" 726
"../../../Engine/Plugins/Experimental/AVCodecs/VTCodecs/VTCodecs.uplugin" 727
"../../../Engine/Plugins/Runtime/Advertising/IOSTapJoy/IOSTapJoy.uplugin" 728
"../../../Engine/Plugins/Runtime/Windows/MSGamingRuntime/MSGamingRuntime.uplugin" 729
"../../../Engine/Plugins/Online/VoiceChat/VoiceChat/VoiceChat.uplugin" 730
"../../../Engine/Plugins/Runtime/Database/SQLiteCore/SQLiteCore.uplugin" 731
"../../../Engine/Plugins/Runtime/Windows/MSGamingSupport/MSGamingSupport.uplugin" 732
"../../../Engine/Plugins/Experimental/AVCodecs/WMFCodecs/WMFCodecs.uplugin" 733
"../../../Engine/Plugins/Runtime/Windows/WinDualShock/WinDualShock.uplugin" 734
"../../../Engine/Plugins/Online/OnlineSubsystemEOS/OnlineSubsystemEOS.uplugin" 735
"../../../Engine/Plugins/Editor/Localization/PortableObjectFileDataSource/PortableObjectFileDataSource.uplugin" 736
"../../../Engine/Plugins/Online/Android/AndroidFetchBackgroundDownload/AndroidFetchBackgroundDownload.uplugin" 737
"../../../Engine/Plugins/Media/ElectraUtil/ElectraUtil.uplugin" 738
"../../../Engine/Plugins/Experimental/AVCodecs/LibVpxCodecs/LibVpxCodecs.uplugin" 739
"../../../Engine/Plugins/Experimental/InterchangeAxF/Runtime/InterchangeAxF.uplugin" 740
"../../../Engine/Plugins/Experimental/AVCodecs/NVCodecs/NVCodecs.uplugin" 741
"../../../Engine/Plugins/Runtime/AR/ARUtilities/ARUtilities.uplugin" 742
"../../../Engine/Plugins/Online/VoiceChat/EOSVoiceChat/EOSVoiceChat.uplugin" 743
"../../../Engine/Plugins/Experimental/UAF/UAFAnimGraph/UAFAnimGraph.uplugin" 744
"../../../Engine/Plugins/Experimental/UAF/UAF/UAF.uplugin" 745
"../../../Engine/Plugins/Runtime/Analytics/FileLogging/FileLogging.uplugin" 746
"../../../Engine/Plugins/Experimental/AVCodecs/AVCodecsCore/AVCodecsCore.uplugin" 747
"../../../Engine/Plugins/Experimental/UAF/UAFMirroring/UAFMirroring.uplugin" 748
"../../../Engine/Plugins/Experimental/PCGInterops/PCGNiagaraInterop/PCGNiagaraInterop.uplugin" 749
"../../../Engine/Plugins/Developer/Concert/ConcertMain/ConcertMain.uplugin" 750
"../../../Engine/Plugins/Experimental/UAF/UAFAnimNode/UAFAnimNode.uplugin" 751
"../../../Engine/Plugins/Experimental/UAF/UAFPoseSearch/UAFPoseSearch.uplugin" 752
"../../../Engine/Plugins/Runtime/Windows/XInputDevice/XInputDevice.uplugin" 753
"../../../Engine/Plugins/Experimental/UAF/UAFControlRig/UAFControlRig.uplugin" 754
"../../../Engine/Plugins/Experimental/InterchangeAxF/Assets/InterchangeAxfAssets.uplugin" 755
"../../../Engine/Plugins/Experimental/UAF/UAFMass/UAFMass.uplugin" 756
"../../../Engine/Plugins/Experimental/UAF/UAFSharedAssets/UAFSharedAssets.uplugin" 757
"../../../Engine/Plugins/Runtime/Analytics/AnalyticsBlueprintLibrary/AnalyticsBlueprintLibrary.uplugin" 758
"../../../Engine/Plugins/Online/Microsoft/GDKNetDriver/GDKNetDriver.uplugin" 759
"../../../Engine/Plugins/Runtime/MeshReconstruction/DummyMeshReconstructor/DummyMeshReconstructor.uplugin" 760
"../../../Engine/Plugins/Experimental/UAF/UAFLayering/UAFLayering.uplugin" 761
"../../../Engine/Plugins/Runtime/Nvidia/GeForceNOWWrapper/GeForceNOWWrapper.uplugin" 762
"../../../Engine/Plugins/Online/Microsoft/OnlineSubsystemGDK/OnlineSubsystemGDK.uplugin" 763
"../../../Engine/Plugins/Runtime/Windows/MSGameOSSSelector/MSGameOSSSelector.uplugin" 764
"../../../Engine/Plugins/Runtime/Analytics/Adjust/Adjust.uplugin" 765
"../../../Engine/Plugins/Online/Android/OnlineSubsystemGooglePlay/OnlineSubsystemGooglePlay.uplugin" 766
"../../../Engine/Plugins/Online/EOSShared/EOSShared.uplugin" 767
"../../../Engine/Plugins/Editor/ContentBrowser/ContentBrowserClassDataSource/ContentBrowserClassDataSource.uplugin" 768
"../../../Engine/Plugins/Runtime/Analytics/AnalyticsMulticast/AnalyticsMulticast.uplugin" 769
"../../../Engine/Plugins/Runtime/PacketHandlers/DTLSHandlerComponent/DTLSHandlerComponent.uplugin" 770
"../../../Engine/Plugins/Online/Microsoft/OnlineServicesXbl/OnlineServicesXbl.uplugin" 771
"../../../Engine/Plugins/Runtime/PacketHandlers/AESHandlerComponent/AESHandlerComponent.uplugin" 772
"../../../Engine/Plugins/Experimental/UAF/UAFStateTree/UAFStateTree.uplugin" 773
"../../../Engine/Plugins/Animation/MLDeformer/MLDeformerFramework/MLDeformerFramework.uplugin" 774
"../../../Engine/Plugins/Online/Microsoft/PlayFabParty/PlayFabParty.uplugin" 775
"../../../Engine/Plugins/Animation/MLDeformer/NeuralMorphModel/NeuralMorphModel.uplugin" 776
"../../../Engine/Plugins/VirtualProduction/DMX/DMXControlConsole/DMXControlConsole.uplugin" 777
"../../../Engine/Plugins/Editor/ContentBrowser/ContentBrowserAliasDataSource/ContentBrowserAliasDataSource.uplugin" 778
"../../../Engine/Plugins/VirtualProduction/DMX/DMXDisplayCluster/DMXDisplayCluster.uplugin" 779
"../../../Engine/Plugins/Runtime/Windows/WinVirtualKeyboard/WinVirtualKeyboard.uplugin" 780
"../../../Engine/Plugins/Animation/MLDeformer/NearestNeighborModel/NearestNeighborModel.uplugin" 781
"../../../Engine/Plugins/Editor/ContentBrowser/ContentBrowserAssetDataSource/ContentBrowserAssetDataSource.uplugin" 782
"../../../Engine/Plugins/Animation/MLDeformer/ChaosClothGenerator/ChaosClothGenerator.uplugin" 783
"../../../Engine/Plugins/VirtualProduction/DMX/DMXFixtures/DMXFixtures.uplugin" 784
"../../../Engine/Plugins/Editor/ContentBrowser/ContentBrowserFileDataSource/ContentBrowserFileDataSource.uplugin" 785
"../../../Engine/Plugins/VirtualProduction/DMX/DMXPixelMapping/DMXPixelMapping.uplugin" 786
"../../../Engine/Plugins/Experimental/UAF/UAFWarping/UAFWarping.uplugin" 787
"../../../Engine/Plugins/Animation/MLDeformer/VertexDeltaModel/VertexDeltaModel.uplugin" 788
"../../../Engine/Plugins/Runtime/XR/XRVisualization/XRVisualization.uplugin" 789
"../../../Engine/Plugins/Runtime/PacketHandlers/AESGCMHandlerComponent/AESGCMHandlerComponent.uplugin" 790
"../../../Engine/Plugins/Experimental/Enterprise/DatasmithInterchange/DatasmithInterchange.uplugin" 791
"../../../Engine/Plugins/Experimental/Enterprise/DatasmithRuntime/DatasmithRuntime.uplugin" 792
"../../../Engine/Plugins/Runtime/Nvidia/Reflex/Reflex.uplugin" 793
"../../../Engine/Plugins/Animation/MLDeformer/ChaosFleshGenerator/ChaosFleshGenerator.uplugin" 794
"../../../Engine/Plugins/Runtime/XR/XRScribe/XRScribe.uplugin" 795
"../../../Engine/Plugins/VirtualProduction/DMX/DMXProtocol/DMXProtocol.uplugin" 796
"../../../Engine/Plugins/VirtualProduction/CaptureManager/CaptureManagerCore/CaptureManagerCore.uplugin" 797
"../../../Engine/Plugins/VirtualProduction/CaptureManager/CaptureManagerApp/CaptureManagerApp.uplugin" 798
"../../../Engine/Plugins/Experimental/MetaHuman/MetaHumanCharacterUAF/MetaHumanCharacterUAF.uplugin" 799
"../../../Engine/Plugins/Experimental/Enterprise/DataprepGeometryOperations/DataprepGeometryOperations.uplugin" 800
"../../../Engine/Plugins/VirtualProduction/DMX/DatasmithMVR/DatasmithMVR.uplugin" 801
"../../../Engine/Plugins/VirtualProduction/DMX/DMXGDTF/DMXGDTF.uplugin" 802
"../../../Engine/Plugins/Experimental/Toolsets/AllToolsets/AllToolsets.uplugin" 803
"../../../Engine/Plugins/Editor/ObjectMixer/LightMixer/LightMixer.uplugin" 804
"../../../Engine/Plugins/VirtualProduction/CaptureManager/CaptureManagerDevices/CaptureManagerDevices.uplugin" 805
"../../../Engine/Plugins/Experimental/Microsoft/GDKPlatformDLC/GDKPlatformDLC.uplugin" 806
"../../../Engine/Plugins/VirtualProduction/CaptureManager/CaptureManagerEditor/CaptureManagerEditor.uplugin" 807
"../../../Engine/Plugins/VirtualProduction/DMX/DMXEngine/DMXEngine.uplugin" 808
"../../../Engine/Plugins/Experimental/MetaHuman/MetaHumanRuntime/MetaHumanRuntime.uplugin" 809
"../../../Engine/Plugins/Experimental/Toolsets/AutomationTestToolset/AutomationTestToolset.uplugin" 810
"../../../Engine/Plugins/Experimental/Toolsets/LiveCodingToolset/LiveCodingToolset.uplugin" 811
"../../../Engine/Plugins/Experimental/Toolsets/MCPClientToolset/MCPClientToolset.uplugin" 812
"../../../Engine/Plugins/Experimental/Toolsets/DataflowAgent/DataflowAgent.uplugin" 813
"../../../Engine/Plugins/Experimental/Web/WebAPI/WebAPI.uplugin" 814
"../../../Engine/Plugins/Experimental/UAF/UAFTestSuites/UAFTestSuites.uplugin" 815
"../../../Engine/Plugins/Experimental/Toolsets/MetaHumanGenerator/MetaHumanGenerator.uplugin" 816
"../../../Engine/Plugins/Editor/ObjectMixer/ObjectMixer/ObjectMixer.uplugin" 817
"../../../Engine/Plugins/Experimental/Toolsets/NiagaraToolsets/NiagaraToolsets.uplugin" 818
"../../../Engine/Plugins/Experimental/Toolsets/GameplayTagsToolset/GameplayTagsToolset.uplugin" 819
"../../../Engine/Plugins/Experimental/Toolsets/PhysicsToolsets/PhysicsToolsets.uplugin" 820
"../../../Engine/Plugins/Experimental/Toolsets/AnimationAssistantToolset/AnimationAssistantToolset.uplugin" 821
"../../../Engine/Plugins/Experimental/Toolsets/PluginToolset/PluginToolset.uplugin" 822
"../../../Engine/Plugins/Experimental/Toolsets/SemanticSearchToolset/SemanticSearchToolset.uplugin" 823
"../../../Engine/Plugins/Experimental/Toolsets/SequencerAnimMixerToolset/SequencerAnimMixerToolset.uplugin" 824
"../../../Engine/Plugins/Experimental/Toolsets/StateTreeToolset/StateTreeToolset.uplugin" 825
"../../../Engine/Plugins/VirtualProduction/DMX/DMXModularFeatures/DMXModularFeatures.uplugin" 826
"../../../Engine/Plugins/Experimental/Toolsets/GASToolsets/GASToolsets.uplugin" 827
"../../../Engine/Plugins/Experimental/Toolsets/UMGToolSet/UMGToolSet.uplugin" 828
"../../../Engine/Plugins/Experimental/Toolsets/AIModuleToolset/AIModuleToolset.uplugin" 829
"../../../Engine/Plugins/Experimental/Toolsets/PCGToolset/PCGToolset.uplugin" 830
"../../../Engine/Plugins/VirtualProduction/Rivermax/RivermaxMedia/RivermaxMedia.uplugin" 831
"../../../Engine/Plugins/Experimental/Toolsets/WorldConditionsToolset/WorldConditionsToolset.uplugin" 832
"../../../Engine/Plugins/Interchange/Extensions/OpenUSD/InterchangeOpenUSD.uplugin" 833
"../../../Engine/Plugins/Interchange/Extensions/OpenVDB/InterchangeOpenVDB.uplugin" 834
"../../../Engine/Plugins/Experimental/Toolsets/EditorToolset/EditorToolset.uplugin" 835
"../../../Engine/Plugins/Experimental/NNE/NNEModelTests/NNEModelTests.uplugin" 836
"../../../Engine/Plugins/Experimental/Animation/DirectMeshControl/DirectMeshControl.uplugin" 837
"../../../Engine/Plugins/Runtime/Windows/MSGameStore/MSGameStore.uplugin" 838
"../../../Engine/Plugins/Experimental/Toolsets/ChaosClothAssetToolset/ChaosClothAssetToolset.uplugin" 839
"../../../Engine/Plugins/Experimental/Animation/HierarchyTable/HierarchyTable.uplugin" 840
"../../../Engine/Plugins/Experimental/MetaHuman/MetaHumanCalibrationDiagnostics/MetaHumanCalibrationDiagnostics.uplugin" 841
"../../../Engine/Plugins/Interchange/Extensions/OpenUSDChaosClothAsset/InterchangeOpenUSDChaosClothAsset.uplugin" 842
"../../../Engine/Plugins/Runtime/Steam/SteamAudio/SteamAudio.uplugin" 843
"../../../Engine/Plugins/Experimental/Animation/ContextualAnimation/ContextualAnimation.uplugin" 844
"../../../Engine/Plugins/Runtime/Steam/SteamShared/SteamShared.uplugin" 845
"../../../Engine/Plugins/Experimental/Toolsets/ConversationToolset/ConversationToolset.uplugin" 846
"../../../Engine/Plugins/Experimental/Animation/MotionTrajectory/MotionTrajectory.uplugin" 847
"../../../Engine/Plugins/Experimental/Toolsets/MVVMToolset/MVVMToolset.uplugin" 848
"../../../Engine/Plugins/Experimental/Animation/RigMapper/RigMapper.uplugin" 849
"../../../Engine/Plugins/VirtualProduction/Rivermax/RivermaxCore/RivermaxCore.uplugin" 850
"../../../Engine/Plugins/Experimental/Animation/Locomotor/Locomotor.uplugin" 851
"../../../Engine/Plugins/Experimental/Toolsets/DataRegistryToolset/DataRegistryToolset.uplugin" 852
"../../../Engine/Plugins/Experimental/Animation/TrajectoryTools/TrajectoryTools.uplugin" 853
"../../../Engine/Plugins/VirtualProduction/Rivermax/RivermaxSync/RivermaxSync.uplugin" 854
"../../../Engine/Plugins/Experimental/CharacterFXEditor/BaseCharacterFXEditor/BaseCharacterFXEditor.uplugin" 855
"../../../Engine/Plugins/Experimental/Toolsets/GameFeaturesToolset/GameFeaturesToolset.uplugin" 856
"../../../Engine/Plugins/Interchange/Extensions/ChaosClothAsset/InterchangeChaosClothAsset.uplugin" 857
"../../../Engine/Plugins/Experimental/Animation/SkeletalMeshMorphTargetEditingTools/SkeletalMeshMorphTargetEditingTools.uplugin" 858
"../../../Engine/Plugins/Experimental/Animation/HierarchyTableAnimation/HierarchyTableAnimation.uplugin" 859
"../../../Engine/Plugins/Experimental/Animation/AnimationLayering/AnimationLayering.uplugin" 860
"../../../Engine/Plugins/Runtime/Steam/SteamController/SteamController.uplugin" 861
"../../../Engine/Plugins/Experimental/Animation/RigMapperOp/RigMapperOp.uplugin" 862
"../../../Engine/Plugins/Experimental/Animation/RelativeIKOp/RelativeIKOp.uplugin" 863
"../../../Engine/Plugins/Experimental/UAF/UAFChooser/UAFChooser.uplugin" 864
"../../../Engine/Plugins/Experimental/Animation/Scribble/Scribble.uplugin" 865
"../../../Engine/Plugins/Experimental/VirtualProduction/VPRoles/VPRoles.uplugin" 866
"../../../Engine/Plugins/Experimental/CharacterFXEditor/ExampleCharacterFXEditor/ExampleCharacterFXEditor.uplugin" 867
"../../../Engine/Plugins/Experimental/Toolsets/SlateInspectorToolset/SlateInspectorToolset.uplugin" 868
"../../../Engine/Plugins/Experimental/VirtualProduction/LedWallCalibration/LedWallCalibration.uplugin" 869
"../../../Engine/Plugins/Experimental/Animation/CurveExpression/CurveExpression.uplugin" 870
"../../../Engine/Plugins/Developer/Concert/ConcertSync/ConcertSyncTest/ConcertSyncTest.uplugin" 871
"../../../Engine/Plugins/Experimental/Animation/AnimDatabase/AnimDatabase.uplugin" 872
"../../../Engine/Plugins/Runtime/Steam/SteamSockets/SteamSockets.uplugin" 873
"../../../Engine/Plugins/Developer/Concert/ConcertScripting/ConcertReplicationScripting/ConcertReplicationScripting.uplugin" 874
"../../../Engine/Plugins/Developer/Concert/ConcertInsights/ConcertInsightsClient/ConcertInsightsClient.uplugin" 875
"../../../Engine/Plugins/Experimental/Toolsets/ConfigSettingsToolset/ConfigSettingsToolset.uplugin" 876
"../../../Engine/Plugins/Online/IOS/OnlineSubsystemIOS/OnlineSubsystemIOS.uplugin" 877
"../../../Engine/Plugins/Experimental/Animation/AnimGen/AnimGen.uplugin" 878
"../../../Engine/Plugins/Developer/Concert/ConcertSync/ConcertSyncServer/ConcertSyncServer.uplugin" 879
"../../../Engine/Plugins/Experimental/Animation/Optimus/Optimus.uplugin" 880
"../../../Engine/Plugins/Developer/Concert/ConcertApp/DisasterRecoveryClient/DisasterRecoveryClient.uplugin" 881
"../../../Engine/Plugins/Developer/Concert/ConcertSync/ConcertSyncCore/ConcertSyncCore.uplugin" 882
"../../../Engine/Plugins/Developer/Concert/ConcertApp/MultiUserClient/MultiUserClient.uplugin" 883
"../../../Engine/Plugins/Developer/Concert/ConcertApp/MultiUserServer/MultiUserServer.uplugin" 884
"../../../Engine/Plugins/Runtime/AR/AppleAR/AppleARKitFaceSupport/AppleARKitFaceSupport.uplugin" 885
"../../../Engine/Plugins/Runtime/AR/Google/GoogleARCore/GoogleARCore.uplugin" 886
"../../../Engine/Plugins/Runtime/AR/AppleAR/AppleARKit/AppleARKit.uplugin" 887
"../../../Engine/Plugins/Experimental/VirtualProduction/VPSettings/VPSettings.uplugin" 888
"../../../Engine/Plugins/Developer/Concert/ConcertInsights/ConcertInsightsServer/ConcertInsightsServer.uplugin" 889
"../../../Engine/Plugins/Developer/Concert/ConcertInsights/ConcertInsightsCore/ConcertInsightsCore.uplugin" 890
"../../../Engine/Plugins/Developer/Concert/ConcertUI/ConcertSharedSlate/ConcertSharedSlate.uplugin" 891
"../../../Engine/Plugins/Developer/Concert/ConcertInsights/ConcertInsightsVisualizer/ConcertInsightsVisualizer.uplugin" 892
"../../../Engine/Plugins/Developer/Concert/ConcertSync/ConcertSyncClient/ConcertSyncClient.uplugin" 893
"../../../Engine/Plugins/Developer/Concert/ConcertUI/ConcertClientSharedSlate/ConcertClientSharedSlate.uplugin" 894
"../../../Engine/Plugins/Runtime/AR/Google/GoogleARCoreServices/GoogleARCoreServices.uplugin" 895
"../../../Engine/Plugins/Experimental/Animation/MLDeformer/DetailPoseModel/DetailPoseModel.uplugin" 896
"../../../Engine/Platforms/Android/Plugins/Animation/ACLPlugin/ACLPlugin_Android.uplugin" 897
"../../../Engine/Platforms/Android/Plugins/Animation/RigLogic/RigLogic_Android.uplugin" 898
"../../../Engine/Platforms/IOS/Plugins/Animation/RigLogic/RigLogic_IOS.uplugin" 899
"../../../Engine/Content/Internationalization/icudt64l/cnvalias.icu" 900
"../../../Engine/Content/Internationalization/icudt64l/res_index.res" 901
"../../../Engine/Content/Internationalization/icudt64l/plurals.res" 902
"../../../Engine/Content/Internationalization/icudt64l/lang/en.res" 903
"../../../Engine/Content/Internationalization/icudt64l/lang/pool.res" 904
"../../../Engine/Content/Internationalization/icudt64l/lang/root.res" 905
"../../../Engine/Content/Internationalization/icudt64l/region/en.res" 906
"../../../Engine/Content/Internationalization/icudt64l/region/pool.res" 907
"../../../Engine/Content/Internationalization/icudt64l/region/root.res" 908
"../../../Engine/Content/Internationalization/icudt64l/windowsZones.res" 909
"../../../Engine/Content/Internationalization/icudt64l/zoneinfo64.res" 910
"../../../Engine/Content/Internationalization/icudt64l/keyTypeData.res" 911
"../../../Engine/Content/Internationalization/icudt64l/timezoneTypes.res" 912
"../../../Engine/Content/Internationalization/icudt64l/likelySubtags.res" 913
"../../../Engine/Content/Internationalization/icudt64l/en_US.res" 914
"../../../Engine/Content/Internationalization/icudt64l/pool.res" 915
"../../../Engine/Content/Internationalization/icudt64l/en.res" 916
"../../../Engine/Content/Internationalization/icudt64l/root.res" 917
"../../../Engine/Content/Internationalization/icudt64l/supplementalData.res" 918
"../../../Engine/Config/ConfigRedirects.ini" 919
"C:/Users/varghesechac/AppData/Local/UnrealEngine/5.8/Saved/Config/WindowsEditor/Manifest.ini" 920
"../../../Engine/Config/BaseEngine.ini" 921
"../../../Engine/Config/Windows/BaseWindowsEngine.ini" 922
"../../../../../../Users/varghesechac/code/MileH/WideFieldAssembly/Config/DefaultEngine.ini" 923
"../../../../../../Users/varghesechac/code/MileH/WideFieldAssembly/Config/Windows/WindowsEngine.ini" 924
"../../../Engine/Config/BaseGame.ini" 925
"../../../Engine/Config/Windows/BaseWindowsGame.ini" 926
"../../../../../../Users/varghesechac/code/MileH/WideFieldAssembly/Config/DefaultGame.ini" 927
"../../../Engine/Config/Windows/WindowsGame.ini" 928
"C:/Users/varghesechac/code/MileH/WideFieldAssembly/Saved/Config/WindowsEditor/Game.ini" 929
"../../../Engine/Config/BaseInput.ini" 930
"../../../Engine/Config/Windows/BaseWindowsInput.ini" 931
"../../../../../../Users/varghesechac/code/MileH/WideFieldAssembly/Config/DefaultInput.ini" 932
"../../../Engine/Config/Windows/WindowsInput.ini" 933
"../../../Engine/Config/BaseDeviceProfiles.ini" 934
"../../../Engine/Config/BaseGameUserSettings.ini" 935
"C:/Users/varghesechac/code/MileH/WideFieldAssembly/Saved/Config/WindowsEditor/GameUserSettings.ini" 936
"../../../Engine/Config/BaseScalability.ini" 937
"../../../Engine/Config/BaseRuntimeOptions.ini" 938
"../../../Engine/Config/BaseInstallBundle.ini" 939
"../../../Engine/Config/BaseHardware.ini" 940
"../../../Engine/Config/BaseCompat.ini" 941
"../../../Engine/Config/BaseLightmass.ini" 942
"../../../../../../Users/varghesechac/code/MileH/WideFieldAssembly/Config/DefaultLightmass.ini" 943
"../../../Engine/Config/BaseEditor.ini" 944
"../../../../../../Users/varghesechac/code/MileH/WideFieldAssembly/Config/DefaultEditor.ini" 945
"C:/Users/varghesechac/code/MileH/WideFieldAssembly/Saved/Config/WindowsEditor/Editor.ini" 946
"../../../Engine/Config/BaseMaterialExpressions.ini" 947
"../../../Engine/Config/BaseEditorPerProjectUserSettings.ini" 948
"../../../Engine/Config/Windows/WindowsEditorPerProjectUserSettings.ini" 949
"C:/Users/varghesechac/code/MileH/WideFieldAssembly/Saved/Config/WindowsEditor/EditorPerProjectUserSettings.ini" 950
"../../../Engine/Config/BaseEditorSettings.ini" 951
"../../../../../../Users/varghesechac/code/MileH/WideFieldAssembly/Config/DefaultEditorSettings.ini" 952
"../../../Engine/Config/Windows/WindowsEditorSettings.ini" 953
"C:/Users/varghesechac/AppData/Local/UnrealEngine/5.8/Saved/Config/WindowsEditor/EditorSettings.ini" 954
"../../../Engine/Config/BaseEditorKeyBindings.ini" 955
"C:/Users/varghesechac/AppData/Local/UnrealEngine/5.8/Saved/Config/WindowsEditor/EditorLayout.ini" 956
"C:/Program Files/Epic Games/UE_5.8/Engine/Config/BaseEngine.ini" 957
"../../../Engine/Config/IOS/BaseIOSEngine.ini" 958
"../../../Engine/Config/Android/BaseAndroidEngine.ini" 959
"../../../Engine/Platforms/VisionOS/Config/BaseVisionOSEngine.ini" 960
"../../../Engine/Config/Android/AndroidEngine.ini" 961
"../../../Engine/Config/IOS/BaseIOSGame.ini" 962
"../../../Engine/Config/Linux/BaseLinuxEngine.ini" 963
"../../../Engine/Config/Mac/BaseMacEngine.ini" 964
"../../../Engine/Platforms/VisionOS/Config/VisionOSEngine.ini" 965
"../../../Engine/Config/Unix/UnixEngine.ini" 966
"../../../Engine/Config/IOS/IOSGame.ini" 967
"../../../Engine/Config/Linux/LinuxEngine.ini" 968
"../../../Engine/Config/TVOS/TVOSEngine.ini" 969
"../../../Engine/Config/Android/BaseAndroidGame.ini" 970
"C:/Program Files/Epic Games/UE_5.8/Engine/Config/Windows/BaseWindowsEngine.ini" 971
"../../../Engine/Config/IOS/BaseIOSInput.ini" 972
"../../../Engine/Config/Android/BaseAndroidInput.ini" 973
"../../../../../../Users/varghesechac/code/MileH/WideFieldAssembly/Platforms/Android/Config/AndroidInput.ini" 974
"../../../Engine/Config/Mac/MacGame.ini" 975
"../../../../../../Users/varghesechac/code/MileH/WideFieldAssembly/Intermediate/CachedAssetRegistry/CachedAssetRegistry_0.ref" 976
"../../../../../../Users/varghesechac/code/MileH/WideFieldAssembly/Binaries/Win64/MyProject6.target" 977
"../../../../../../Users/varghesechac/code/MileH/WideFieldAssembly/Intermediate/CachedAssetRegistryDiscovery.bin" 978
"../../../../../../Users/varghesechac/code/MileH/WideFieldAssembly/Intermediate/CachedAssetRegistry/CachedAssetRegistry_0_2FA5F20B46753DE03B96DCA6BEFCC282.bin" 979
"../../../Engine/Config/Linux/LinuxGame.ini" 980
"../../../Engine/Config/Mac/BaseMacInput.ini" 981
"../../../../../../Users/varghesechac/code/MileH/WideFieldAssembly/Binaries/Win64/MyProject6Editor.target" 982
"../../../Engine/Config/IOS/IOSScalability.ini" 983
"../../../Engine/Config/IOS/BaseIOSInstallBundle.ini" 984
"../../../Engine/Config/Android/AndroidScalability.ini" 985
"../../../Engine/Config/Android/BaseAndroidInstallBundle.ini" 986
"../../../Engine/Config/PluginBase.ini" 987
"../../../Engine/Plugins/ChaosVD/Config/DefaultChaosVD.ini" 988
"../../../Engine/Plugins/EnhancedInput/Config/DefaultEnhancedInput.ini" 989
"../../../Engine/Plugins/Fab/Config/DefaultFab.ini" 990
"../../../Engine/Plugins/Mutable/Config/DefaultMutable.ini" 991
"../../../Engine/Plugins/PCG/Config/DefaultPCG.ini" 992
"../../../Engine/Plugins/TraceUtilities/Config/DefaultTraceUtilities.ini" 993
"../../../Engine/Plugins/Enterprise/DataprepEditor/Config/DefaultDataprepEditor.ini" 994
"../../../Engine/Plugins/Enterprise/DatasmithContent/Config/DefaultDatasmithContent.ini" 995
"../../../Engine/Plugins/Enterprise/DatasmithCADImporter/Config/DefaultDatasmithCADImporter.ini" 996
"../../../Engine/Plugins/Enterprise/DatasmithImporter/Config/DefaultDatasmithImporter.ini" 997
"../../../Engine/Plugins/Enterprise/GLTFExporter/Config/DefaultGLTFExporter.ini" 998
"../../../Engine/Plugins/Enterprise/VariantManagerContent/Config/DefaultVariantManagerContent.ini" 999
"../../../Engine/Plugins/FX/Niagara/Config/DefaultNiagara.ini" 1000
"../../../Engine/Plugins/Runtime/CommonUI/Config/DefaultCommonUI.ini" 1001
"../../../Engine/Plugins/Runtime/HairStrands/Config/DefaultHairStrands.ini" 1002
"../../../Engine/Plugins/Runtime/Metasound/Config/DefaultMetasound.ini" 1003
"../../../Engine/Plugins/Runtime/ModelViewViewModel/Config/DefaultModelViewViewModel.ini" 1004
"../../../Engine/Plugins/Runtime/nDisplay/Config/DefaultnDisplay.ini" 1005
"../../../Engine/Plugins/Runtime/OSC/Config/DefaultOSC.ini" 1006
"../../../Engine/Plugins/Runtime/PropertyBindingUtils/Config/DefaultPropertyBindingUtils.ini" 1007
"../../../Engine/Plugins/Runtime/RigVM/Config/DefaultRigVM.ini" 1008
"../../../Engine/Plugins/Runtime/StateTree/Config/DefaultStateTree.ini" 1009
"../../../Engine/Plugins/Runtime/Synthesis/Config/DefaultSynthesis.ini" 1010
"../../../Engine/Plugins/Animation/ControlRig/Config/DefaultControlRig.ini" 1011
"../../../Engine/Plugins/Animation/DeformerGraph/Config/DefaultDeformerGraph.ini" 1012
"../../../Engine/Plugins/Animation/IKRig/Config/DefaultIKRig.ini" 1013
"../../../Engine/Plugins/Animation/LiveLink/Config/DefaultLiveLink.ini" 1014
"../../../Engine/Plugins/Animation/RigLogic/Config/DefaultRigLogic.ini" 1015
"../../../Engine/Plugins/Animation/PhysicsControl/Config/DefaultPhysicsControl.ini" 1016
"../../../Engine/Plugins/Experimental/CineCameraRigs/Config/DefaultCineCameraRigs.ini" 1017
"../../../Engine/Plugins/Experimental/ColorCorrectRegions/Config/DefaultColorCorrectRegions.ini" 1018
"../../../Engine/Plugins/Experimental/ControlRigPhysics/Config/DefaultControlRigPhysics.ini" 1019
"../../../Engine/Plugins/Experimental/FullBodyIK/Config/DefaultFullBodyIK.ini" 1020
"../../../Engine/Plugins/Experimental/RemoteSession/Config/DefaultRemoteSession.ini" 1021
"../../../Engine/Plugins/Experimental/ToolPresets/Config/DefaultToolPresets.ini" 1022
"../../../Engine/Plugins/Experimental/VirtualProductionUtilities/Config/DefaultVirtualProductionUtilities.ini" 1023
"../../../../../../Users/varghesechac/code/MileH/WideFieldAssembly/Config/DefaultVirtualProductionUtilities.ini" 1024
"../../../Engine/Plugins/Compositing/OpenColorIO/Config/DefaultOpenColorIO.ini" 1025
"../../../Engine/Plugins/Compositing/Composure/Config/DefaultComposure.ini" 1026
"../../../Engine/Plugins/Compositing/CompositeCore/Config/DefaultCompositeCore.ini" 1027
"../../../Engine/Plugins/Compositing/OpenCVLensDistortion/Config/DefaultOpenCVLensDistortion.ini" 1028
"../../../Engine/Plugins/Editor/EditorScriptingUtilities/Config/DefaultEditorScriptingUtilities.ini" 1029
"../../../Engine/Plugins/Editor/ConsoleVariablesEditor/Config/DefaultConsoleVariables.ini" 1030
"../../../Engine/Plugins/MetaHuman/MetaHumanSDK/Config/DefaultMetaHumanSDK.ini" 1031
"../../../Engine/Plugins/VirtualProduction/CameraCalibrationCore/Config/DefaultCameraCalibrationCore.ini" 1032
"../../../Engine/Plugins/VirtualProduction/LensComponent/Config/DefaultLensComponent.ini" 1033
"../../../Engine/Plugins/VirtualProduction/LevelSnapshots/Config/DefaultLevelSnapshots.ini" 1034
"../../../Engine/Plugins/VirtualProduction/RemoteControl/Config/DefaultRemoteControl.ini" 1035
"../../../Engine/Plugins/VirtualProduction/VirtualCamera/Config/DefaultVirtualCamera.ini" 1036
"../../../Engine/Plugins/VirtualProduction/ViewportWidgetOverlay/Config/DefaultViewportWidgetOverlay.ini" 1037
"../../../Engine/Plugins/VirtualProduction/VirtualScouting/Config/DefaultVirtualScouting.ini" 1038
"../../../Engine/Plugins/2D/Paper2D/Config/DefaultPaper2D.ini" 1039
"../../../Engine/Plugins/Interchange/Assets/Config/DefaultInterchangeAssets.ini" 1040
"../../../Engine/Plugins/Interchange/Runtime/Config/DefaultInterchange.ini" 1041
"../../../Engine/Plugins/Cameras/GameplayCameras/Config/DefaultGameplayCameras.ini" 1042
"../../../Engine/Plugins/Media/AjaMedia/Config/DefaultAjaMedia.ini" 1043
"../../../Engine/Plugins/VirtualProduction/Takes/Config/DefaultTakes.ini" 1044
"../../../Engine/Plugins/Media/MediaFrameworkUtilities/Config/DefaultMediaFrameworkUtilities.ini" 1045
"../../../Engine/Plugins/Media/MediaIOFramework/Config/DefaultMediaIOFramework.ini" 1046
"../../../Engine/Plugins/Media/BlackmagicMedia/Config/DefaultBlackmagicMedia.ini" 1047
"../../../Engine/Plugins/Media/PixelStreaming2/Config/DefaultPixelStreaming2.ini" 1048
"../../../Engine/Plugins/VirtualProduction/VirtualCameraCore/Config/DefaultVirtualCameraCore.ini" 1049
"../../../Engine/Plugins/Media/PixelStreaming/Config/DefaultPixelStreaming.ini" 1050
"../../../Engine/Plugins/MovieScene/MovieRenderPipeline/Config/DefaultMovieRenderPipeline.ini" 1051
"../../../Engine/Plugins/Experimental/InterchangeAxF/Assets/Config/DefaultInterchangeAxfAssets.ini" 1052
"../../../Engine/Plugins/VirtualProduction/DMX/DMXProtocol/Config/DefaultDMXProtocol.ini" 1053
"../../../Engine/Plugins/Experimental/Animation/Scribble/Config/DefaultScribble.ini" 1054
"../../../Engine/Plugins/Developer/Concert/ConcertSync/ConcertSyncCore/Config/DefaultConcertSyncCore.ini" 1055
"../../../Engine/Plugins/Developer/Concert/ConcertApp/MultiUserClient/Config/DefaultMultiUserClient.ini" 1056
"../../../Engine/Plugins/ChaosVD/Config/Engine.ini" 1057
"../../../Engine/Plugins/Runtime/OpenXR/Config/Engine.ini" 1058
"../../../Engine/Plugins/Experimental/WebSocketNetworking/Config/Engine.ini" 1059
"../../../Engine/Plugins/EnhancedInput/Config/Input.ini" 1060
"../../../Engine/Plugins/Runtime/CommonUI/Config/Input.ini" 1061
"../../../Engine/Plugins/Runtime/InputDebugging/Config/Input.ini" 1062
"../../../Engine/Plugins/Runtime/Windows/XInputDevice/Config/Input.ini" 1063
"../../../Engine/Plugins/PCG/Config/EditorPerProjectUserSettings.ini" 1064
"../../../Engine/Plugins/Runtime/RigVM/Config/Editor.ini" 1065
"../../../Engine/Plugins/Animation/AnimatorKit/Config/Editor.ini" 1066
"../../../Engine/Plugins/Animation/DeformerGraph/Config/Editor.ini" 1067
"../../../Engine/Plugins/Online/OnlineSubsystemUtils/Config/Editor.ini" 1068
"../../../Engine/Plugins/NNE/NNEDenoiser/Config/Game.ini" 1069
"../../../Engine/Plugins/VirtualProduction/CameraCalibrationCore/Config/Game.ini" 1070
"../../../Engine/Plugins/Runtime/OpenXR/Binaries/Win64/UnrealEditor.modules" 1071
"../../../Engine/Plugins/Runtime/XRBase/Binaries/Win64/UnrealEditor.modules" 1072
"../../../Engine/Plugins/EnhancedInput/Binaries/Win64/UnrealEditor.modules" 1073
"../../../Engine/Plugins/Editor/DataValidation/Binaries/Win64/UnrealEditor.modules" 1074
"../../../Engine/Plugins/VirtualProduction/VirtualScouting/Binaries/Win64/UnrealEditor.modules" 1075
"../../../Engine/Plugins/Experimental/XRCreativeFramework/Binaries/Win64/UnrealEditor.modules" 1076
"../../../Engine/Plugins/Runtime/CommonUI/Binaries/Win64/UnrealEditor.modules" 1077
"../../../Engine/Plugins/BlueprintFileUtils/Binaries/Win64/UnrealEditor.modules" 1078
"../../../Engine/Plugins/JsonBlueprintUtilities/Binaries/Win64/UnrealEditor.modules" 1079
"../../../Engine/Plugins/Developer/Concert/ConcertApp/MultiUserClient/Binaries/Win64/UnrealEditor.modules" 1080
"../../../Engine/Plugins/Animation/LiveLink/Binaries/Win64/UnrealEditor.modules" 1081
"../../../Engine/Plugins/Runtime/GeometryScripting/Binaries/Win64/UnrealEditor.modules" 1082
"../../../Engine/Plugins/Experimental/GizmoFramework/Binaries/Win64/UnrealEditor.modules" 1083
"../../../Engine/Plugins/Editor/ModelingToolsEditorMode/Binaries/Win64/UnrealEditor.modules" 1084
"../../../Engine/Plugins/Editor/ConsoleVariablesEditor/Binaries/Win64/UnrealEditor.modules" 1085
"../../../Engine/Plugins/VirtualProduction/LevelSnapshots/Binaries/Win64/UnrealEditor.modules" 1086
"../../../Engine/Plugins/Experimental/CineCameraSceneCapture/Binaries/Win64/UnrealEditor.modules" 1087
"../../../Engine/Plugins/Experimental/VirtualProductionUtilities/Binaries/Win64/UnrealEditor.modules" 1088
"../../../Engine/Plugins/Runtime/ModelViewViewModel/Binaries/Win64/UnrealEditor.modules" 1089
"../../../Engine/Plugins/Editor/EngineAssetDefinitions/Binaries/Win64/UnrealEditor.modules" 1090
"../../../Engine/Plugins/Editor/GameplayTagsEditor/Binaries/Win64/UnrealEditor.modules" 1091
"../../../Engine/Plugins/Developer/Concert/ConcertUI/ConcertClientSharedSlate/Binaries/Win64/UnrealEditor.modules" 1092
"../../../Engine/Plugins/Developer/Concert/ConcertScripting/ConcertReplicationScripting/Binaries/Win64/UnrealEditor.modules" 1093
"../../../Engine/Plugins/Developer/Concert/ConcertUI/ConcertSharedSlate/Binaries/Win64/UnrealEditor.modules" 1094
"../../../Engine/Plugins/Developer/Concert/ConcertSync/ConcertSyncClient/Binaries/Win64/UnrealEditor.modules" 1095
"../../../Engine/Plugins/VirtualProduction/MultiUserTakes/Binaries/Win64/UnrealEditor.modules" 1096
"../../../Engine/Plugins/Animation/LiveLinkDevice/Binaries/Win64/UnrealEditor.modules" 1097
"../../../Engine/Plugins/VirtualProduction/Takes/Binaries/Win64/UnrealEditor.modules" 1098
"../../../Engine/Plugins/Editor/ContentBrowser/ContentBrowserAssetDataSource/Binaries/Win64/UnrealEditor.modules" 1099
"../../../Engine/Plugins/Runtime/GeometryProcessing/Binaries/Win64/UnrealEditor.modules" 1100
"../../../Engine/Plugins/Runtime/MeshModelingToolset/Binaries/Win64/UnrealEditor.modules" 1101
"../../../Engine/Plugins/Experimental/PlanarCutPlugin/Binaries/Win64/UnrealEditor.modules" 1102
"../../../Engine/Plugins/Experimental/MeshModelingToolsetExp/Binaries/Win64/UnrealEditor.modules" 1103
"../../../Engine/Plugins/Editor/MeshLODToolset/Binaries/Win64/UnrealEditor.modules" 1104
"../../../Engine/Plugins/Experimental/ToolPresets/Binaries/Win64/UnrealEditor.modules" 1105
"../../../Engine/Plugins/Editor/StylusInput/Binaries/Win64/UnrealEditor.modules" 1106
"../../../Engine/Plugins/Developer/Concert/ConcertSync/ConcertSyncCore/Binaries/Win64/UnrealEditor.modules" 1107
"../../../Engine/Plugins/Developer/Concert/ConcertMain/Binaries/Win64/UnrealEditor.modules" 1108
"../../../Engine/Plugins/Compositing/OpenColorIO/Binaries/Win64/UnrealEditor.modules" 1109
"../../../Engine/Plugins/Editor/EditorScriptingUtilities/Binaries/Win64/UnrealEditor.modules" 1110
"../../../Engine/Plugins/MovieScene/SequencerScripting/Binaries/Win64/UnrealEditor.modules" 1111
"../../../Engine/Plugins/Runtime/OSC/Binaries/Win64/UnrealEditor.modules" 1112
"../../../Engine/Plugins/Experimental/VirtualProduction/VPRoles/Binaries/Win64/UnrealEditor.modules" 1113
"../../../Engine/Plugins/Experimental/VirtualProduction/VPSettings/Binaries/Win64/UnrealEditor.modules" 1114
"../../../Engine/Plugins/Experimental/InlineMaterialInstance/Binaries/Win64/UnrealEditor.modules" 1115
"../../../Engine/Plugins/VirtualProduction/ViewportWidgetOverlay/Binaries/Win64/UnrealEditor.modules" 1116
"../../../Engine/Plugins/Developer/Sandbox/FileSandbox/Binaries/Win64/UnrealEditor.modules" 1117
"../../../Engine/Plugins/Runtime/AudioCapture/Binaries/Win64/UnrealEditor.modules" 1118
"../../../Engine/Plugins/MovieScene/LevelSequenceEditor/Binaries/Win64/UnrealEditor.modules" 1119
"../../../Engine/Plugins/Developer/NamingTokens/Binaries/Win64/UnrealEditor.modules" 1120
"../../../Engine/Plugins/Editor/ProxyLODPlugin/Binaries/Win64/UnrealEditor.modules" 1121
"../../../Engine/Plugins/Runtime/GeometryCache/Binaries/Win64/UnrealEditor.modules" 1122
"../../../Engine/Plugins/Experimental/GeometryFlow/Binaries/Win64/UnrealEditor.modules" 1123
"../../../Engine/Plugins/Runtime/Database/SQLiteCore/Binaries/Win64/UnrealEditor.modules" 1124
"../../../Engine/Plugins/Experimental/PythonScriptPlugin/Binaries/Win64/UnrealEditor.modules" 1125
"../../../Engine/Plugins/FX/Niagara/Binaries/Win64/UnrealEditor.modules" 1126
"../../../Engine/Plugins/Editor/ContentBrowser/ContentBrowserFileDataSource/Binaries/Win64/UnrealEditor.modules" 1127
"../../../Engine/Plugins/Runtime/HDRIBackdrop/Binaries/Win64/UnrealEditor.modules" 1128
"../../../Engine/Plugins/Runtime/SunPosition/Binaries/Win64/UnrealEditor.modules" 1129
"../../../Engine/Plugins/VirtualProduction/VirtualCamera/Binaries/Win64/UnrealEditor.modules" 1130
"../../../Engine/Plugins/Experimental/CineCameraRigs/Binaries/Win64/UnrealEditor.modules" 1131
"../../../Engine/Plugins/VirtualProduction/VirtualCameraCore/Binaries/Win64/UnrealEditor.modules" 1132
"../../../Engine/Plugins/Media/MediaIOFramework/Binaries/Win64/UnrealEditor.modules" 1133
"../../../Engine/Plugins/Media/MediaFrameworkUtilities/Binaries/Win64/UnrealEditor.modules" 1134
"../../../Engine/Plugins/Experimental/RemoteSession/Binaries/Win64/UnrealEditor.modules" 1135
"../../../Engine/Plugins/Media/PixelStreaming/Binaries/Win64/UnrealEditor.modules" 1136
"../../../Engine/Plugins/Media/PixelCapture/Binaries/Win64/UnrealEditor.modules" 1137
"../../../Engine/Plugins/DiscoveryBeaconReceiver/Binaries/Win64/UnrealEditor.modules" 1138
"../../../Engine/Plugins/Compositing/OpenCVLensDistortion/Binaries/Win64/UnrealEditor.modules" 1139
"../../../Engine/Plugins/Media/MediaPlayerEditor/Binaries/Win64/UnrealEditor.modules" 1140
"../../../Engine/Plugins/Media/MediaProfile/Binaries/Win64/UnrealEditor.modules" 1141
"../../../Engine/Plugins/Experimental/BackChannel/Binaries/Win64/UnrealEditor.modules" 1142
"../../../Engine/Plugins/Runtime/AppleImageUtils/Binaries/Win64/UnrealEditor.modules" 1143
"../../../Engine/Plugins/Media/PixelStreaming2/Binaries/Win64/UnrealEditor.modules" 1144
"../../../Engine/Plugins/Media/WmfMedia/Binaries/Win64/UnrealEditor.modules" 1145
"../../../Engine/Plugins/Experimental/AVCodecs/AVCodecsCore/Binaries/Win64/UnrealEditor.modules" 1146
"../../../Engine/Plugins/Experimental/AVCodecs/NVCodecs/Binaries/Win64/UnrealEditor.modules" 1147
"../../../Engine/Plugins/Experimental/AVCodecs/AMFCodecs/Binaries/Win64/UnrealEditor.modules" 1148
"../../../Engine/Plugins/Experimental/WebSocketNetworking/Binaries/Win64/UnrealEditor.modules" 1149
"../../../Engine/Plugins/Runtime/OpenCV/Binaries/Win64/UnrealEditor.modules" 1150
"../../../Engine/Plugins/Experimental/AVCodecs/LibVpxCodecs/Binaries/Win64/UnrealEditor.modules" 1151
"../../../Engine/Plugins/Compositing/Composure/Binaries/Win64/UnrealEditor.modules" 1152
"../../../Engine/Plugins/VirtualProduction/CameraCalibrationCore/Binaries/Win64/UnrealEditor.modules" 1153
"../../../Engine/Plugins/Editor/BlueprintMaterialTextureNodes/Binaries/Win64/UnrealEditor.modules" 1154
"../../../Engine/Plugins/Runtime/ActorLayerUtilities/Binaries/Win64/UnrealEditor.modules" 1155
"../../../Engine/Plugins/VirtualProduction/LensComponent/Binaries/Win64/UnrealEditor.modules" 1156
"../../../Engine/Plugins/Cameras/GameplayCameras/Binaries/Win64/UnrealEditor.modules" 1157
"../../../Engine/Plugins/Runtime/ProceduralMeshComponent/Binaries/Win64/UnrealEditor.modules" 1158
"../../../Engine/Plugins/Runtime/StateTree/Binaries/Win64/UnrealEditor.modules" 1159
"../../../Engine/Plugins/MovieScene/TemplateSequence/Binaries/Win64/UnrealEditor.modules" 1160
"../../../Engine/Plugins/Animation/GameplayInsights/Binaries/Win64/UnrealEditor.modules" 1161
"../../../Engine/Plugins/Runtime/PropertyAccess/Binaries/Win64/UnrealEditor.modules" 1162
"../../../Engine/Plugins/Runtime/PropertyBindingUtils/Binaries/Win64/UnrealEditor.modules" 1163
"../../../Engine/Plugins/VirtualProduction/RemoteControl/Binaries/Win64/UnrealEditor.modules" 1164
"../../../Engine/Plugins/VirtualProduction/RemoteControlInterception/Binaries/Win64/UnrealEditor.modules" 1165
"../../../Engine/Plugins/Runtime/nDisplay/Binaries/Win64/UnrealEditor.modules" 1166
"../../../Engine/Plugins/Experimental/ColorCorrectRegions/Binaries/Win64/UnrealEditor.modules" 1167
"../../../Engine/Plugins/Editor/ColorGrading/Binaries/Win64/UnrealEditor.modules" 1168
"../../../Engine/Plugins/Media/NDIMedia/Binaries/Win64/UnrealEditor.modules" 1169
"../../../Engine/Plugins/Runtime/nDisplayModularFeatures/Binaries/Win64/UnrealEditor.modules" 1170
"../../../Engine/Plugins/MovieScene/MovieRenderPipeline/Binaries/Win64/UnrealEditor.modules" 1171
"../../../Engine/Plugins/Online/OnlineSubsystem/Binaries/Win64/UnrealEditor.modules" 1172
"../../../Engine/Plugins/Online/OnlineSubsystemUtils/Binaries/Win64/UnrealEditor.modules" 1173
"../../../Engine/Plugins/Compositing/CompositeCore/Binaries/Win64/UnrealEditor.modules" 1174
"../../../Engine/Plugins/Editor/ObjectMixer/ObjectMixer/Binaries/Win64/UnrealEditor.modules" 1175
"../../../Engine/Plugins/ChaosClothAsset/Binaries/Win64/UnrealEditor.modules" 1176
"../../../Engine/Plugins/Online/OnlineBase/Binaries/Win64/UnrealEditor.modules" 1177
"../../../Engine/Plugins/Online/OnlineServices/Binaries/Win64/UnrealEditor.modules" 1178
"../../../Engine/Plugins/ChaosCloth/Binaries/Win64/UnrealEditor.modules" 1179
"../../../Engine/Plugins/Dataflow/Binaries/Win64/UnrealEditor.modules" 1180
"../../../Engine/Plugins/Experimental/ChaosCaching/Binaries/Win64/UnrealEditor.modules" 1181
"../../../Engine/Plugins/Experimental/Buoyancy/Binaries/Win64/UnrealEditor.modules" 1182
"../../../Engine/Plugins/Experimental/Water/Binaries/Win64/UnrealEditor.modules" 1183
"../../../Engine/Plugins/Experimental/CharacterFXEditor/BaseCharacterFXEditor/Binaries/Win64/UnrealEditor.modules" 1184
"../../../Engine/Plugins/Experimental/EditorDataStorage/Binaries/Win64/UnrealEditor.modules" 1185
"../../../Engine/Plugins/Experimental/EditorDataStorageFeatures/Binaries/Win64/UnrealEditor.modules" 1186
"../../../Engine/Plugins/Animation/SkeletalMeshModelingTools/Binaries/Win64/UnrealEditor.modules" 1187
"../../../Engine/Plugins/Experimental/ChaosUserDataPT/Binaries/Win64/UnrealEditor.modules" 1188
"../../../Engine/Plugins/Experimental/Landmass/Binaries/Win64/UnrealEditor.modules" 1189
"../../../Engine/Plugins/Media/AjaMedia/Binaries/Win64/UnrealEditor.modules" 1190
"../../../Engine/Plugins/Media/BlackmagicMedia/Binaries/Win64/UnrealEditor.modules" 1191
"../../../Engine/Plugins/Media/AppleProResMedia/Binaries/Win64/UnrealEditor.modules" 1192
"../../../Engine/Plugins/Media/HAPMedia/Binaries/Win64/UnrealEditor.modules" 1193
"../../../Engine/Plugins/Runtime/AR/AppleAR/AppleARKit/Binaries/Win64/UnrealEditor.modules" 1194
"../../../Engine/Plugins/Runtime/AR/ARUtilities/Binaries/Win64/UnrealEditor.modules" 1195
"../../../Engine/Plugins/Runtime/AR/AppleAR/AppleARKitFaceSupport/Binaries/Win64/UnrealEditor.modules" 1196
"../../../Engine/Plugins/Enterprise/VariantManager/Binaries/Win64/UnrealEditor.modules" 1197
"../../../Engine/Plugins/Enterprise/VariantManagerContent/Binaries/Win64/UnrealEditor.modules" 1198
"../../../Engine/Plugins/VirtualProduction/DMX/DMXProtocol/Binaries/Win64/UnrealEditor.modules" 1199
"../../../Engine/Plugins/Enterprise/DatasmithImporter/Binaries/Win64/UnrealEditor.modules" 1200
"../../../Engine/Plugins/Enterprise/DatasmithContent/Binaries/Win64/UnrealEditor.modules" 1201
"../../../Engine/Plugins/Enterprise/DataprepEditor/Binaries/Win64/UnrealEditor.modules" 1202
"../../../Engine/Plugins/Interchange/Editor/Binaries/Win64/UnrealEditor.modules" 1203
"../../../Engine/Plugins/Messaging/UdpMessaging/Binaries/Win64/UnrealEditor.modules" 1204
"../../../Engine/Plugins/Interchange/Runtime/Binaries/Win64/UnrealEditor.modules" 1205
"../../../Engine/Plugins/Runtime/HairStrands/Binaries/Win64/UnrealEditor.modules" 1206
"../../../Engine/Plugins/Interchange/Assets/Binaries/Win64/UnrealEditor.modules" 1207
"../../../Engine/Plugins/Animation/DeformerGraph/Binaries/Win64/UnrealEditor.modules" 1208
"../../../Engine/Plugins/Runtime/ComputeFramework/Binaries/Win64/UnrealEditor.modules" 1209
"../../../Engine/Plugins/Animation/ControlRig/Binaries/Win64/UnrealEditor.modules" 1210
"../../../Engine/Plugins/Runtime/RigVM/Binaries/Win64/UnrealEditor.modules" 1211
"../../../Engine/Plugins/Animation/TweeningUtils/Binaries/Win64/UnrealEditor.modules" 1212
"../../../Engine/Plugins/Experimental/Animation/Scribble/Binaries/Win64/UnrealEditor.modules" 1213
"../../../Engine/Plugins/Enterprise/DatasmithCADImporter/Binaries/Win64/UnrealEditor.modules" 1214
"../../../Engine/Plugins/AudioInsights/Binaries/Win64/UnrealEditor.modules" 1215
"../../../Engine/Plugins/Runtime/AudioWidgets/Binaries/Win64/UnrealEditor.modules" 1216
"../../../Engine/Plugins/Runtime/AudioSynesthesia/Binaries/Win64/UnrealEditor.modules" 1217
"../../../Engine/Plugins/AudioInsightsRuntime/Binaries/Win64/UnrealEditor.modules" 1218
"../../../Engine/Plugins/AudioModulationInsights/Binaries/Win64/UnrealEditor.modules" 1219
"../../../Engine/Plugins/Bridge/Binaries/Win64/UnrealEditor.modules" 1220
"../../../Engine/Plugins/MetaHuman/MetaHumanSDK/Binaries/Win64/UnrealEditor.modules" 1221
"../../../Engine/Plugins/Animation/RigLogic/Binaries/Win64/UnrealEditor.modules" 1222
"../../../Engine/Plugins/Online/EOSShared/Binaries/Win64/UnrealEditor.modules" 1223
"../../../Engine/Plugins/ChaosInsights/Binaries/Win64/UnrealEditor.modules" 1224
"../../../Engine/Plugins/ChaosVD/Binaries/Win64/UnrealEditor.modules" 1225
"../../../Engine/Plugins/CmdLinkServer/Binaries/Win64/UnrealEditor.modules" 1226
"../../../Engine/Plugins/DerivedDataBuildController/Binaries/Win64/UnrealEditor.modules" 1227
"../../../Engine/Plugins/Fab/Binaries/Win64/UnrealEditor.modules" 1228
"../../../Engine/Plugins/IoStoreInsights/Binaries/Win64/UnrealEditor.modules" 1229
"../../../Engine/Plugins/MassInsights/Binaries/Win64/UnrealEditor.modules" 1230
"../../../Engine/Plugins/MeshPainting/Binaries/Win64/UnrealEditor.modules" 1231
"../../../Engine/Plugins/PCG/Binaries/Win64/UnrealEditor.modules" 1232
"../../../Engine/Plugins/RenderGraphInsights/Binaries/Win64/UnrealEditor.modules" 1233
"../../../Engine/Plugins/RenderTraceInsights/Binaries/Win64/UnrealEditor.modules" 1234
"../../../Engine/Plugins/TraceUtilities/Binaries/Win64/UnrealEditor.modules" 1235
"../../../Engine/Plugins/WorldMetrics/Binaries/Win64/UnrealEditor.modules" 1236
"../../../Engine/Plugins/UbaController/Binaries/Win64/UnrealEditor.modules" 1237
"../../../Engine/Plugins/XGEController/Binaries/Win64/UnrealEditor.modules" 1238
"../../../Engine/Plugins/AI/AISupport/Binaries/Win64/UnrealEditor.modules" 1239
"../../../Engine/Plugins/AI/EnvironmentQueryEditor/Binaries/Win64/UnrealEditor.modules" 1240
"../../../Engine/Plugins/Compression/OodleNetwork/Binaries/Win64/UnrealEditor.modules" 1241
"../../../Engine/Plugins/Developer/AnimationSharing/Binaries/Win64/UnrealEditor.modules" 1242
"../../../Engine/Plugins/Runtime/SignificanceManager/Binaries/Win64/UnrealEditor.modules" 1243
"../../../Engine/Plugins/Developer/CLionSourceCodeAccess/Binaries/Win64/UnrealEditor.modules" 1244
"../../../Engine/Plugins/Developer/DumpGPUServices/Binaries/Win64/UnrealEditor.modules" 1245
"../../../Engine/Plugins/Developer/GitSourceControl/Binaries/Win64/UnrealEditor.modules" 1246
"../../../Engine/Plugins/Developer/GPUReshape/Binaries/Win64/UnrealEditor.modules" 1247
"../../../Engine/Plugins/Developer/N10XSourceCodeAccess/Binaries/Win64/UnrealEditor.modules" 1248
"../../../Engine/Plugins/Developer/PixWinPlugin/Binaries/Win64/UnrealEditor.modules" 1249
"../../../Engine/Plugins/Developer/PerforceSourceControl/Binaries/Win64/UnrealEditor.modules" 1250
"../../../Engine/Plugins/Developer/PlasticSourceControl/Binaries/Win64/UnrealEditor.modules" 1251
"../../../Engine/Plugins/Developer/ProjectLauncher/Binaries/Win64/UnrealEditor.modules" 1252
"../../../Engine/Plugins/Developer/PropertyAccessNode/Binaries/Win64/UnrealEditor.modules" 1253
"../../../Engine/Plugins/Developer/PluginUtils/Binaries/Win64/UnrealEditor.modules" 1254
"../../../Engine/Plugins/Developer/RenderDocPlugin/Binaries/Win64/UnrealEditor.modules" 1255
"../../../Engine/Plugins/Developer/RiderSourceCodeAccess/Binaries/Win64/UnrealEditor.modules" 1256
"../../../Engine/Plugins/Developer/SubversionSourceControl/Binaries/Win64/UnrealEditor.modules" 1257
"../../../Engine/Plugins/Developer/UObjectPlugin/Binaries/Win64/UnrealEditor.modules" 1258
"../../../Engine/Plugins/Developer/VisualStudioSourceCodeAccess/Binaries/Win64/UnrealEditor.modules" 1259
"../../../Engine/Plugins/Enterprise/GLTFExporter/Binaries/Win64/UnrealEditor.modules" 1260
"../../../Engine/Plugins/FX/Cascade/Binaries/Win64/UnrealEditor.modules" 1261
"../../../Engine/Plugins/FX/NiagaraInsights/Binaries/Win64/UnrealEditor.modules" 1262
"../../../Engine/Plugins/FX/NiagaraSimCaching/Binaries/Win64/UnrealEditor.modules" 1263
"../../../Engine/Plugins/FX/NiagaraPreviewContent/Binaries/Win64/UnrealEditor.modules" 1264
"../../../Engine/Plugins/Developer/VisualStudioCodeSourceCodeAccess/Binaries/Win64/UnrealEditor.modules" 1265
"../../../Engine/Plugins/Importers/AlembicImporter/Binaries/Win64/UnrealEditor.modules" 1266
"../../../Engine/Plugins/Runtime/AndroidDeviceProfileSelector/Binaries/Win64/UnrealEditor.modules" 1267
"../../../Engine/Plugins/Runtime/AndroidFileServer/Binaries/Win64/UnrealEditor.modules" 1268
"../../../Engine/Plugins/Runtime/AndroidPermission/Binaries/Win64/UnrealEditor.modules" 1269
"../../../Engine/Plugins/Runtime/ArchVisCharacter/Binaries/Win64/UnrealEditor.modules" 1270
"../../../Engine/Plugins/Runtime/AssetTags/Binaries/Win64/UnrealEditor.modules" 1271
"../../../Engine/Plugins/Runtime/CableComponent/Binaries/Win64/UnrealEditor.modules" 1272
"../../../Engine/Plugins/Runtime/ChunkDownloader/Binaries/Win64/UnrealEditor.modules" 1273
"../../../Engine/Plugins/Runtime/CustomMeshComponent/Binaries/Win64/UnrealEditor.modules" 1274
"../../../Engine/Plugins/Runtime/ExampleDeviceProfileSelector/Binaries/Win64/UnrealEditor.modules" 1275
"../../../Engine/Plugins/Runtime/GooglePAD/Binaries/Win64/UnrealEditor.modules" 1276
"../../../Engine/Plugins/Runtime/InputDebugging/Binaries/Win64/UnrealEditor.modules" 1277
"../../../Engine/Plugins/Runtime/IOSDeviceProfileSelector/Binaries/Win64/UnrealEditor.modules" 1278
"../../../Engine/Plugins/Runtime/LocationServicesBPLibrary/Binaries/Win64/UnrealEditor.modules" 1279
"../../../Engine/Plugins/Runtime/Metasound/Binaries/Win64/UnrealEditor.modules" 1280
"../../../Engine/Plugins/Runtime/WaveTable/Binaries/Win64/UnrealEditor.modules" 1281
"../../../Engine/Plugins/Runtime/MobilePatchingUtils/Binaries/Win64/UnrealEditor.modules" 1282
"../../../Engine/Plugins/Runtime/MsQuic/Binaries/Win64/UnrealEditor.modules" 1283
"../../../Engine/Plugins/Runtime/ResonanceAudio/Binaries/Win64/UnrealEditor.modules" 1284
"../../../Engine/Plugins/Runtime/SoundFields/Binaries/Win64/UnrealEditor.modules" 1285
"../../../Engine/Plugins/Runtime/Synthesis/Binaries/Win64/UnrealEditor.modules" 1286
"../../../Engine/Plugins/Runtime/WebMMoviePlayer/Binaries/Win64/UnrealEditor.modules" 1287
"../../../Engine/Plugins/Media/WebMMedia/Binaries/Win64/UnrealEditor.modules" 1288
"../../../Engine/Plugins/Animation/AnimationData/Binaries/Win64/UnrealEditor.modules" 1289
"../../../Engine/Plugins/Animation/ACLPlugin/Binaries/Win64/UnrealEditor.modules" 1290
"../../../Engine/Plugins/Runtime/WindowsDeviceProfileSelector/Binaries/Win64/UnrealEditor.modules" 1291
"../../../Engine/Plugins/Animation/AnimatorKit/Binaries/Win64/UnrealEditor.modules" 1292
"../../../Engine/Plugins/Animation/ControlRigSpline/Binaries/Win64/UnrealEditor.modules" 1293
"../../../Engine/Plugins/Experimental/ControlRigPhysics/Binaries/Win64/UnrealEditor.modules" 1294
"../../../Engine/Plugins/Animation/PhysicsControl/Binaries/Win64/UnrealEditor.modules" 1295
"../../../Engine/Plugins/Animation/AnimationModifierLibrary/Binaries/Win64/UnrealEditor.modules" 1296
"../../../Engine/Plugins/Animation/BlendSpaceMotionAnalysis/Binaries/Win64/UnrealEditor.modules" 1297
"../../../Engine/Plugins/Runtime/WindowsMoviePlayer/Binaries/Win64/UnrealEditor.modules" 1298
"../../../Engine/Plugins/Experimental/FullBodyIK/Binaries/Win64/UnrealEditor.modules" 1299
"../../../Engine/Plugins/Animation/EaseCurveTool/Binaries/Win64/UnrealEditor.modules" 1300
"../../../Engine/Plugins/Animation/IKRig/Binaries/Win64/UnrealEditor.modules" 1301
"../../../Engine/Plugins/Experimental/AdvancedRenamer/Binaries/Win64/UnrealEditor.modules" 1302
"../../../Engine/Plugins/Experimental/AutomationUtils/Binaries/Win64/UnrealEditor.modules" 1303
"../../../Engine/Plugins/Experimental/ChaosEditor/Binaries/Win64/UnrealEditor.modules" 1304
"../../../Engine/Plugins/Experimental/GeometryCollectionPlugin/Binaries/Win64/UnrealEditor.modules" 1305
"../../../Engine/Plugins/Experimental/Fracture/Binaries/Win64/UnrealEditor.modules" 1306
"../../../Engine/Plugins/Experimental/ChaosSolverPlugin/Binaries/Win64/UnrealEditor.modules" 1307
"../../../Engine/Plugins/Experimental/GeometryDataflow/Binaries/Win64/UnrealEditor.modules" 1308
"../../../Engine/Plugins/Experimental/ChaosNiagara/Binaries/Win64/UnrealEditor.modules" 1309
"../../../Engine/Plugins/Experimental/CharacterAI/Binaries/Win64/UnrealEditor.modules" 1310
"../../../Engine/Plugins/Experimental/EditorPerformance/Binaries/Win64/UnrealEditor.modules" 1311
"../../../Engine/Plugins/Experimental/EditorTelemetry/Binaries/Win64/UnrealEditor.modules" 1312
"../../../Engine/Plugins/Experimental/EditorTRSGizmo/Binaries/Win64/UnrealEditor.modules" 1313
"../../../Engine/Plugins/Experimental/GlobalConfigurationData/Binaries/Win64/UnrealEditor.modules" 1314
"../../../Engine/Plugins/Experimental/HttpInsights/Binaries/Win64/UnrealEditor.modules" 1315
"../../../Engine/Plugins/Experimental/LevelSequenceNavigatorBridge/Binaries/Win64/UnrealEditor.modules" 1316
"../../../Engine/Plugins/Experimental/SequenceNavigator/Binaries/Win64/UnrealEditor.modules" 1317
"../../../Engine/Plugins/Experimental/LocalizableMessage/Binaries/Win64/UnrealEditor.modules" 1318
"../../../Engine/Plugins/Experimental/MutableAssetUserData/Binaries/Win64/UnrealEditor.modules" 1319
"../../../Engine/Plugins/Mutable/Binaries/Win64/UnrealEditor.modules" 1320
"../../../Engine/Plugins/Runtime/SkeletalMerging/Binaries/Win64/UnrealEditor.modules" 1321
"../../../Engine/Plugins/Experimental/NFORDenoise/Binaries/Win64/UnrealEditor.modules" 1322
"../../../Engine/Plugins/Experimental/PlatformCrypto/Binaries/Win64/UnrealEditor.modules" 1323
"../../../Engine/Plugins/Experimental/RuntimeTelemetry/Binaries/Win64/UnrealEditor.modules" 1324
"../../../Engine/Plugins/Experimental/SkeletalReduction/Binaries/Win64/UnrealEditor.modules" 1325
"../../../Engine/Plugins/NNE/NNEDenoiser/Binaries/Win64/UnrealEditor.modules" 1326
"../../../Engine/Plugins/NNE/NNERuntimeORT/Binaries/Win64/UnrealEditor.modules" 1327
"../../../Engine/Plugins/Messaging/TcpMessaging/Binaries/Win64/UnrealEditor.modules" 1328
"../../../Engine/Plugins/Tests/InterchangeTests/Binaries/Win64/UnrealEditor.modules" 1329
"../../../Engine/Plugins/Performance/AutomatedPerfTestTools/Binaries/Win64/UnrealEditor.modules" 1330
"../../../Engine/Plugins/Editor/AssetManagerEditor/Binaries/Win64/UnrealEditor.modules" 1331
"../../../Engine/Plugins/Editor/BlueprintHeaderView/Binaries/Win64/UnrealEditor.modules" 1332
"../../../Engine/Plugins/Editor/ChangelistReview/Binaries/Win64/UnrealEditor.modules" 1333
"../../../Engine/Plugins/Editor/EditorDebugTools/Binaries/Win64/UnrealEditor.modules" 1334
"../../../Engine/Plugins/Editor/FacialAnimation/Binaries/Win64/UnrealEditor.modules" 1335
"../../../Engine/Plugins/Editor/GeometryMode/Binaries/Win64/UnrealEditor.modules" 1336
"../../../Engine/Plugins/Editor/CurveEditorTools/Binaries/Win64/UnrealEditor.modules" 1337
"../../../Engine/Plugins/Editor/CryptoKeys/Binaries/Win64/UnrealEditor.modules" 1338
"../../../Engine/Plugins/Editor/MaterialAssetWizard/Binaries/Win64/UnrealEditor.modules" 1339
"../../../Engine/Plugins/Editor/PluginBrowser/Binaries/Win64/UnrealEditor.modules" 1340
"../../../Engine/Plugins/Editor/SpeedTreeImporter/Binaries/Win64/UnrealEditor.modules" 1341
"../../../Engine/Plugins/Editor/UVEditor/Binaries/Win64/UnrealEditor.modules" 1342
"../../../Engine/Plugins/Editor/MobileLauncherProfileWizard/Binaries/Win64/UnrealEditor.modules" 1343
"../../../Engine/Plugins/Editor/UMGWidgetPreview/Binaries/Win64/UnrealEditor.modules" 1344
"../../../Engine/Plugins/Editor/SequencerAnimTools/Binaries/Win64/UnrealEditor.modules" 1345
"../../../Engine/Plugins/Editor/WorldPartitionHLODUtilities/Binaries/Win64/UnrealEditor.modules" 1346
"../../../Engine/Plugins/Editor/MaterialAnalyzer/Binaries/Win64/UnrealEditor.modules" 1347
"../../../Engine/Plugins/Portal/LauncherChunkInstaller/Binaries/Win64/UnrealEditor.modules" 1348
"../../../Engine/Plugins/2D/Paper2D/Binaries/Win64/UnrealEditor.modules" 1349
"../../../Engine/Plugins/Media/AndroidMedia/Binaries/Win64/UnrealEditor.modules" 1350
"../../../Engine/Plugins/Cameras/CameraShakePreviewer/Binaries/Win64/UnrealEditor.modules" 1351
"../../../Engine/Plugins/Media/AvfMedia/Binaries/Win64/UnrealEditor.modules" 1352
"../../../Engine/Plugins/Cameras/EngineCameras/Binaries/Win64/UnrealEditor.modules" 1353
"../../../Engine/Plugins/Media/ImgMedia/Binaries/Win64/UnrealEditor.modules" 1354
"../../../Engine/Plugins/Media/TmvMedia/Binaries/Win64/UnrealEditor.modules" 1355
"../../../Engine/Plugins/Media/MP4Utilities/Binaries/Win64/UnrealEditor.modules" 1356
"../../../Engine/Plugins/Media/MediaPlate/Binaries/Win64/UnrealEditor.modules" 1357
"../../../Engine/Plugins/Media/MediaCompositing/Binaries/Win64/UnrealEditor.modules" 1358
"../../../Engine/Plugins/MovieScene/ActorSequence/Binaries/Win64/UnrealEditor.modules" 1359
"../../../Engine/Plugins/MovieScene/SequenceValidator/Binaries/Win64/UnrealEditor.modules" 1360
"../../../Engine/Plugins/Online/OnlineSubsystemNull/Binaries/Win64/UnrealEditor.modules" 1361
"../../../Engine/Plugins/Editor/Localization/PortableObjectFileDataSource/Binaries/Win64/UnrealEditor.modules" 1362
"../../../Engine/Plugins/Runtime/Windows/XInputDevice/Binaries/Win64/UnrealEditor.modules" 1363
"../../../Engine/Plugins/Experimental/InterchangeAxF/Assets/Binaries/Win64/UnrealEditor.modules" 1364
"../../../Engine/Plugins/Editor/ContentBrowser/ContentBrowserClassDataSource/Binaries/Win64/UnrealEditor.modules" 1365
"../../../Engine/Plugins/Editor/ObjectMixer/LightMixer/Binaries/Win64/UnrealEditor.modules" 1366
"../../../Engine/Config/BaseSourceControlSettings.ini" 1367
"../../../Engine/Content/Internationalization/icudt64l/coll/ucadata.icu" 1368
"../../../Engine/Content/Internationalization/icudt64l/coll/en_US.res" 1369
"../../../Engine/Content/Internationalization/icudt64l/coll/en.res" 1370
"../../../Engine/Content/Internationalization/icudt64l/coll/root.res" 1371
"../../../Engine/Content/Internationalization/icudt64l/numberingSystems.res" 1372
"../../../Engine/Content/Internationalization/icudt64l/curr/supplementalData.res" 1373
"../../../Engine/Content/Internationalization/icudt64l/curr/en.res" 1374
"../../../Engine/Content/Internationalization/icudt64l/curr/pool.res" 1375
"../../../Engine/Content/Internationalization/icudt64l/curr/root.res" 1376
"../../../Engine/Content/Certificates/ThirdParty/cacert.pem" 1377
"../../../Engine/Config/ConsoleVariables.ini" 1378
"C:/Users/varghesechac/code/MileH/WideFieldAssembly/Saved/Logs/AutoSDKInfo.txt" 1379
"../../../Engine/Binaries/Win64/Android/UnrealEditor.modules" 1380
"../../../Engine/Binaries/Win64/IOS/UnrealEditor.modules" 1381
"../../../Engine/Binaries/Win64/Linux/UnrealEditor.modules" 1382
"../../../Engine/Content/Localization/Editor/en/Editor.locres" 1383
"../../../Engine/Content/Localization/Keywords/en/Keywords.locres" 1384
"../../../Engine/Content/Localization/Category/en/Category.locres" 1385
"../../../Engine/Content/Localization/ToolTips/en/ToolTips.locres" 1386
"../../../Engine/Content/Localization/PropertyNames/en/PropertyNames.locres" 1387
"../../../Engine/Content/Localization/Engine/en/Engine.locres" 1388
"../../../Engine/Plugins/Online/OnlineSubsystem/Content/Localization/OnlineSubsystem/en/OnlineSubsystem.locres" 1389
"../../../Engine/Plugins/Online/OnlineSubsystemUtils/Content/Localization/OnlineSubsystemUtils/en/OnlineSubsystemUtils.locres" 1390
"../../../Engine/Plugins/Online/Android/OnlineSubsystemGooglePlay/Content/Localization/OnlineSubsystemGooglePlay/en/OnlineSubsystemGooglePlay.locres" 1391
"../../../Engine/Plugins/Online/IOS/OnlineSubsystemIOS/Content/Localization/OnlineSubsystemIOS/en/OnlineSubsystemIOS.locres" 1392
"../../../Engine/Content/Internationalization/icudt64l/lang/af.res" 1393
"../../../Engine/Content/Internationalization/icudt64l/region/af.res" 1394
"../../../Engine/Content/Internationalization/icudt64l/lang/agq.res" 1395
"../../../Engine/Content/Internationalization/icudt64l/region/agq.res" 1396
"../../../Engine/Content/Internationalization/icudt64l/lang/ak.res" 1397
"../../../Engine/Content/Internationalization/icudt64l/region/ak.res" 1398
"../../../Engine/Content/Internationalization/icudt64l/lang/am.res" 1399
"../../../Engine/Content/Internationalization/icudt64l/region/am.res" 1400
"../../../Engine/Content/Internationalization/icudt64l/lang/ar.res" 1401
"../../../Engine/Content/Internationalization/icudt64l/region/ar.res" 1402
"../../../Engine/Content/Internationalization/icudt64l/region/ar_AE.res" 1403
"../../../Engine/Content/Internationalization/icudt64l/lang/ar_EG.res" 1404
"../../../Engine/Content/Internationalization/icudt64l/lang/ar_LY.res" 1405
"../../../Engine/Content/Internationalization/icudt64l/region/ar_LY.res" 1406
"../../../Engine/Content/Internationalization/icudt64l/lang/ar_SA.res" 1407
"../../../Engine/Content/Internationalization/icudt64l/region/ar_SA.res" 1408
"../../../Engine/Content/Internationalization/icudt64l/lang/as.res" 1409
"../../../Engine/Content/Internationalization/icudt64l/region/as.res" 1410
"../../../Engine/Content/Internationalization/icudt64l/lang/asa.res" 1411
"../../../Engine/Content/Internationalization/icudt64l/region/asa.res" 1412
"../../../Engine/Content/Internationalization/icudt64l/lang/ast.res" 1413
"../../../Engine/Content/Internationalization/icudt64l/region/ast.res" 1414
"../../../Engine/Content/Internationalization/icudt64l/lang/az.res" 1415
"../../../Engine/Content/Internationalization/icudt64l/lang/az_Cyrl.res" 1416
"../../../Engine/Content/Internationalization/icudt64l/lang/az_AZ.res" 1417
"../../../Engine/Content/Internationalization/icudt64l/lang/az_Latn_AZ.res" 1418
"../../../Engine/Content/Internationalization/icudt64l/lang/az_Latn.res" 1419
"../../../Engine/Content/Internationalization/icudt64l/region/az_AZ.res" 1420
"../../../Engine/Content/Internationalization/icudt64l/region/az_Latn_AZ.res" 1421
"../../../Engine/Content/Internationalization/icudt64l/region/az_Latn.res" 1422
"../../../Engine/Content/Internationalization/icudt64l/region/az.res" 1423
"../../../Engine/Content/Internationalization/icudt64l/region/az_Cyrl.res" 1424
"../../../Engine/Content/Internationalization/icudt64l/lang/bas.res" 1425
"../../../Engine/Content/Internationalization/icudt64l/region/bas.res" 1426
"../../../Engine/Content/Internationalization/icudt64l/lang/be.res" 1427
"../../../Engine/Content/Internationalization/icudt64l/region/be.res" 1428
"../../../Engine/Content/Internationalization/icudt64l/lang/bem.res" 1429
"../../../Engine/Content/Internationalization/icudt64l/region/bem.res" 1430
"../../../Engine/Content/Internationalization/icudt64l/lang/bez.res" 1431
"../../../Engine/Content/Internationalization/icudt64l/region/bez.res" 1432
"../../../Engine/Content/Internationalization/icudt64l/lang/bg.res" 1433
"../../../Engine/Content/Internationalization/icudt64l/region/bg.res" 1434
"../../../Engine/Content/Internationalization/icudt64l/lang/bm.res" 1435
"../../../Engine/Content/Internationalization/icudt64l/region/bm.res" 1436
"../../../Engine/Content/Internationalization/icudt64l/lang/bn.res" 1437
"../../../Engine/Content/Internationalization/icudt64l/region/bn.res" 1438
"../../../Engine/Content/Internationalization/icudt64l/lang/bn_IN.res" 1439
"../../../Engine/Content/Internationalization/icudt64l/region/bn_IN.res" 1440
"../../../Engine/Content/Internationalization/icudt64l/lang/bo.res" 1441
"../../../Engine/Content/Internationalization/icudt64l/region/bo.res" 1442
"../../../Engine/Content/Internationalization/icudt64l/region/bo_IN.res" 1443
"../../../Engine/Content/Internationalization/icudt64l/lang/br.res" 1444
"../../../Engine/Content/Internationalization/icudt64l/region/br.res" 1445
"../../../Engine/Content/Internationalization/icudt64l/lang/brx.res" 1446
"../../../Engine/Content/Internationalization/icudt64l/region/brx.res" 1447
"../../../Engine/Content/Internationalization/icudt64l/lang/bs.res" 1448
"../../../Engine/Content/Internationalization/icudt64l/lang/bs_Cyrl.res" 1449
"../../../Engine/Content/Internationalization/icudt64l/lang/bs_BA.res" 1450
"../../../Engine/Content/Internationalization/icudt64l/lang/bs_Latn_BA.res" 1451
"../../../Engine/Content/Internationalization/icudt64l/lang/bs_Latn.res" 1452
"../../../Engine/Content/Internationalization/icudt64l/region/bs_BA.res" 1453
"../../../Engine/Content/Internationalization/icudt64l/region/bs_Latn_BA.res" 1454
"../../../Engine/Content/Internationalization/icudt64l/region/bs_Latn.res" 1455
"../../../Engine/Content/Internationalization/icudt64l/region/bs.res" 1456
"../../../Engine/Content/Internationalization/icudt64l/region/bs_Cyrl.res" 1457
"../../../Engine/Content/Internationalization/icudt64l/lang/ca.res" 1458
"../../../Engine/Content/Internationalization/icudt64l/region/ca.res" 1459
"../../../Engine/Content/Internationalization/icudt64l/lang/ccp.res" 1460
"../../../Engine/Content/Internationalization/icudt64l/region/ccp.res" 1461
"../../../Engine/Content/Internationalization/icudt64l/lang/ce.res" 1462
"../../../Engine/Content/Internationalization/icudt64l/region/ce.res" 1463
"../../../Engine/Content/Internationalization/icudt64l/lang/ceb.res" 1464
"../../../Engine/Content/Internationalization/icudt64l/region/ceb.res" 1465
"../../../Engine/Content/Internationalization/icudt64l/lang/cgg.res" 1466
"../../../Engine/Content/Internationalization/icudt64l/region/cgg.res" 1467
"../../../Engine/Content/Internationalization/icudt64l/lang/chr.res" 1468
"../../../Engine/Content/Internationalization/icudt64l/region/chr.res" 1469
"../../../Engine/Content/Internationalization/icudt64l/lang/ckb.res" 1470
"../../../Engine/Content/Internationalization/icudt64l/region/ckb.res" 1471
"../../../Engine/Content/Internationalization/icudt64l/lang/cs.res" 1472
"../../../Engine/Content/Internationalization/icudt64l/region/cs.res" 1473
"../../../Engine/Content/Internationalization/icudt64l/lang/cy.res" 1474
"../../../Engine/Content/Internationalization/icudt64l/region/cy.res" 1475
"../../../Engine/Content/Internationalization/icudt64l/lang/da.res" 1476
"../../../Engine/Content/Internationalization/icudt64l/region/da.res" 1477
"../../../Engine/Content/Internationalization/icudt64l/lang/dav.res" 1478
"../../../Engine/Content/Internationalization/icudt64l/region/dav.res" 1479
"../../../Engine/Content/Internationalization/icudt64l/lang/de.res" 1480
"../../../Engine/Content/Internationalization/icudt64l/lang/de_AT.res" 1481
"../../../Engine/Content/Internationalization/icudt64l/region/de_AT.res" 1482
"../../../Engine/Content/Internationalization/icudt64l/region/de.res" 1483
"../../../Engine/Content/Internationalization/icudt64l/lang/de_CH.res" 1484
"../../../Engine/Content/Internationalization/icudt64l/region/de_CH.res" 1485
"../../../Engine/Content/Internationalization/icudt64l/lang/de_LU.res" 1486
"../../../Engine/Content/Internationalization/icudt64l/lang/dje.res" 1487
"../../../Engine/Content/Internationalization/icudt64l/region/dje.res" 1488
"../../../Engine/Content/Internationalization/icudt64l/lang/dsb.res" 1489
"../../../Engine/Content/Internationalization/icudt64l/region/dsb.res" 1490
"../../../Engine/Content/Internationalization/icudt64l/lang/dua.res" 1491
"../../../Engine/Content/Internationalization/icudt64l/region/dua.res" 1492
"../../../Engine/Content/Internationalization/icudt64l/lang/dyo.res" 1493
"../../../Engine/Content/Internationalization/icudt64l/region/dyo.res" 1494
"../../../Engine/Content/Internationalization/icudt64l/lang/dz.res" 1495
"../../../Engine/Content/Internationalization/icudt64l/region/dz.res" 1496
"../../../Engine/Content/Internationalization/icudt64l/lang/ebu.res" 1497
"../../../Engine/Content/Internationalization/icudt64l/region/ebu.res" 1498
"../../../Engine/Content/Internationalization/icudt64l/lang/ee.res" 1499
"../../../Engine/Content/Internationalization/icudt64l/region/ee.res" 1500
"../../../Engine/Content/Internationalization/icudt64l/lang/el.res" 1501
"../../../Engine/Content/Internationalization/icudt64l/region/el.res" 1502
"../../../Engine/Content/Internationalization/icudt64l/lang/en_001.res" 1503
"../../../Engine/Content/Internationalization/icudt64l/lang/en_150.res" 1504
"../../../Engine/Content/Internationalization/icudt64l/region/en_150.res" 1505
"../../../Engine/Content/Internationalization/icudt64l/lang/en_AG.res" 1506
"../../../Engine/Content/Internationalization/icudt64l/region/en_AG.res" 1507
"../../../Engine/Content/Internationalization/icudt64l/lang/en_AI.res" 1508
"../../../Engine/Content/Internationalization/icudt64l/region/en_AI.res" 1509
"../../../Engine/Content/Internationalization/icudt64l/lang/en_AT.res" 1510
"../../../Engine/Content/Internationalization/icudt64l/region/en_AT.res" 1511
"../../../Engine/Content/Internationalization/icudt64l/lang/en_AU.res" 1512
"../../../Engine/Content/Internationalization/icudt64l/region/en_AU.res" 1513
"../../../Engine/Content/Internationalization/icudt64l/lang/en_BB.res" 1514
"../../../Engine/Content/Internationalization/icudt64l/region/en_BB.res" 1515
"../../../Engine/Content/Internationalization/icudt64l/lang/en_BE.res" 1516
"../../../Engine/Content/Internationalization/icudt64l/region/en_BE.res" 1517
"../../../Engine/Content/Internationalization/icudt64l/lang/en_BM.res" 1518
"../../../Engine/Content/Internationalization/icudt64l/region/en_BM.res" 1519
"../../../Engine/Content/Internationalization/icudt64l/lang/en_BS.res" 1520
"../../../Engine/Content/Internationalization/icudt64l/region/en_BS.res" 1521
"../../../Engine/Content/Internationalization/icudt64l/lang/en_BW.res" 1522
"../../../Engine/Content/Internationalization/icudt64l/region/en_BW.res" 1523
"../../../Engine/Content/Internationalization/icudt64l/lang/en_BZ.res" 1524
"../../../Engine/Content/Internationalization/icudt64l/region/en_BZ.res" 1525
"../../../Engine/Content/Internationalization/icudt64l/lang/en_CA.res" 1526
"../../../Engine/Content/Internationalization/icudt64l/region/en_CA.res" 1527
"../../../Engine/Content/Internationalization/icudt64l/lang/en_CC.res" 1528
"../../../Engine/Content/Internationalization/icudt64l/region/en_CC.res" 1529
"../../../Engine/Content/Internationalization/icudt64l/lang/en_CH.res" 1530
"../../../Engine/Content/Internationalization/icudt64l/region/en_CH.res" 1531
"../../../Engine/Content/Internationalization/icudt64l/lang/en_CK.res" 1532
"../../../Engine/Content/Internationalization/icudt64l/region/en_CK.res" 1533
"../../../Engine/Content/Internationalization/icudt64l/lang/en_CM.res" 1534
"../../../Engine/Content/Internationalization/icudt64l/region/en_CM.res" 1535
"../../../Engine/Content/Internationalization/icudt64l/lang/en_CX.res" 1536
"../../../Engine/Content/Internationalization/icudt64l/region/en_CX.res" 1537
"../../../Engine/Content/Internationalization/icudt64l/lang/en_CY.res" 1538
"../../../Engine/Content/Internationalization/icudt64l/region/en_CY.res" 1539
"../../../Engine/Content/Internationalization/icudt64l/lang/en_DE.res" 1540
"../../../Engine/Content/Internationalization/icudt64l/region/en_DE.res" 1541
"../../../Engine/Content/Internationalization/icudt64l/lang/en_DG.res" 1542
"../../../Engine/Content/Internationalization/icudt64l/region/en_DG.res" 1543
"../../../Engine/Content/Internationalization/icudt64l/lang/en_DK.res" 1544
"../../../Engine/Content/Internationalization/icudt64l/region/en_DK.res" 1545
"../../../Engine/Content/Internationalization/icudt64l/lang/en_DM.res" 1546
"../../../Engine/Content/Internationalization/icudt64l/region/en_DM.res" 1547
"../../../Engine/Content/Internationalization/icudt64l/lang/en_ER.res" 1548
"../../../Engine/Content/Internationalization/icudt64l/region/en_ER.res" 1549
"../../../Engine/Content/Internationalization/icudt64l/lang/en_FI.res" 1550
"../../../Engine/Content/Internationalization/icudt64l/region/en_FI.res" 1551
"../../../Engine/Content/Internationalization/icudt64l/lang/en_FJ.res" 1552
"../../../Engine/Content/Internationalization/icudt64l/region/en_FJ.res" 1553
"../../../Engine/Content/Internationalization/icudt64l/lang/en_FK.res" 1554
"../../../Engine/Content/Internationalization/icudt64l/region/en_FK.res" 1555
"../../../Engine/Content/Internationalization/icudt64l/lang/en_FM.res" 1556
"../../../Engine/Content/Internationalization/icudt64l/region/en_FM.res" 1557
"../../../Engine/Content/Internationalization/icudt64l/lang/en_GB.res" 1558
"../../../Engine/Content/Internationalization/icudt64l/region/en_GB.res" 1559
"../../../Engine/Content/Internationalization/icudt64l/lang/en_GD.res" 1560
"../../../Engine/Content/Internationalization/icudt64l/region/en_GD.res" 1561
"../../../Engine/Content/Internationalization/icudt64l/lang/en_GG.res" 1562
"../../../Engine/Content/Internationalization/icudt64l/region/en_GG.res" 1563
"../../../Engine/Content/Internationalization/icudt64l/lang/en_GH.res" 1564
"../../../Engine/Content/Internationalization/icudt64l/region/en_GH.res" 1565
"../../../Engine/Content/Internationalization/icudt64l/lang/en_GI.res" 1566
"../../../Engine/Content/Internationalization/icudt64l/region/en_GI.res" 1567
"../../../Engine/Content/Internationalization/icudt64l/lang/en_GM.res" 1568
"../../../Engine/Content/Internationalization/icudt64l/region/en_GM.res" 1569
"../../../Engine/Content/Internationalization/icudt64l/lang/en_GY.res" 1570
"../../../Engine/Content/Internationalization/icudt64l/region/en_GY.res" 1571
"../../../Engine/Content/Internationalization/icudt64l/lang/en_HK.res" 1572
"../../../Engine/Content/Internationalization/icudt64l/region/en_HK.res" 1573
"../../../Engine/Content/Internationalization/icudt64l/lang/en_IE.res" 1574
"../../../Engine/Content/Internationalization/icudt64l/region/en_IE.res" 1575
"../../../Engine/Content/Internationalization/icudt64l/lang/en_IL.res" 1576
"../../../Engine/Content/Internationalization/icudt64l/region/en_IL.res" 1577
"../../../Engine/Content/Internationalization/icudt64l/lang/en_IM.res" 1578
"../../../Engine/Content/Internationalization/icudt64l/region/en_IM.res" 1579
"../../../Engine/Content/Internationalization/icudt64l/lang/en_IN.res" 1580
"../../../Engine/Content/Internationalization/icudt64l/region/en_IN.res" 1581
"../../../Engine/Content/Internationalization/icudt64l/lang/en_IO.res" 1582
"../../../Engine/Content/Internationalization/icudt64l/region/en_IO.res" 1583
"../../../Engine/Content/Internationalization/icudt64l/lang/en_JE.res" 1584
"../../../Engine/Content/Internationalization/icudt64l/region/en_JE.res" 1585
"../../../Engine/Content/Internationalization/icudt64l/lang/en_JM.res" 1586
"../../../Engine/Content/Internationalization/icudt64l/region/en_JM.res" 1587
"../../../Engine/Content/Internationalization/icudt64l/lang/en_KE.res" 1588
"../../../Engine/Content/Internationalization/icudt64l/region/en_KE.res" 1589
"../../../Engine/Content/Internationalization/icudt64l/lang/en_KI.res" 1590
"../../../Engine/Content/Internationalization/icudt64l/region/en_KI.res" 1591
"../../../Engine/Content/Internationalization/icudt64l/lang/en_KN.res" 1592
"../../../Engine/Content/Internationalization/icudt64l/region/en_KN.res" 1593
"../../../Engine/Content/Internationalization/icudt64l/lang/en_KY.res" 1594
"../../../Engine/Content/Internationalization/icudt64l/region/en_KY.res" 1595
"../../../Engine/Content/Internationalization/icudt64l/lang/en_LC.res" 1596
"../../../Engine/Content/Internationalization/icudt64l/region/en_LC.res" 1597
"../../../Engine/Content/Internationalization/icudt64l/lang/en_LR.res" 1598
"../../../Engine/Content/Internationalization/icudt64l/region/en_LR.res" 1599
"../../../Engine/Content/Internationalization/icudt64l/lang/en_LS.res" 1600
"../../../Engine/Content/Internationalization/icudt64l/region/en_LS.res" 1601
"../../../Engine/Content/Internationalization/icudt64l/lang/en_MG.res" 1602
"../../../Engine/Content/Internationalization/icudt64l/region/en_MG.res" 1603
"../../../Engine/Content/Internationalization/icudt64l/lang/en_MO.res" 1604
"../../../Engine/Content/Internationalization/icudt64l/region/en_MO.res" 1605
"../../../Engine/Content/Internationalization/icudt64l/lang/en_MS.res" 1606
"../../../Engine/Content/Internationalization/icudt64l/region/en_MS.res" 1607
"../../../Engine/Content/Internationalization/icudt64l/lang/en_MT.res" 1608
"../../../Engine/Content/Internationalization/icudt64l/region/en_MT.res" 1609
"../../../Engine/Content/Internationalization/icudt64l/lang/en_MU.res" 1610
"../../../Engine/Content/Internationalization/icudt64l/region/en_MU.res" 1611
"../../../Engine/Content/Internationalization/icudt64l/lang/en_MW.res" 1612
"../../../Engine/Content/Internationalization/icudt64l/region/en_MW.res" 1613
"../../../Engine/Content/Internationalization/icudt64l/lang/en_MY.res" 1614
"../../../Engine/Content/Internationalization/icudt64l/region/en_MY.res" 1615
"../../../Engine/Content/Internationalization/icudt64l/lang/en_NA.res" 1616
"../../../Engine/Content/Internationalization/icudt64l/region/en_NA.res" 1617
"../../../Engine/Content/Internationalization/icudt64l/lang/en_NF.res" 1618
"../../../Engine/Content/Internationalization/icudt64l/region/en_NF.res" 1619
"../../../Engine/Content/Internationalization/icudt64l/lang/en_NG.res" 1620
"../../../Engine/Content/Internationalization/icudt64l/region/en_NG.res" 1621
"../../../Engine/Content/Internationalization/icudt64l/lang/en_NL.res" 1622
"../../../Engine/Content/Internationalization/icudt64l/region/en_NL.res" 1623
"../../../Engine/Content/Internationalization/icudt64l/lang/en_NR.res" 1624
"../../../Engine/Content/Internationalization/icudt64l/region/en_NR.res" 1625
"../../../Engine/Content/Internationalization/icudt64l/lang/en_NU.res" 1626
"../../../Engine/Content/Internationalization/icudt64l/region/en_NU.res" 1627
"../../../Engine/Content/Internationalization/icudt64l/lang/en_NZ.res" 1628
"../../../Engine/Content/Internationalization/icudt64l/region/en_NZ.res" 1629
"../../../Engine/Content/Internationalization/icudt64l/lang/en_PG.res" 1630
"../../../Engine/Content/Internationalization/icudt64l/region/en_PG.res" 1631
"../../../Engine/Content/Internationalization/icudt64l/lang/en_PH.res" 1632
"../../../Engine/Content/Internationalization/icudt64l/region/en_PH.res" 1633
"../../../Engine/Content/Internationalization/icudt64l/lang/en_PK.res" 1634
"../../../Engine/Content/Internationalization/icudt64l/region/en_PK.res" 1635
"../../../Engine/Content/Internationalization/icudt64l/lang/en_PN.res" 1636
"../../../Engine/Content/Internationalization/icudt64l/region/en_PN.res" 1637
"../../../Engine/Content/Internationalization/icudt64l/lang/en_PW.res" 1638
"../../../Engine/Content/Internationalization/icudt64l/region/en_PW.res" 1639
"../../../Engine/Content/Internationalization/icudt64l/lang/en_RW.res" 1640
"../../../Engine/Content/Internationalization/icudt64l/region/en_RW.res" 1641
"../../../Engine/Content/Internationalization/icudt64l/lang/en_SB.res" 1642
"../../../Engine/Content/Internationalization/icudt64l/region/en_SB.res" 1643
"../../../Engine/Content/Internationalization/icudt64l/lang/en_SC.res" 1644
"../../../Engine/Content/Internationalization/icudt64l/region/en_SC.res" 1645
"../../../Engine/Content/Internationalization/icudt64l/lang/en_SD.res" 1646
"../../../Engine/Content/Internationalization/icudt64l/region/en_SD.res" 1647
"../../../Engine/Content/Internationalization/icudt64l/lang/en_SE.res" 1648
"../../../Engine/Content/Internationalization/icudt64l/region/en_SE.res" 1649
"../../../Engine/Content/Internationalization/icudt64l/lang/en_SG.res" 1650
"../../../Engine/Content/Internationalization/icudt64l/region/en_SG.res" 1651
"../../../Engine/Content/Internationalization/icudt64l/lang/en_SH.res" 1652
"../../../Engine/Content/Internationalization/icudt64l/region/en_SH.res" 1653
"../../../Engine/Content/Internationalization/icudt64l/lang/en_SI.res" 1654
"../../../Engine/Content/Internationalization/icudt64l/region/en_SI.res" 1655
"../../../Engine/Content/Internationalization/icudt64l/lang/en_SL.res" 1656
"../../../Engine/Content/Internationalization/icudt64l/region/en_SL.res" 1657
"../../../Engine/Content/Internationalization/icudt64l/lang/en_SS.res" 1658
"../../../Engine/Content/Internationalization/icudt64l/region/en_SS.res" 1659
"../../../Engine/Content/Internationalization/icudt64l/lang/en_SX.res" 1660
"../../../Engine/Content/Internationalization/icudt64l/region/en_SX.res" 1661
"../../../Engine/Content/Internationalization/icudt64l/lang/en_SZ.res" 1662
"../../../Engine/Content/Internationalization/icudt64l/region/en_SZ.res" 1663
"../../../Engine/Content/Internationalization/icudt64l/lang/en_TC.res" 1664
"../../../Engine/Content/Internationalization/icudt64l/region/en_TC.res" 1665
"../../../Engine/Content/Internationalization/icudt64l/lang/en_TK.res" 1666
"../../../Engine/Content/Internationalization/icudt64l/region/en_TK.res" 1667
"../../../Engine/Content/Internationalization/icudt64l/lang/en_TO.res" 1668
"../../../Engine/Content/Internationalization/icudt64l/region/en_TO.res" 1669
"../../../Engine/Content/Internationalization/icudt64l/lang/en_TT.res" 1670
"../../../Engine/Content/Internationalization/icudt64l/region/en_TT.res" 1671
"../../../Engine/Content/Internationalization/icudt64l/lang/en_TV.res" 1672
"../../../Engine/Content/Internationalization/icudt64l/region/en_TV.res" 1673
"../../../Engine/Content/Internationalization/icudt64l/lang/en_TZ.res" 1674
"../../../Engine/Content/Internationalization/icudt64l/region/en_TZ.res" 1675
"../../../Engine/Content/Internationalization/icudt64l/lang/en_UG.res" 1676
"../../../Engine/Content/Internationalization/icudt64l/region/en_UG.res" 1677
"../../../Engine/Content/Internationalization/icudt64l/lang/en_VC.res" 1678
"../../../Engine/Content/Internationalization/icudt64l/region/en_VC.res" 1679
"../../../Engine/Content/Internationalization/icudt64l/lang/en_VG.res" 1680
"../../../Engine/Content/Internationalization/icudt64l/region/en_VG.res" 1681
"../../../Engine/Content/Internationalization/icudt64l/lang/en_VU.res" 1682
"../../../Engine/Content/Internationalization/icudt64l/region/en_VU.res" 1683
"../../../Engine/Content/Internationalization/icudt64l/lang/en_WS.res" 1684
"../../../Engine/Content/Internationalization/icudt64l/region/en_WS.res" 1685
"../../../Engine/Content/Internationalization/icudt64l/lang/en_ZA.res" 1686
"../../../Engine/Content/Internationalization/icudt64l/region/en_ZA.res" 1687
"../../../Engine/Content/Internationalization/icudt64l/lang/en_ZM.res" 1688
"../../../Engine/Content/Internationalization/icudt64l/region/en_ZM.res" 1689
"../../../Engine/Content/Internationalization/icudt64l/lang/en_ZW.res" 1690
"../../../Engine/Content/Internationalization/icudt64l/region/en_ZW.res" 1691
"../../../Engine/Content/Internationalization/icudt64l/lang/eo.res" 1692
"../../../Engine/Content/Internationalization/icudt64l/region/eo.res" 1693
"../../../Engine/Content/Internationalization/icudt64l/lang/es.res" 1694
"../../../Engine/Content/Internationalization/icudt64l/lang/es_419.res" 1695
"../../../Engine/Content/Internationalization/icudt64l/region/es_419.res" 1696
"../../../Engine/Content/Internationalization/icudt64l/region/es.res" 1697
"../../../Engine/Content/Internationalization/icudt64l/lang/es_AR.res" 1698
"../../../Engine/Content/Internationalization/icudt64l/region/es_AR.res" 1699
"../../../Engine/Content/Internationalization/icudt64l/lang/es_BO.res" 1700
"../../../Engine/Content/Internationalization/icudt64l/region/es_BO.res" 1701
"../../../Engine/Content/Internationalization/icudt64l/lang/es_BR.res" 1702
"../../../Engine/Content/Internationalization/icudt64l/region/es_BR.res" 1703
"../../../Engine/Content/Internationalization/icudt64l/lang/es_BZ.res" 1704
"../../../Engine/Content/Internationalization/icudt64l/region/es_BZ.res" 1705
"../../../Engine/Content/Internationalization/icudt64l/lang/es_CL.res" 1706
"../../../Engine/Content/Internationalization/icudt64l/region/es_CL.res" 1707
"../../../Engine/Content/Internationalization/icudt64l/lang/es_CO.res" 1708
"../../../Engine/Content/Internationalization/icudt64l/region/es_CO.res" 1709
"../../../Engine/Content/Internationalization/icudt64l/lang/es_CR.res" 1710
"../../../Engine/Content/Internationalization/icudt64l/region/es_CR.res" 1711
"../../../Engine/Content/Internationalization/icudt64l/lang/es_CU.res" 1712
"../../../Engine/Content/Internationalization/icudt64l/region/es_CU.res" 1713
"../../../Engine/Content/Internationalization/icudt64l/lang/es_DO.res" 1714
"../../../Engine/Content/Internationalization/icudt64l/region/es_DO.res" 1715
"../../../Engine/Content/Internationalization/icudt64l/lang/es_EC.res" 1716
"../../../Engine/Content/Internationalization/icudt64l/region/es_EC.res" 1717
"../../../Engine/Content/Internationalization/icudt64l/lang/es_GT.res" 1718
"../../../Engine/Content/Internationalization/icudt64l/region/es_GT.res" 1719
"../../../Engine/Content/Internationalization/icudt64l/lang/es_HN.res" 1720
"../../../Engine/Content/Internationalization/icudt64l/region/es_HN.res" 1721
"../../../Engine/Content/Internationalization/icudt64l/lang/es_MX.res" 1722
"../../../Engine/Content/Internationalization/icudt64l/region/es_MX.res" 1723
"../../../Engine/Content/Internationalization/icudt64l/lang/es_NI.res" 1724
"../../../Engine/Content/Internationalization/icudt64l/region/es_NI.res" 1725
"../../../Engine/Content/Internationalization/icudt64l/lang/es_PA.res" 1726
"../../../Engine/Content/Internationalization/icudt64l/region/es_PA.res" 1727
"../../../Engine/Content/Internationalization/icudt64l/lang/es_PE.res" 1728
"../../../Engine/Content/Internationalization/icudt64l/region/es_PE.res" 1729
"../../../Engine/Content/Internationalization/icudt64l/lang/es_PR.res" 1730
"../../../Engine/Content/Internationalization/icudt64l/region/es_PR.res" 1731
"../../../Engine/Content/Internationalization/icudt64l/lang/es_PY.res" 1732
"../../../Engine/Content/Internationalization/icudt64l/region/es_PY.res" 1733
"../../../Engine/Content/Internationalization/icudt64l/lang/es_SV.res" 1734
"../../../Engine/Content/Internationalization/icudt64l/region/es_SV.res" 1735
"../../../Engine/Content/Internationalization/icudt64l/lang/es_US.res" 1736
"../../../Engine/Content/Internationalization/icudt64l/region/es_US.res" 1737
"../../../Engine/Content/Internationalization/icudt64l/lang/es_UY.res" 1738
"../../../Engine/Content/Internationalization/icudt64l/region/es_UY.res" 1739
"../../../Engine/Content/Internationalization/icudt64l/lang/es_VE.res" 1740
"../../../Engine/Content/Internationalization/icudt64l/region/es_VE.res" 1741
"../../../Engine/Content/Internationalization/icudt64l/lang/et.res" 1742
"../../../Engine/Content/Internationalization/icudt64l/region/et.res" 1743
"../../../Engine/Content/Internationalization/icudt64l/lang/eu.res" 1744
"../../../Engine/Content/Internationalization/icudt64l/region/eu.res" 1745
"../../../Engine/Content/Internationalization/icudt64l/lang/ewo.res" 1746
"../../../Engine/Content/Internationalization/icudt64l/region/ewo.res" 1747
"../../../Engine/Content/Internationalization/icudt64l/lang/fa.res" 1748
"../../../Engine/Content/Internationalization/icudt64l/lang/fa_AF.res" 1749
"../../../Engine/Content/Internationalization/icudt64l/region/fa_AF.res" 1750
"../../../Engine/Content/Internationalization/icudt64l/region/fa.res" 1751
"../../../Engine/Content/Internationalization/icudt64l/lang/ff.res" 1752
"../../../Engine/Content/Internationalization/icudt64l/lang/ff_Latn.res" 1753
"../../../Engine/Content/Internationalization/icudt64l/region/ff.res" 1754
"../../../Engine/Content/Internationalization/icudt64l/region/ff_Latn.res" 1755
"../../../Engine/Content/Internationalization/icudt64l/lang/ff_CM.res" 1756
"../../../Engine/Content/Internationalization/icudt64l/lang/ff_Latn_CM.res" 1757
"../../../Engine/Content/Internationalization/icudt64l/region/ff_CM.res" 1758
"../../../Engine/Content/Internationalization/icudt64l/region/ff_Latn_CM.res" 1759
"../../../Engine/Content/Internationalization/icudt64l/lang/ff_GN.res" 1760
"../../../Engine/Content/Internationalization/icudt64l/lang/ff_Latn_GN.res" 1761
"../../../Engine/Content/Internationalization/icudt64l/region/ff_GN.res" 1762
"../../../Engine/Content/Internationalization/icudt64l/region/ff_Latn_GN.res" 1763
"../../../Engine/Content/Internationalization/icudt64l/lang/ff_MR.res" 1764
"../../../Engine/Content/Internationalization/icudt64l/lang/ff_Latn_MR.res" 1765
"../../../Engine/Content/Internationalization/icudt64l/region/ff_MR.res" 1766
"../../../Engine/Content/Internationalization/icudt64l/region/ff_Latn_MR.res" 1767
"../../../Engine/Content/Internationalization/icudt64l/lang/ff_SN.res" 1768
"../../../Engine/Content/Internationalization/icudt64l/lang/ff_Latn_SN.res" 1769
"../../../Engine/Content/Internationalization/icudt64l/region/ff_SN.res" 1770
"../../../Engine/Content/Internationalization/icudt64l/region/ff_Latn_SN.res" 1771
"../../../Engine/Content/Internationalization/icudt64l/lang/fi.res" 1772
"../../../Engine/Content/Internationalization/icudt64l/region/fi.res" 1773
"../../../Engine/Content/Internationalization/icudt64l/lang/fil.res" 1774
"../../../Engine/Content/Internationalization/icudt64l/lang/fil_PH.res" 1775
"../../../Engine/Content/Internationalization/icudt64l/region/fil_PH.res" 1776
"../../../Engine/Content/Internationalization/icudt64l/region/fil.res" 1777
"../../../Engine/Content/Internationalization/icudt64l/lang/fo.res" 1778
"../../../Engine/Content/Internationalization/icudt64l/region/fo.res" 1779
"../../../Engine/Content/Internationalization/icudt64l/lang/fr.res" 1780
"../../../Engine/Content/Internationalization/icudt64l/lang/fr_BE.res" 1781
"../../../Engine/Content/Internationalization/icudt64l/region/fr_BE.res" 1782
"../../../Engine/Content/Internationalization/icudt64l/region/fr.res" 1783
"../../../Engine/Content/Internationalization/icudt64l/lang/fr_CA.res" 1784
"../../../Engine/Content/Internationalization/icudt64l/region/fr_CA.res" 1785
"../../../Engine/Content/Internationalization/icudt64l/lang/fr_CH.res" 1786
"../../../Engine/Content/Internationalization/icudt64l/lang/fur.res" 1787
"../../../Engine/Content/Internationalization/icudt64l/region/fur.res" 1788
"../../../Engine/Content/Internationalization/icudt64l/lang/fy.res" 1789
"../../../Engine/Content/Internationalization/icudt64l/region/fy.res" 1790
"../../../Engine/Content/Internationalization/icudt64l/lang/ga.res" 1791
"../../../Engine/Content/Internationalization/icudt64l/region/ga.res" 1792
"../../../Engine/Content/Internationalization/icudt64l/lang/gd.res" 1793
"../../../Engine/Content/Internationalization/icudt64l/region/gd.res" 1794
"../../../Engine/Content/Internationalization/icudt64l/lang/gl.res" 1795
"../../../Engine/Content/Internationalization/icudt64l/region/gl.res" 1796
"../../../Engine/Content/Internationalization/icudt64l/lang/gsw.res" 1797
"../../../Engine/Content/Internationalization/icudt64l/region/gsw.res" 1798
"../../../Engine/Content/Internationalization/icudt64l/lang/gu.res" 1799
"../../../Engine/Content/Internationalization/icudt64l/region/gu.res" 1800
"../../../Engine/Content/Internationalization/icudt64l/lang/guz.res" 1801
"../../../Engine/Content/Internationalization/icudt64l/region/guz.res" 1802
"../../../Engine/Content/Internationalization/icudt64l/lang/gv.res" 1803
"../../../Engine/Content/Internationalization/icudt64l/region/gv.res" 1804
"../../../Engine/Content/Internationalization/icudt64l/lang/ha.res" 1805
"../../../Engine/Content/Internationalization/icudt64l/region/ha.res" 1806
"../../../Engine/Content/Internationalization/icudt64l/lang/ha_NE.res" 1807
"../../../Engine/Content/Internationalization/icudt64l/region/ha_NE.res" 1808
"../../../Engine/Content/Internationalization/icudt64l/lang/haw.res" 1809
"../../../Engine/Content/Internationalization/icudt64l/region/haw.res" 1810
"../../../Engine/Content/Internationalization/icudt64l/lang/he.res" 1811
"../../../Engine/Content/Internationalization/icudt64l/lang/he_IL.res" 1812
"../../../Engine/Content/Internationalization/icudt64l/region/he_IL.res" 1813
"../../../Engine/Content/Internationalization/icudt64l/region/he.res" 1814
"../../../Engine/Content/Internationalization/icudt64l/lang/hi.res" 1815
"../../../Engine/Content/Internationalization/icudt64l/region/hi.res" 1816
"../../../Engine/Content/Internationalization/icudt64l/lang/hr.res" 1817
"../../../Engine/Content/Internationalization/icudt64l/region/hr.res" 1818
"../../../Engine/Content/Internationalization/icudt64l/lang/hsb.res" 1819
"../../../Engine/Content/Internationalization/icudt64l/region/hsb.res" 1820
"../../../Engine/Content/Internationalization/icudt64l/lang/hu.res" 1821
"../../../Engine/Content/Internationalization/icudt64l/region/hu.res" 1822
"../../../Engine/Content/Internationalization/icudt64l/lang/hy.res" 1823
"../../../Engine/Content/Internationalization/icudt64l/region/hy.res" 1824
"../../../Engine/Content/Internationalization/icudt64l/lang/ia.res" 1825
"../../../Engine/Content/Internationalization/icudt64l/region/ia.res" 1826
"../../../Engine/Content/Internationalization/icudt64l/lang/id.res" 1827
"../../../Engine/Content/Internationalization/icudt64l/lang/id_ID.res" 1828
"../../../Engine/Content/Internationalization/icudt64l/region/id_ID.res" 1829
"../../../Engine/Content/Internationalization/icudt64l/region/id.res" 1830
"../../../Engine/Content/Internationalization/icudt64l/lang/ig.res" 1831
"../../../Engine/Content/Internationalization/icudt64l/region/ig.res" 1832
"../../../Engine/Content/Internationalization/icudt64l/lang/ii.res" 1833
"../../../Engine/Content/Internationalization/icudt64l/region/ii.res" 1834
"../../../Engine/Content/Internationalization/icudt64l/lang/is.res" 1835
"../../../Engine/Content/Internationalization/icudt64l/region/is.res" 1836
"../../../Engine/Content/Internationalization/icudt64l/lang/it.res" 1837
"../../../Engine/Content/Internationalization/icudt64l/region/it.res" 1838
"../../../Engine/Content/Internationalization/icudt64l/lang/ja.res" 1839
"../../../Engine/Content/Internationalization/icudt64l/lang/ja_JP.res" 1840
"../../../Engine/Content/Internationalization/icudt64l/region/ja_JP.res" 1841
"../../../Engine/Content/Internationalization/icudt64l/region/ja.res" 1842
"../../../Engine/Content/Internationalization/icudt64l/lang/jgo.res" 1843
"../../../Engine/Content/Internationalization/icudt64l/region/jgo.res" 1844
"../../../Engine/Content/Internationalization/icudt64l/lang/jmc.res" 1845
"../../../Engine/Content/Internationalization/icudt64l/region/jmc.res" 1846
"../../../Engine/Content/Internationalization/icudt64l/lang/jv.res" 1847
"../../../Engine/Content/Internationalization/icudt64l/region/jv.res" 1848
"../../../Engine/Content/Internationalization/icudt64l/lang/ka.res" 1849
"../../../Engine/Content/Internationalization/icudt64l/region/ka.res" 1850
"../../../Engine/Content/Internationalization/icudt64l/lang/kab.res" 1851
"../../../Engine/Content/Internationalization/icudt64l/region/kab.res" 1852
"../../../Engine/Content/Internationalization/icudt64l/lang/kam.res" 1853
"../../../Engine/Content/Internationalization/icudt64l/region/kam.res" 1854
"../../../Engine/Content/Internationalization/icudt64l/lang/kde.res" 1855
"../../../Engine/Content/Internationalization/icudt64l/region/kde.res" 1856
"../../../Engine/Content/Internationalization/icudt64l/lang/kea.res" 1857
"../../../Engine/Content/Internationalization/icudt64l/region/kea.res" 1858
"../../../Engine/Content/Internationalization/icudt64l/lang/khq.res" 1859
"../../../Engine/Content/Internationalization/icudt64l/region/khq.res" 1860
"../../../Engine/Content/Internationalization/icudt64l/lang/ki.res" 1861
"../../../Engine/Content/Internationalization/icudt64l/region/ki.res" 1862
"../../../Engine/Content/Internationalization/icudt64l/lang/kk.res" 1863
"../../../Engine/Content/Internationalization/icudt64l/region/kk.res" 1864
"../../../Engine/Content/Internationalization/icudt64l/lang/kkj.res" 1865
"../../../Engine/Content/Internationalization/icudt64l/region/kkj.res" 1866
"../../../Engine/Content/Internationalization/icudt64l/lang/kl.res" 1867
"../../../Engine/Content/Internationalization/icudt64l/region/kl.res" 1868
"../../../Engine/Content/Internationalization/icudt64l/lang/kln.res" 1869
"../../../Engine/Content/Internationalization/icudt64l/region/kln.res" 1870
"../../../Engine/Content/Internationalization/icudt64l/lang/km.res" 1871
"../../../Engine/Content/Internationalization/icudt64l/region/km.res" 1872
"../../../Engine/Content/Internationalization/icudt64l/lang/kn.res" 1873
"../../../Engine/Content/Internationalization/icudt64l/region/kn.res" 1874
"../../../Engine/Content/Internationalization/icudt64l/lang/ko.res" 1875
"../../../Engine/Content/Internationalization/icudt64l/region/ko_KP.res" 1876
"../../../Engine/Content/Internationalization/icudt64l/region/ko.res" 1877
"../../../Engine/Content/Internationalization/icudt64l/lang/kok.res" 1878
"../../../Engine/Content/Internationalization/icudt64l/region/kok.res" 1879
"../../../Engine/Content/Internationalization/icudt64l/lang/ks.res" 1880
"../../../Engine/Content/Internationalization/icudt64l/region/ks.res" 1881
"../../../Engine/Content/Internationalization/icudt64l/lang/ksb.res" 1882
"../../../Engine/Content/Internationalization/icudt64l/region/ksb.res" 1883
"../../../Engine/Content/Internationalization/icudt64l/lang/ksf.res" 1884
"../../../Engine/Content/Internationalization/icudt64l/region/ksf.res" 1885
"../../../Engine/Content/Internationalization/icudt64l/lang/ksh.res" 1886
"../../../Engine/Content/Internationalization/icudt64l/region/ksh.res" 1887
"../../../Engine/Content/Internationalization/icudt64l/lang/ku.res" 1888
"../../../Engine/Content/Internationalization/icudt64l/region/ku.res" 1889
"../../../Engine/Content/Internationalization/icudt64l/lang/kw.res" 1890
"../../../Engine/Content/Internationalization/icudt64l/region/kw.res" 1891
"../../../Engine/Content/Internationalization/icudt64l/lang/ky.res" 1892
"../../../Engine/Content/Internationalization/icudt64l/region/ky.res" 1893
"../../../Engine/Content/Internationalization/icudt64l/lang/lag.res" 1894
"../../../Engine/Content/Internationalization/icudt64l/region/lag.res" 1895
"../../../Engine/Content/Internationalization/icudt64l/lang/lb.res" 1896
"../../../Engine/Content/Internationalization/icudt64l/region/lb.res" 1897
"../../../Engine/Content/Internationalization/icudt64l/lang/lg.res" 1898
"../../../Engine/Content/Internationalization/icudt64l/region/lg.res" 1899
"../../../Engine/Content/Internationalization/icudt64l/lang/lkt.res" 1900
"../../../Engine/Content/Internationalization/icudt64l/region/lkt.res" 1901
"../../../Engine/Content/Internationalization/icudt64l/lang/ln.res" 1902
"../../../Engine/Content/Internationalization/icudt64l/region/ln.res" 1903
"../../../Engine/Content/Internationalization/icudt64l/lang/lo.res" 1904
"../../../Engine/Content/Internationalization/icudt64l/region/lo.res" 1905
"../../../Engine/Content/Internationalization/icudt64l/lang/lrc.res" 1906
"../../../Engine/Content/Internationalization/icudt64l/region/lrc.res" 1907
"../../../Engine/Content/Internationalization/icudt64l/lang/lt.res" 1908
"../../../Engine/Content/Internationalization/icudt64l/region/lt.res" 1909
"../../../Engine/Content/Internationalization/icudt64l/lang/lu.res" 1910
"../../../Engine/Content/Internationalization/icudt64l/region/lu.res" 1911
"../../../Engine/Content/Internationalization/icudt64l/lang/luo.res" 1912
"../../../Engine/Content/Internationalization/icudt64l/region/luo.res" 1913
"../../../Engine/Content/Internationalization/icudt64l/lang/luy.res" 1914
"../../../Engine/Content/Internationalization/icudt64l/region/luy.res" 1915
"../../../Engine/Content/Internationalization/icudt64l/lang/lv.res" 1916
"../../../Engine/Content/Internationalization/icudt64l/region/lv.res" 1917
"../../../Engine/Content/Internationalization/icudt64l/lang/mas.res" 1918
"../../../Engine/Content/Internationalization/icudt64l/region/mas.res" 1919
"../../../Engine/Content/Internationalization/icudt64l/lang/mer.res" 1920
"../../../Engine/Content/Internationalization/icudt64l/region/mer.res" 1921
"../../../Engine/Content/Internationalization/icudt64l/lang/mfe.res" 1922
"../../../Engine/Content/Internationalization/icudt64l/region/mfe.res" 1923
"../../../Engine/Content/Internationalization/icudt64l/lang/mg.res" 1924
"../../../Engine/Content/Internationalization/icudt64l/region/mg.res" 1925
"../../../Engine/Content/Internationalization/icudt64l/lang/mgh.res" 1926
"../../../Engine/Content/Internationalization/icudt64l/region/mgh.res" 1927
"../../../Engine/Content/Internationalization/icudt64l/lang/mgo.res" 1928
"../../../Engine/Content/Internationalization/icudt64l/region/mgo.res" 1929
"../../../Engine/Content/Internationalization/icudt64l/lang/mi.res" 1930
"../../../Engine/Content/Internationalization/icudt64l/region/mi.res" 1931
"../../../Engine/Content/Internationalization/icudt64l/lang/mk.res" 1932
"../../../Engine/Content/Internationalization/icudt64l/region/mk.res" 1933
"../../../Engine/Content/Internationalization/icudt64l/lang/ml.res" 1934
"../../../Engine/Content/Internationalization/icudt64l/region/ml.res" 1935
"../../../Engine/Content/Internationalization/icudt64l/lang/mn.res" 1936
"../../../Engine/Content/Internationalization/icudt64l/region/mn.res" 1937
"../../../Engine/Content/Internationalization/icudt64l/lang/mr.res" 1938
"../../../Engine/Content/Internationalization/icudt64l/region/mr.res" 1939
"../../../Engine/Content/Internationalization/icudt64l/lang/ms.res" 1940
"../../../Engine/Content/Internationalization/icudt64l/region/ms.res" 1941
"../../../Engine/Content/Internationalization/icudt64l/lang/mt.res" 1942
"../../../Engine/Content/Internationalization/icudt64l/region/mt.res" 1943
"../../../Engine/Content/Internationalization/icudt64l/lang/mua.res" 1944
"../../../Engine/Content/Internationalization/icudt64l/region/mua.res" 1945
"../../../Engine/Content/Internationalization/icudt64l/lang/my.res" 1946
"../../../Engine/Content/Internationalization/icudt64l/region/my.res" 1947
"../../../Engine/Content/Internationalization/icudt64l/lang/mzn.res" 1948
"../../../Engine/Content/Internationalization/icudt64l/region/mzn.res" 1949
"../../../Engine/Content/Internationalization/icudt64l/lang/naq.res" 1950
"../../../Engine/Content/Internationalization/icudt64l/region/naq.res" 1951
"../../../Engine/Content/Internationalization/icudt64l/lang/nb.res" 1952
"../../../Engine/Content/Internationalization/icudt64l/lang/nb_NO.res" 1953
"../../../Engine/Content/Internationalization/icudt64l/region/nb_NO.res" 1954
"../../../Engine/Content/Internationalization/icudt64l/region/nb.res" 1955
"../../../Engine/Content/Internationalization/icudt64l/lang/nd.res" 1956
"../../../Engine/Content/Internationalization/icudt64l/region/nd.res" 1957
"../../../Engine/Content/Internationalization/icudt64l/lang/nds.res" 1958
"../../../Engine/Content/Internationalization/icudt64l/region/nds.res" 1959
"../../../Engine/Content/Internationalization/icudt64l/lang/ne.res" 1960
"../../../Engine/Content/Internationalization/icudt64l/region/ne.res" 1961
"../../../Engine/Content/Internationalization/icudt64l/lang/nl.res" 1962
"../../../Engine/Content/Internationalization/icudt64l/region/nl.res" 1963
"../../../Engine/Content/Internationalization/icudt64l/lang/nmg.res" 1964
"../../../Engine/Content/Internationalization/icudt64l/region/nmg.res" 1965
"../../../Engine/Content/Internationalization/icudt64l/lang/nn.res" 1966
"../../../Engine/Content/Internationalization/icudt64l/lang/nn_NO.res" 1967
"../../../Engine/Content/Internationalization/icudt64l/region/nn_NO.res" 1968
"../../../Engine/Content/Internationalization/icudt64l/region/nn.res" 1969
"../../../Engine/Content/Internationalization/icudt64l/lang/nnh.res" 1970
"../../../Engine/Content/Internationalization/icudt64l/region/nnh.res" 1971
"../../../Engine/Content/Internationalization/icudt64l/lang/nus.res" 1972
"../../../Engine/Content/Internationalization/icudt64l/region/nus.res" 1973
"../../../Engine/Content/Internationalization/icudt64l/lang/nyn.res" 1974
"../../../Engine/Content/Internationalization/icudt64l/region/nyn.res" 1975
"../../../Engine/Content/Internationalization/icudt64l/lang/om.res" 1976
"../../../Engine/Content/Internationalization/icudt64l/region/om.res" 1977
"../../../Engine/Content/Internationalization/icudt64l/lang/or.res" 1978
"../../../Engine/Content/Internationalization/icudt64l/region/or.res" 1979
"../../../Engine/Content/Internationalization/icudt64l/lang/os.res" 1980
"../../../Engine/Content/Internationalization/icudt64l/region/os.res" 1981
"../../../Engine/Content/Internationalization/icudt64l/lang/pa.res" 1982
"../../../Engine/Content/Internationalization/icudt64l/lang/pa_Arab.res" 1983
"../../../Engine/Content/Internationalization/icudt64l/lang/pa_PK.res" 1984
"../../../Engine/Content/Internationalization/icudt64l/lang/pa_Arab_PK.res" 1985
"../../../Engine/Content/Internationalization/icudt64l/region/pa_PK.res" 1986
"../../../Engine/Content/Internationalization/icudt64l/region/pa_Arab_PK.res" 1987
"../../../Engine/Content/Internationalization/icudt64l/region/pa_Arab.res" 1988
"../../../Engine/Content/Internationalization/icudt64l/lang/pa_Guru.res" 1989
"../../../Engine/Content/Internationalization/icudt64l/lang/pa_IN.res" 1990
"../../../Engine/Content/Internationalization/icudt64l/lang/pa_Guru_IN.res" 1991
"../../../Engine/Content/Internationalization/icudt64l/region/pa_IN.res" 1992
"../../../Engine/Content/Internationalization/icudt64l/region/pa_Guru_IN.res" 1993
"../../../Engine/Content/Internationalization/icudt64l/region/pa_Guru.res" 1994
"../../../Engine/Content/Internationalization/icudt64l/region/pa.res" 1995
"../../../Engine/Content/Internationalization/icudt64l/lang/pl.res" 1996
"../../../Engine/Content/Internationalization/icudt64l/region/pl.res" 1997
"../../../Engine/Content/Internationalization/icudt64l/lang/ps.res" 1998
"../../../Engine/Content/Internationalization/icudt64l/region/ps.res" 1999
"../../../Engine/Content/Internationalization/icudt64l/lang/ps_PK.res" 2000
"../../../Engine/Content/Internationalization/icudt64l/region/ps_PK.res" 2001
"../../../Engine/Content/Internationalization/icudt64l/lang/pt.res" 2002
"../../../Engine/Content/Internationalization/icudt64l/lang/pt_AO.res" 2003
"../../../Engine/Content/Internationalization/icudt64l/lang/pt_PT.res" 2004
"../../../Engine/Content/Internationalization/icudt64l/region/pt_AO.res" 2005
"../../../Engine/Content/Internationalization/icudt64l/region/pt_PT.res" 2006
"../../../Engine/Content/Internationalization/icudt64l/region/pt.res" 2007
"../../../Engine/Content/Internationalization/icudt64l/lang/pt_CH.res" 2008
"../../../Engine/Content/Internationalization/icudt64l/region/pt_CH.res" 2009
"../../../Engine/Content/Internationalization/icudt64l/lang/pt_CV.res" 2010
"../../../Engine/Content/Internationalization/icudt64l/region/pt_CV.res" 2011
"../../../Engine/Content/Internationalization/icudt64l/lang/pt_GQ.res" 2012
"../../../Engine/Content/Internationalization/icudt64l/region/pt_GQ.res" 2013
"../../../Engine/Content/Internationalization/icudt64l/lang/pt_GW.res" 2014
"../../../Engine/Content/Internationalization/icudt64l/region/pt_GW.res" 2015
"../../../Engine/Content/Internationalization/icudt64l/lang/pt_LU.res" 2016
"../../../Engine/Content/Internationalization/icudt64l/region/pt_LU.res" 2017
"../../../Engine/Content/Internationalization/icudt64l/lang/pt_MO.res" 2018
"../../../Engine/Content/Internationalization/icudt64l/region/pt_MO.res" 2019
"../../../Engine/Content/Internationalization/icudt64l/lang/pt_MZ.res" 2020
"../../../Engine/Content/Internationalization/icudt64l/region/pt_MZ.res" 2021
"../../../Engine/Content/Internationalization/icudt64l/lang/pt_ST.res" 2022
"../../../Engine/Content/Internationalization/icudt64l/region/pt_ST.res" 2023
"../../../Engine/Content/Internationalization/icudt64l/lang/pt_TL.res" 2024
"../../../Engine/Content/Internationalization/icudt64l/region/pt_TL.res" 2025
"../../../Engine/Content/Internationalization/icudt64l/lang/qu.res" 2026
"../../../Engine/Content/Internationalization/icudt64l/region/qu.res" 2027
"../../../Engine/Content/Internationalization/icudt64l/lang/rm.res" 2028
"../../../Engine/Content/Internationalization/icudt64l/region/rm.res" 2029
"../../../Engine/Content/Internationalization/icudt64l/lang/rn.res" 2030
"../../../Engine/Content/Internationalization/icudt64l/region/rn.res" 2031
"../../../Engine/Content/Internationalization/icudt64l/lang/ro.res" 2032
"../../../Engine/Content/Internationalization/icudt64l/lang/ro_MD.res" 2033
"../../../Engine/Content/Internationalization/icudt64l/region/ro_MD.res" 2034
"../../../Engine/Content/Internationalization/icudt64l/region/ro.res" 2035
"../../../Engine/Content/Internationalization/icudt64l/lang/rof.res" 2036
"../../../Engine/Content/Internationalization/icudt64l/region/rof.res" 2037
"../../../Engine/Content/Internationalization/icudt64l/lang/ru.res" 2038
"../../../Engine/Content/Internationalization/icudt64l/region/ru.res" 2039
"../../../Engine/Content/Internationalization/icudt64l/region/ru_UA.res" 2040
"../../../Engine/Content/Internationalization/icudt64l/lang/rw.res" 2041
"../../../Engine/Content/Internationalization/icudt64l/region/rw.res" 2042
"../../../Engine/Content/Internationalization/icudt64l/lang/rwk.res" 2043
"../../../Engine/Content/Internationalization/icudt64l/region/rwk.res" 2044
"../../../Engine/Content/Internationalization/icudt64l/lang/sah.res" 2045
"../../../Engine/Content/Internationalization/icudt64l/region/sah.res" 2046
"../../../Engine/Content/Internationalization/icudt64l/lang/saq.res" 2047
"../../../Engine/Content/Internationalization/icudt64l/region/saq.res" 2048
"../../../Engine/Content/Internationalization/icudt64l/lang/sbp.res" 2049
"../../../Engine/Content/Internationalization/icudt64l/region/sbp.res" 2050
"../../../Engine/Content/Internationalization/icudt64l/lang/sd.res" 2051
"../../../Engine/Content/Internationalization/icudt64l/region/sd.res" 2052
"../../../Engine/Content/Internationalization/icudt64l/lang/se.res" 2053
"../../../Engine/Content/Internationalization/icudt64l/lang/se_FI.res" 2054
"../../../Engine/Content/Internationalization/icudt64l/region/se_FI.res" 2055
"../../../Engine/Content/Internationalization/icudt64l/region/se.res" 2056
"../../../Engine/Content/Internationalization/icudt64l/lang/seh.res" 2057
"../../../Engine/Content/Internationalization/icudt64l/region/seh.res" 2058
"../../../Engine/Content/Internationalization/icudt64l/lang/ses.res" 2059
"../../../Engine/Content/Internationalization/icudt64l/region/ses.res" 2060
"../../../Engine/Content/Internationalization/icudt64l/lang/sg.res" 2061
"../../../Engine/Content/Internationalization/icudt64l/region/sg.res" 2062
"../../../Engine/Content/Internationalization/icudt64l/lang/shi.res" 2063
"../../../Engine/Content/Internationalization/icudt64l/lang/shi_Latn.res" 2064
"../../../Engine/Content/Internationalization/icudt64l/lang/shi_MA.res" 2065
"../../../Engine/Content/Internationalization/icudt64l/lang/shi_Tfng_MA.res" 2066
"../../../Engine/Content/Internationalization/icudt64l/lang/shi_Tfng.res" 2067
"../../../Engine/Content/Internationalization/icudt64l/region/shi_MA.res" 2068
"../../../Engine/Content/Internationalization/icudt64l/region/shi_Tfng_MA.res" 2069
"../../../Engine/Content/Internationalization/icudt64l/region/shi_Tfng.res" 2070
"../../../Engine/Content/Internationalization/icudt64l/region/shi.res" 2071
"../../../Engine/Content/Internationalization/icudt64l/region/shi_Latn.res" 2072
"../../../Engine/Content/Internationalization/icudt64l/lang/si.res" 2073
"../../../Engine/Content/Internationalization/icudt64l/region/si.res" 2074
"../../../Engine/Content/Internationalization/icudt64l/lang/sk.res" 2075
"../../../Engine/Content/Internationalization/icudt64l/region/sk.res" 2076
"../../../Engine/Content/Internationalization/icudt64l/lang/sl.res" 2077
"../../../Engine/Content/Internationalization/icudt64l/region/sl.res" 2078
"../../../Engine/Content/Internationalization/icudt64l/lang/smn.res" 2079
"../../../Engine/Content/Internationalization/icudt64l/region/smn.res" 2080
"../../../Engine/Content/Internationalization/icudt64l/lang/sn.res" 2081
"../../../Engine/Content/Internationalization/icudt64l/region/sn.res" 2082
"../../../Engine/Content/Internationalization/icudt64l/lang/so.res" 2083
"../../../Engine/Content/Internationalization/icudt64l/region/so.res" 2084
"../../../Engine/Content/Internationalization/icudt64l/lang/sq.res" 2085
"../../../Engine/Content/Internationalization/icudt64l/region/sq.res" 2086
"../../../Engine/Content/Internationalization/icudt64l/lang/sr.res" 2087
"../../../Engine/Content/Internationalization/icudt64l/lang/sr_Cyrl.res" 2088
"../../../Engine/Content/Internationalization/icudt64l/lang/sr_BA.res" 2089
"../../../Engine/Content/Internationalization/icudt64l/lang/sr_Cyrl_BA.res" 2090
"../../../Engine/Content/Internationalization/icudt64l/region/sr_BA.res" 2091
"../../../Engine/Content/Internationalization/icudt64l/region/sr_Cyrl_BA.res" 2092
"../../../Engine/Content/Internationalization/icudt64l/region/sr_Cyrl.res" 2093
"../../../Engine/Content/Internationalization/icudt64l/region/sr.res" 2094
"../../../Engine/Content/Internationalization/icudt64l/lang/sr_ME.res" 2095
"../../../Engine/Content/Internationalization/icudt64l/lang/sr_Latn_ME.res" 2096
"../../../Engine/Content/Internationalization/icudt64l/lang/sr_Latn.res" 2097
"../../../Engine/Content/Internationalization/icudt64l/region/sr_ME.res" 2098
"../../../Engine/Content/Internationalization/icudt64l/region/sr_Latn_ME.res" 2099
"../../../Engine/Content/Internationalization/icudt64l/region/sr_Latn.res" 2100
"../../../Engine/Content/Internationalization/icudt64l/lang/sr_Cyrl_ME.res" 2101
"../../../Engine/Content/Internationalization/icudt64l/region/sr_Cyrl_ME.res" 2102
"../../../Engine/Content/Internationalization/icudt64l/lang/sr_RS.res" 2103
"../../../Engine/Content/Internationalization/icudt64l/lang/sr_Cyrl_RS.res" 2104
"../../../Engine/Content/Internationalization/icudt64l/region/sr_RS.res" 2105
"../../../Engine/Content/Internationalization/icudt64l/region/sr_Cyrl_RS.res" 2106
"../../../Engine/Content/Internationalization/icudt64l/lang/sr_XK.res" 2107
"../../../Engine/Content/Internationalization/icudt64l/lang/sr_Cyrl_XK.res" 2108
"../../../Engine/Content/Internationalization/icudt64l/region/sr_XK.res" 2109
"../../../Engine/Content/Internationalization/icudt64l/region/sr_Cyrl_XK.res" 2110
"../../../Engine/Content/Internationalization/icudt64l/lang/sr_Latn_BA.res" 2111
"../../../Engine/Content/Internationalization/icudt64l/region/sr_Latn_BA.res" 2112
"../../../Engine/Content/Internationalization/icudt64l/lang/sr_Latn_RS.res" 2113
"../../../Engine/Content/Internationalization/icudt64l/region/sr_Latn_RS.res" 2114
"../../../Engine/Content/Internationalization/icudt64l/lang/sr_Latn_XK.res" 2115
"../../../Engine/Content/Internationalization/icudt64l/region/sr_Latn_XK.res" 2116
"../../../Engine/Content/Internationalization/icudt64l/lang/sv.res" 2117
"../../../Engine/Content/Internationalization/icudt64l/region/sv.res" 2118
"../../../Engine/Content/Internationalization/icudt64l/lang/sv_FI.res" 2119
"../../../Engine/Content/Internationalization/icudt64l/lang/sw.res" 2120
"../../../Engine/Content/Internationalization/icudt64l/lang/sw_CD.res" 2121
"../../../Engine/Content/Internationalization/icudt64l/region/sw_CD.res" 2122
"../../../Engine/Content/Internationalization/icudt64l/region/sw.res" 2123
"../../../Engine/Content/Internationalization/icudt64l/lang/sw_KE.res" 2124
"../../../Engine/Content/Internationalization/icudt64l/region/sw_KE.res" 2125
"../../../Engine/Content/Internationalization/icudt64l/lang/ta.res" 2126
"../../../Engine/Content/Internationalization/icudt64l/region/ta.res" 2127
"../../../Engine/Content/Internationalization/icudt64l/lang/te.res" 2128
"../../../Engine/Content/Internationalization/icudt64l/region/te.res" 2129
"../../../Engine/Content/Internationalization/icudt64l/lang/teo.res" 2130
"../../../Engine/Content/Internationalization/icudt64l/region/teo.res" 2131
"../../../Engine/Content/Internationalization/icudt64l/lang/tg.res" 2132
"../../../Engine/Content/Internationalization/icudt64l/region/tg.res" 2133
"../../../Engine/Content/Internationalization/icudt64l/lang/th.res" 2134
"../../../Engine/Content/Internationalization/icudt64l/lang/th_TH.res" 2135
"../../../Engine/Content/Internationalization/icudt64l/region/th_TH.res" 2136
"../../../Engine/Content/Internationalization/icudt64l/region/th.res" 2137
"../../../Engine/Content/Internationalization/icudt64l/lang/ti.res" 2138
"../../../Engine/Content/Internationalization/icudt64l/region/ti.res" 2139
"../../../Engine/Content/Internationalization/icudt64l/lang/tk.res" 2140
"../../../Engine/Content/Internationalization/icudt64l/region/tk.res" 2141
"../../../Engine/Content/Internationalization/icudt64l/lang/to.res" 2142
"../../../Engine/Content/Internationalization/icudt64l/region/to.res" 2143
"../../../Engine/Content/Internationalization/icudt64l/lang/tr.res" 2144
"../../../Engine/Content/Internationalization/icudt64l/region/tr.res" 2145
"../../../Engine/Content/Internationalization/icudt64l/lang/tt.res" 2146
"../../../Engine/Content/Internationalization/icudt64l/region/tt.res" 2147
"../../../Engine/Content/Internationalization/icudt64l/lang/twq.res" 2148
"../../../Engine/Content/Internationalization/icudt64l/region/twq.res" 2149
"../../../Engine/Content/Internationalization/icudt64l/lang/tzm.res" 2150
"../../../Engine/Content/Internationalization/icudt64l/region/tzm.res" 2151
"../../../Engine/Content/Internationalization/icudt64l/lang/ug.res" 2152
"../../../Engine/Content/Internationalization/icudt64l/region/ug.res" 2153
"../../../Engine/Content/Internationalization/icudt64l/lang/uk.res" 2154
"../../../Engine/Content/Internationalization/icudt64l/region/uk.res" 2155
"../../../Engine/Content/Internationalization/icudt64l/lang/ur.res" 2156
"../../../Engine/Content/Internationalization/icudt64l/lang/ur_IN.res" 2157
"../../../Engine/Content/Internationalization/icudt64l/region/ur_IN.res" 2158
"../../../Engine/Content/Internationalization/icudt64l/region/ur.res" 2159
"../../../Engine/Content/Internationalization/icudt64l/lang/uz.res" 2160
"../../../Engine/Content/Internationalization/icudt64l/lang/uz_Arab.res" 2161
"../../../Engine/Content/Internationalization/icudt64l/lang/uz_AF.res" 2162
"../../../Engine/Content/Internationalization/icudt64l/lang/uz_Arab_AF.res" 2163
"../../../Engine/Content/Internationalization/icudt64l/region/uz_AF.res" 2164
"../../../Engine/Content/Internationalization/icudt64l/region/uz_Arab_AF.res" 2165
"../../../Engine/Content/Internationalization/icudt64l/region/uz_Arab.res" 2166
"../../../Engine/Content/Internationalization/icudt64l/lang/uz_Cyrl.res" 2167
"../../../Engine/Content/Internationalization/icudt64l/lang/uz_UZ.res" 2168
"../../../Engine/Content/Internationalization/icudt64l/lang/uz_Latn_UZ.res" 2169
"../../../Engine/Content/Internationalization/icudt64l/lang/uz_Latn.res" 2170
"../../../Engine/Content/Internationalization/icudt64l/region/uz_UZ.res" 2171
"../../../Engine/Content/Internationalization/icudt64l/region/uz_Latn_UZ.res" 2172
"../../../Engine/Content/Internationalization/icudt64l/region/uz_Latn.res" 2173
"../../../Engine/Content/Internationalization/icudt64l/region/uz.res" 2174
"../../../Engine/Content/Internationalization/icudt64l/region/uz_Cyrl.res" 2175
"../../../Engine/Content/Internationalization/icudt64l/lang/vai.res" 2176
"../../../Engine/Content/Internationalization/icudt64l/lang/vai_Latn.res" 2177
"../../../Engine/Content/Internationalization/icudt64l/lang/vai_LR.res" 2178
"../../../Engine/Content/Internationalization/icudt64l/lang/vai_Vaii_LR.res" 2179
"../../../Engine/Content/Internationalization/icudt64l/lang/vai_Vaii.res" 2180
"../../../Engine/Content/Internationalization/icudt64l/region/vai_LR.res" 2181
"../../../Engine/Content/Internationalization/icudt64l/region/vai_Vaii_LR.res" 2182
"../../../Engine/Content/Internationalization/icudt64l/region/vai_Vaii.res" 2183
"../../../Engine/Content/Internationalization/icudt64l/region/vai.res" 2184
"../../../Engine/Content/Internationalization/icudt64l/region/vai_Latn.res" 2185
"../../../Engine/Content/Internationalization/icudt64l/lang/vi.res" 2186
"../../../Engine/Content/Internationalization/icudt64l/region/vi.res" 2187
"../../../Engine/Content/Internationalization/icudt64l/lang/vun.res" 2188
"../../../Engine/Content/Internationalization/icudt64l/region/vun.res" 2189
"../../../Engine/Content/Internationalization/icudt64l/lang/wae.res" 2190
"../../../Engine/Content/Internationalization/icudt64l/region/wae.res" 2191
"../../../Engine/Content/Internationalization/icudt64l/lang/wo.res" 2192
"../../../Engine/Content/Internationalization/icudt64l/region/wo.res" 2193
"../../../Engine/Content/Internationalization/icudt64l/lang/xh.res" 2194
"../../../Engine/Content/Internationalization/icudt64l/region/xh.res" 2195
"../../../Engine/Content/Internationalization/icudt64l/lang/xog.res" 2196
"../../../Engine/Content/Internationalization/icudt64l/region/xog.res" 2197
"../../../Engine/Content/Internationalization/icudt64l/lang/yav.res" 2198
"../../../Engine/Content/Internationalization/icudt64l/region/yav.res" 2199
"../../../Engine/Content/Internationalization/icudt64l/lang/yi.res" 2200
"../../../Engine/Content/Internationalization/icudt64l/region/yi.res" 2201
"../../../Engine/Content/Internationalization/icudt64l/lang/yo.res" 2202
"../../../Engine/Content/Internationalization/icudt64l/lang/yo_BJ.res" 2203
"../../../Engine/Content/Internationalization/icudt64l/region/yo_BJ.res" 2204
"../../../Engine/Content/Internationalization/icudt64l/region/yo.res" 2205
"../../../Engine/Content/Internationalization/icudt64l/lang/yue.res" 2206
"../../../Engine/Content/Internationalization/icudt64l/lang/yue_Hans.res" 2207
"../../../Engine/Content/Internationalization/icudt64l/lang/yue_CN.res" 2208
"../../../Engine/Content/Internationalization/icudt64l/lang/yue_Hans_CN.res" 2209
"../../../Engine/Content/Internationalization/icudt64l/region/yue_CN.res" 2210
"../../../Engine/Content/Internationalization/icudt64l/region/yue_Hans_CN.res" 2211
"../../../Engine/Content/Internationalization/icudt64l/region/yue_Hans.res" 2212
"../../../Engine/Content/Internationalization/icudt64l/lang/yue_Hant.res" 2213
"../../../Engine/Content/Internationalization/icudt64l/lang/yue_HK.res" 2214
"../../../Engine/Content/Internationalization/icudt64l/lang/yue_Hant_HK.res" 2215
"../../../Engine/Content/Internationalization/icudt64l/region/yue_HK.res" 2216
"../../../Engine/Content/Internationalization/icudt64l/region/yue_Hant_HK.res" 2217
"../../../Engine/Content/Internationalization/icudt64l/region/yue_Hant.res" 2218
"../../../Engine/Content/Internationalization/icudt64l/region/yue.res" 2219
"../../../Engine/Content/Internationalization/icudt64l/lang/zgh.res" 2220
"../../../Engine/Content/Internationalization/icudt64l/region/zgh.res" 2221
"../../../Engine/Content/Internationalization/icudt64l/lang/zh.res" 2222
"../../../Engine/Content/Internationalization/icudt64l/lang/zh_Hans.res" 2223
"../../../Engine/Content/Internationalization/icudt64l/lang/zh_CN.res" 2224
"../../../Engine/Content/Internationalization/icudt64l/lang/zh_Hans_CN.res" 2225
"../../../Engine/Content/Internationalization/icudt64l/region/zh_CN.res" 2226
"../../../Engine/Content/Internationalization/icudt64l/region/zh_Hans_CN.res" 2227
"../../../Engine/Content/Internationalization/icudt64l/region/zh_Hans.res" 2228
"../../../Engine/Content/Internationalization/icudt64l/region/zh.res" 2229
"../../../Engine/Content/Internationalization/icudt64l/lang/zh_HK.res" 2230
"../../../Engine/Content/Internationalization/icudt64l/lang/zh_Hant_HK.res" 2231
"../../../Engine/Content/Internationalization/icudt64l/lang/zh_Hant.res" 2232
"../../../Engine/Content/Internationalization/icudt64l/region/zh_HK.res" 2233
"../../../Engine/Content/Internationalization/icudt64l/region/zh_Hant_HK.res" 2234
"../../../Engine/Content/Internationalization/icudt64l/region/zh_Hant.res" 2235
"../../../Engine/Content/Internationalization/icudt64l/lang/zh_MO.res" 2236
"../../../Engine/Content/Internationalization/icudt64l/lang/zh_Hant_MO.res" 2237
"../../../Engine/Content/Internationalization/icudt64l/region/zh_MO.res" 2238
"../../../Engine/Content/Internationalization/icudt64l/region/zh_Hant_MO.res" 2239
"../../../Engine/Content/Internationalization/icudt64l/lang/zh_SG.res" 2240
"../../../Engine/Content/Internationalization/icudt64l/lang/zh_Hans_SG.res" 2241
"../../../Engine/Content/Internationalization/icudt64l/region/zh_SG.res" 2242
"../../../Engine/Content/Internationalization/icudt64l/region/zh_Hans_SG.res" 2243
"../../../Engine/Content/Internationalization/icudt64l/lang/zh_TW.res" 2244
"../../../Engine/Content/Internationalization/icudt64l/lang/zh_Hant_TW.res" 2245
"../../../Engine/Content/Internationalization/icudt64l/region/zh_TW.res" 2246
"../../../Engine/Content/Internationalization/icudt64l/region/zh_Hant_TW.res" 2247
"../../../Engine/Content/Internationalization/icudt64l/lang/zu.res" 2248
"../../../Engine/Content/Internationalization/icudt64l/region/zu.res" 2249
"../../../Engine/Content/Internationalization/icudt64l/lang/no.res" 2250
"../../../Engine/Content/Internationalization/icudt64l/lang/tl.res" 2251
"../../../Engine/Config/Android/DataDrivenPlatformInfo.ini" 2252
"../../../Engine/Config/IOS/DataDrivenPlatformInfo.ini" 2253
"../../../Engine/Config/Linux/DataDrivenPlatformInfo.ini" 2254
"../../../Engine/Config/Mac/DataDrivenPlatformInfo.ini" 2255
"../../../Engine/Config/TVOS/DataDrivenPlatformInfo.ini" 2256
"../../../Engine/Config/Unix/DataDrivenPlatformInfo.ini" 2257
"../../../Engine/Config/VulkanPC/DataDrivenPlatformInfo.ini" 2258
"../../../Engine/Config/Windows/DataDrivenPlatformInfo.ini" 2259
"../../../Engine/Platforms/VisionOS/Config/DataDrivenPlatformInfo.ini" 2260
"../../../Engine/Content/Renderer/TessellationTable.bin" 2261
"../../../Engine/DerivedDataCache/Compressed.ddp" 2262
"C:/Users/varghesechac/AppData/Local/UnrealEngine/Common/Zen/Install/zen_plugin_versions.json" 2263
"C:/Users/varghesechac/AppData/Local/UnrealEngine/5.8/Saved/Zen/zen.version" 2264
"C:/Users/varghesechac/AppData/Local/UnrealEngine/Common/Zen/Install/zen.version" 2265
"C:/Users/varghesechac/AppData/Local/UnrealEngine/Common/Zen/Install/security-config.json" 2266
"C:/Users/varghesechac/AppData/Local/UnrealEngine/Common/Zen/Install/zenserver.runcontext" 2267
"C:/Users/varghesechac/AppData/Local/UnrealEngine/Common/DerivedDataCache/TestData/0/TestData_4kb.dat" 2268
"C:/Users/varghesechac/AppData/Local/UnrealEngine/Common/DerivedDataCache/TestData/1/TestData_4kb.dat" 2269
"C:/Users/varghesechac/AppData/Local/UnrealEngine/Common/DerivedDataCache/TestData/0/TestData_8kb.dat" 2270
"C:/Users/varghesechac/AppData/Local/UnrealEngine/Common/DerivedDataCache/TestData/1/TestData_8kb.dat" 2271
"C:/Users/varghesechac/AppData/Local/UnrealEngine/Common/DerivedDataCache/TestData/0/TestData_16kb.dat" 2272
"C:/Users/varghesechac/AppData/Local/UnrealEngine/Common/DerivedDataCache/TestData/1/TestData_16kb.dat" 2273
"C:/Users/varghesechac/AppData/Local/UnrealEngine/Common/DerivedDataCache/TestData/0/TestData_64kb.dat" 2274
"C:/Users/varghesechac/AppData/Local/UnrealEngine/Common/DerivedDataCache/TestData/1/TestData_64kb.dat" 2275
"C:/Users/varghesechac/AppData/Local/UnrealEngine/Common/DerivedDataCache/TestData/0/TestData_128kb.dat" 2276
"C:/Users/varghesechac/AppData/Local/UnrealEngine/Common/DerivedDataCache/TestData/1/TestData_128kb.dat" 2277
"C:/Users/varghesechac/AppData/Local/UnrealEngine/Common/DerivedDataCache/TestData/0/TestData_256kb.dat" 2278
"C:/Users/varghesechac/AppData/Local/UnrealEngine/Common/DerivedDataCache/TestData/1/TestData_256kb.dat" 2279
"C:/Users/varghesechac/AppData/Roaming/Unreal Engine/UnrealBuildTool/BuildConfiguration.xml" 2280
"../../../../../../Users/varghesechac/code/MileH/WideFieldAssembly/Intermediate/ShaderAutogen/PCD3D_SM6/AutogenShaderHeaders.ush" 2281
"../../../Engine/Shaders/Private/HairStrands/HairStrandsVertexFactory.ush" 2282
"../../../Engine/Shaders/Private/VertexFactoryCommon.ush" 2283
"../../../Engine/Shaders/Private/Common.ush" 2284
"../../../Engine/Shaders/Public/Platform.ush" 2285
"../../../Engine/Shaders/Public/FP16Math.ush" 2286
"../../../Engine/Shaders/Public/Platform/D3D/D3DCommon.ush" 2287
"../../../Engine/Shaders/Shared/HLSLReservedSpaces.h" 2288
"../../../Engine/Shaders/Public/BindlessResources.ush" 2289
"../../../Engine/Shaders/Public/Platform/D3D/PlatformBindlessResources.ush" 2290
"../../../Engine/Shaders/Shared/RayTracingBuiltInResources.h" 2291
"../../../Engine/Shaders/Shared/RayTracingDefinitions.h" 2292
"../../../Engine/Shaders/Shared/MaterialCacheDefinitions.h" 2293
"../../../Engine/Shaders/Shared/HLSLTypeAliases.h" 2294
"../../../Engine/Shaders/Public/IndirectVirtualTexture.ush" 2295
"../../../Engine/Shaders/Shared/IndirectVirtualTextureDefinitions.h" 2296
"../../../Engine/Shaders/Public/OverloadMacros.ush" 2297
"../../../Engine/Shaders/Public/ShaderVersion.ush" 2298
"../../../Engine/Shaders/Public/NvidiaExtensionsCommon.ush" 2299
"../../../Engine/Shaders/Shared/ThirdParty/NVIDIA/nvHLSLExtns.h" 2300
"../../../Engine/Shaders/Shared/ThirdParty/NVIDIA/nvHLSLExtnsInternal.h" 2301
"../../../Engine/Shaders/Shared/ThirdParty/NVIDIA/nvShaderExtnEnums.h" 2302
"../../../Engine/Shaders/Private/PackUnpack.ush" 2303
"../../../Engine/Shaders/Private/GeneratedUniformBufferTypes.ush" 2304
"../../../Engine/Shaders/Private/Nanite/NanitePackedNaniteView.ush" 2305
"../../../Engine/Shaders/Private/HairStrands/HairStrandsVisibilityCommonStruct.ush" 2306
"../../../Engine/Shaders/Private/HairStrands/HairStrandsVoxelPageCommonStruct.ush" 2307
"../../../Engine/Shaders/Private/HairStrands/HairStrandsDeepShadowCommonStruct.ush" 2308
"../../../Engine/Shaders/Shared/LightSceneData.h" 2309
"../../../Engine/Shaders/Private/LargeWorldCoordinates.ush" 2310
"../../../Engine/Shaders/Private/DoubleFloat.ush" 2311
"../../../Engine/Shaders/Private/RandomPCG.ush" 2312
"../../../Engine/Shaders/Private/DoubleFloatOperations.ush" 2313
"../../../Engine/Shaders/Private/DoubleFloatVectorDefinition.ush" 2314
"../../../Engine/Shaders/Private/LWCOperations.ush" 2315
"../../../Engine/Shaders/Shared/LightViewData.h" 2316
"../../../Engine/Shaders/Shared/RayTracingTypes.h" 2317
"../../../Engine/Shaders/Shared/HLSLStaticAssert.h" 2318
"../../../Engine/Shaders/Shared/NaniteDefinitions.h" 2319
"../../../Engine/Shaders/Private/CommonViewUniformBuffer.ush" 2320
"../../../Engine/Shaders/Private/InstancedStereo.ush" 2321
"../../../Engine/Shaders/Private/Definitions.usf" 2322
"../../../Engine/Shaders/Private/AssertionMacros.ush" 2323
"../../../Engine/Shaders/Private/FastMath.ush" 2324
"../../../Engine/Shaders/Private/FastMathThirdParty.ush" 2325
"../../../Engine/Shaders/Private/Random.ush" 2326
"../../../Engine/Shaders/Private/RandomInterleavedGradientNoise.ush" 2327
"../../../Engine/Shaders/Private/SceneData.ush" 2328
"../../../Engine/Shaders/Private/OctahedralCommon.ush" 2329
"../../../Engine/Shaders/Private/WaveOpUtil.ush" 2330
"../../../Engine/Shaders/Private/ByteBuffer.ush" 2331
"../../../Engine/Shaders/Shared/SceneDefinitions.h" 2332
"../../../Engine/Shaders/Private/SceneDataMobileLoader.ush" 2333
"../../../Engine/Shaders/Private/LocalVertexFactoryCommon.ush" 2334
"../../../Engine/Shaders/Private/HairStrands/HairStrandsVisibilityCommon.ush" 2335
"../../../Engine/Shaders/Shared/HairStrandsDefinitions.h" 2336
"../../../Engine/Shaders/Private/HairStrands/HairStrandsVertexFactoryCommon.ush" 2337
"../../../Engine/Shaders/Private/HairStrands/HairStrandsPack.ush" 2338
"../../../Engine/Shaders/Private/HairStrands/HairStrandsAttributeCommon.ush" 2339
"../../../Engine/Shaders/Private/HairStrands/HairStrandsAttributeTemplate.ush" 2340
"../../../Engine/Shaders/Private/VertexFactoryDefaultInterface.ush" 2341
"../../../Engine/Shaders/Private/HairStrands/HairCardsVertexFactory.ush" 2342
"../../../Engine/Shaders/Private/HairStrands/HairCardsAttributeCommon.ush" 2343
"../../../Engine/Shaders/Private/RayTracing/RayTracingCommon.ush" 2344
"../../../Engine/Shaders/Private/ShadingCommon.ush" 2345
"../../../Engine/Shaders/Shared/RayTracingPayloadType.h" 2346
"../../../Engine/Shaders/Private/RayTracing/RayTracingRayCone.ush" 2347
"../../../Engine/Shaders/Private/Substrate/Substrate.ush" 2348
"../../../Engine/Shaders/Private/ShadingEnergyConservation.ush" 2349
"../../../Engine/Shaders/Private/ShadingEnergyConservationTemplate.ush" 2350
"../../../Engine/Shaders/Private/BRDF.ush" 2351
"../../../Engine/Shaders/Private/ColorSpace.ush" 2352
"../../../Engine/Shaders/Private/DeferredShadingCommon.ush" 2353
"../../../Engine/Shaders/Private/LightAccumulator.ush" 2354
"../../../Engine/Shaders/Private/SceneTexturesCommon.ush" 2355
"../../../Engine/Shaders/Private/MonteCarlo.ush" 2356
"../../../Engine/Shaders/Private/GBufferHelpers.ush" 2357
"../../../Engine/Shaders/Private/SceneTextureParameters.ush" 2358
"C:/Users/varghesechac/code/MileH/WideFieldAssembly/Intermediate/ShaderAutogen/PCD3D_SM6/AutogenShaderHeaders.ush" 2359
"../../../Engine/Shaders/Private/ParticipatingMediaCommon.ush" 2360
"../../../Engine/Shaders/Private/ThinFilmBSDF.ush" 2361
"../../../Engine/Shaders/Private/MortonCode.ush" 2362
"../../../Engine/Shaders/Private/SubsurfaceProfileCommon.ush" 2363
"../../../Engine/Shaders/Private/BurleyNormalizedSSSCommon.ush" 2364
"../../../Engine/Shaders/Private/GammaCorrectionCommon.ush" 2365
"../../../Engine/Shaders/Shared/SubstrateDefinitions.h" 2366
"../../../Engine/Shaders/Private/Substrate/SubstrateStatisticalOperators.ush" 2367
"../../../Engine/Shaders/Private/Substrate/SubstrateSubsurface.ush" 2368
"../../../Engine/Shaders/Private/TransmissionCommon.ush" 2369
"../../../Engine/Shaders/Private/Substrate/SubstrateExportCommon.ush" 2370
"../../../Engine/Shaders/Private/SpecularProfileCommon.ush" 2371
"../../../Engine/Shaders/Private/Substrate/SubstrateToonBSDF.ush" 2372
"../../../Engine/Shaders/Private/AreaLightCommon.ush" 2373
"../../../Engine/Shaders/Private/RectLight.ush" 2374
"../../../Engine/Shaders/Private/CapsuleLight.ush" 2375
"../../../Engine/Shaders/Private/LightData.ush" 2376
"../../../Engine/Shaders/Private/HairShadingCommon.ush" 2377
"../../../Engine/Shaders/Shared/LightDefinitions.h" 2378
"../../../Engine/Shaders/Private/ToonProfileCommon.ush" 2379
"../../../Engine/Shaders/Shared/ToonProfileDefinitions.h" 2380
"../../../Engine/Shaders/Private/RayTracing/RayTracingCommonMetal.ush" 2381
"../../../Engine/Shaders/Private/PositionReconstructionCommon.ush" 2382
"../../../Engine/Shaders/Private/RayTracing/TraceRayInline.ush" 2383
"../../../Engine/Shaders/Private/RayTracing/TraceRayInlineCommon.ush" 2384
"../../../Engine/Shaders/Private/RayTracing/TraceRayInlineVulkan.ush" 2385
"../../../Engine/Shaders/Private/RayTracing/TraceRayInlineMetal.ush" 2386
"../../../Engine/Shaders/Private/RayTracing/RayTracingHitGroupCommon.ush" 2387
"../../../Engine/Shaders/Private/Nanite/NaniteRayTrace.ush" 2388
"../../../Engine/Shaders/Private/Nanite/NaniteDataDecode.ush" 2389
"../../../Engine/Shaders/Private/BitPacking.ush" 2390
"../../../Engine/Shaders/Private/BitStreamReaderImplementation.ush" 2391
"../../../Engine/Shaders/Private/BoneTransform.ush" 2392
"../../../Engine/Shaders/Private/Quaternion.ush" 2393
"../../../Engine/Shaders/Private/Skinning/SkinningSceneDataDecode.ush" 2394
"../../../Engine/Shaders/Private/Skinning/SkinningDataDecode.ush" 2395
"../../../Engine/Shaders/Shared/SkinningDefinitions.h" 2396
"../../../Engine/Shaders/Private/Nanite/NaniteAttributeDecode.ush" 2397
"../../../Engine/Shaders/Private/Barycentrics.ush" 2398
"../../../Engine/Shaders/Private/DualNumber.ush" 2399
"../../../Engine/Shaders/Shared/ThirdParty/RayTriangleIntersection.h" 2400
"../../../Engine/Shaders/Private/Nanite/NaniteVertexFetch.ush" 2401
"../../../Engine/Shaders/Private/ViewData.ush" 2402
"../../../Engine/Shaders/Shared/ViewDefinitions.h" 2403
"../../../Engine/Shaders/Private/Nanite/NaniteSceneCommon.ush" 2404
"../../../Engine/Shaders/Private/RayTracing/TraceRayInlineD3D12.ush" 2405
"../../../Engine/Plugins/Experimental/Water/Shaders/Private/WaterMeshVertexFactory.ush" 2406
"../../../Engine/Plugins/FX/Niagara/Shaders/Private/NiagaraSpriteVertexFactory.ush" 2407
"../../../Engine/Shaders/Private/ParticleVertexFactoryCommon.ush" 2408
"../../../Engine/Plugins/FX/Niagara/Shaders/Private/NiagaraVFCommon.usf" 2409
"../../../Engine/Plugins/FX/Niagara/Shaders/Private/NiagaraVFParticleAccess.usf" 2410
"../../../Engine/Plugins/FX/Niagara/Shaders/Private/NiagaraParticleAccess.ush" 2411
"../../../Engine/Plugins/FX/Niagara/Shaders/Private/NiagaraRibbonVertexFactory.ush" 2412
"../../../Engine/Plugins/FX/Niagara/Shaders/Private/NiagaraMeshVertexFactory.ush" 2413
"../../../Engine/Plugins/FX/Niagara/Shaders/Private/NiagaraCommon.ush" 2414
"../../../Engine/Plugins/FX/Niagara/Shaders/Private/NiagaraMeshParticleUtils.ush" 2415
"../../../Engine/Shaders/Private/VectorFieldVisualizationVertexFactory.ush" 2416
"../../../Engine/Shaders/Private/Nanite/NaniteVertexFactory.ush" 2417
"../../../Engine/Shaders/Private/LightmapData.ush" 2418
"../../../Engine/Shaders/Private/SplineMeshCommon.ush" 2419
"../../../Engine/Shaders/Shared/SplineMeshShaderParams.h" 2420
"../../../Engine/Shaders/Private/ShaderPrint.ush" 2421
"../../../Engine/Shaders/Private/ShaderPrintCommon.ush" 2422
"../../../Engine/Shaders/Private/MiniFontCommon.ush" 2423
"../../../Engine/Shaders/Private/SGGX.ush" 2424
"../../../Engine/Shaders/Private/MaterialCache/MaterialCacheCommon.ush" 2425
"../../../Engine/Shaders/Private/Nanite/NaniteVertexDeformation.ush" 2426
"../../../Engine/Shaders/Private/Matrices.ush" 2427
"../../../Engine/Shaders/Private/ParticleSpriteVertexFactory.ush" 2428
"../../../Engine/Shaders/Private/ParticleGPUSpriteVertexFactory.ush" 2429
"../../../Engine/Shaders/Private/ParticleSimulationCommon.ush" 2430
"../../../Engine/Shaders/Private/ParticleBeamTrailVertexFactory.ush" 2431
"../../../Engine/Shaders/Private/MeshParticleVertexFactory.ush" 2432
"../../../Engine/Shaders/Private/LocalVertexFactory.ush" 2433
"../../../Engine/Shaders/Private/GpuSkinCommon.ush" 2434
"../../../Engine/Shaders/Private/GpuSkinVertexFactory.ush" 2435
"../../../Engine/Shaders/Private/GeometryCollectionVertexFactory.ush" 2436
"../../../Engine/Shaders/Private/GeometryCacheVertexFactory.ush" 2437
"../../../Engine/Shaders/Private/LandscapeVertexFactory.ush" 2438
"../../../Engine/Shaders/Private/Nanite/NaniteTranslucencyFactory.ush" 2439
"../../../Engine/Shaders/Private/ComputeShaderUtils.ush" 2440
"../../../Engine/Shaders/Private/Nanite/NaniteRasterizationCommon.ush" 2441
"../../../Engine/Shaders/Private/Nanite/NaniteRasterizer.ush" 2442
"../../../Engine/Shaders/Private/VirtualShadowMaps/VirtualShadowMapPageAccessCommon.ush" 2443
"../../../Engine/Shaders/Shared/VirtualShadowMapDefinitions.h" 2444
"../../../Engine/Shaders/Shared/HLSLMathAliases.h" 2445
"../../../Engine/Shaders/Private/VirtualShadowMaps/VirtualShadowMapHandle.ush" 2446
"../../../Engine/Shaders/Private/VirtualShadowMaps/VirtualShadowMapPageOverlap.ush" 2447
"../../../Engine/Shaders/Private/Nanite/NaniteHZBCull.ush" 2448
"../../../Engine/Shaders/Private/HZB.ush" 2449
"../../../Engine/Shaders/Private/VirtualShadowMaps/VirtualShadowMapPageCacheCommon.ush" 2450
"../../../Engine/Shaders/Private/VirtualShadowMaps/VirtualShadowMapProjectionStructs.ush" 2451
"../../../Engine/Shaders/Private/Nanite/NaniteWritePixel.ush" 2452
"../../../Engine/Shaders/Private/Nanite/NaniteCullingCommon.ush" 2453
"../../../Engine/Shaders/Private/Nanite/NaniteCulling.ush" 2454
"../../../Engine/Shaders/Private/Nanite/NaniteHierarchyTraversalCommon.ush" 2455
"../../../Engine/Shaders/Private/MaterialTemplate.ush" 2456
"../../../Engine/Shaders/Private/WorldSpaceMath.ush" 2457
"../../../Engine/Shaders/Private/EyeAdaptationCommon.ush" 2458
"../../../Engine/Shaders/Private/SobolRandom.ush" 2459
"../../../Engine/Shaders/Private/DepthOfFieldCommon.ush" 2460
"../../../Engine/Shaders/Private/CircleDOFCommon.ush" 2461
"../../../Engine/Shaders/Private/DistanceField/GlobalDistanceFieldShared.ush" 2462
"../../../Engine/Shaders/Private/PhysicsFieldSampler.ush" 2463
"../../../Engine/Shaders/Private/PhysicsFieldShared.ush" 2464
"../../../Engine/Shaders/Private/PhysicsFieldEval.ush" 2465
"../../../Engine/Shaders/Private/SparseVolumeTexture/SparseVolumeTextureCommon.ush" 2466
"../../../Engine/Shaders/Shared/EnvironmentComponentsFlags.h" 2467
"../../../Engine/Shaders/Private/MeshPaintTextureCommon.ush" 2468
"../../../Engine/Shaders/Private/VirtualTextureMaterial.ush" 2469
"../../../Engine/Shaders/Private/MaterialCache/MaterialCacheMaterialCommon.ush" 2470
"../../../Engine/Shaders/Private/VirtualTextureCommon.ush" 2471
"../../../Engine/Shaders/Shared/VirtualTextureDefinitions.h" 2472
"../../../Engine/Shaders/Private/BlueNoiseCommon.ush" 2473
"../../../Engine/Shaders/Private/Quantization.ush" 2474
"../../../Engine/Shaders/Private/SpeedTreeCommon.ush" 2475
"../../../Engine/Shaders/Public/IndirectVirtualTextureCommon.ush" 2476
"../../../Engine/Shaders/Private/MaterialTexture.ush" 2477
"../../../Engine/Shaders/Private/MinMaterialTexCoords.ush" 2478
"../../../Engine/Shaders/Private/SkyAtmosphereCommon.ush" 2479
"../../../Engine/Shaders/Private/SingleLayerWaterCommon.ush" 2480
"../../../Engine/Shaders/Private/TextureSampling.ush" 2481
"../../../Engine/Shaders/Private/PaniniProjection.ush" 2482
"../../../Engine/Shaders/Private/DBufferNormalReprojection.ush" 2483
"../../../Engine/Shaders/Public/SubstratePublic.ush" 2484
"../../../Engine/Shaders/Private/Substrate/SubstrateRead.ush" 2485
"../../../Engine/Shaders/Private/Substrate/SubstrateTree.ush" 2486
"../../../Engine/Shaders/Private/Substrate/SubstrateEvaluation.ush" 2487
"../../../Engine/Shaders/Private/Substrate/Glint/GlintThirdParty.ush" 2488
"../../../Engine/Shaders/Private/BlueNoise.ush" 2489
"../../../Engine/Shaders/Private/SHCommon.ush" 2490
"../../../Engine/Shaders/Private/ShadingModels.ush" 2491
"../../../Engine/Shaders/Private/HairBsdf.ush" 2492
"../../../Engine/Shaders/Private/PathTracing/Utilities/PathTracingRandomSequence.ush" 2493
"../../../Engine/Shaders/Private/MobileGGX.ush" 2494
"../../../Engine/Shaders/Private/ShadingModelsSampling.ush" 2495
"../../../Engine/Shaders/Private/HairStrands/HairBsdfSample.ush" 2496
"../../../Engine/Shaders/Private/HairStrands/HairStrandsCommon.ush" 2497
"../../../Engine/Shaders/Private/HairStrands/HairStrandsDeepTransmittanceCommon.ush" 2498
"../../../Engine/Shaders/Private/HairStrands/HairStrandsDeepTransmittanceDualScattering.ush" 2499
"../../../Engine/Shaders/Private/HairStrands/HairStrandsEnvironmentLightingCommon.ush" 2500
"../../../Engine/Shaders/Private/Substrate/SubstrateLegacyConversion.ush" 2501
"../../../Engine/Shaders/Private/DBufferDecalShared.ush" 2502
"../../../Engine/Shaders/Private/Nanite/NaniteTessellation.ush" 2503
"../../../Engine/Shaders/Private/WorkDistribution.ush" 2504
"../../../Engine/Shaders/Public/RootConstants.ush" 2505
"../../../Engine/Shaders/Public/Platform/D3D/D3DRootConstants.ush" 2506
"../../../Engine/Shaders/Private/PostProcessMaterialShaders.usf" 2507
"../../../Engine/Shaders/Private/ScreenPass.ush" 2508
"../../../Engine/Shaders/Private/ColorUtils.ush" 2509
"../../../Engine/Shaders/Private/NeuralPostProcessCommon.usf" 2510
"../../../Engine/Plugins/Runtime/AR/AppleAR/AppleARKit/Shaders/Private/ColorSpaceConversion.usf" 2511
"../../../Engine/Plugins/Media/WmfMedia/Shaders/Private/MediaHardwareVideoDecoding.usf" 2512
"../../../Engine/Plugins/Media/TmvMedia/Shaders/Private/TmvTextureYuvConverter.usf" 2513
"../../../Engine/Plugins/Media/TmvMedia/Shaders/Private/TmvColorProcessing.ush" 2514
"../../../Engine/Plugins/Media/TmvMedia/Shaders/Private/TmvTextureBufferSwizzler.usf" 2515
"../../../Engine/Plugins/Media/TmvMedia/Shaders/Private/TmvStructuredBufferSwizzler.usf" 2516
"../../../Engine/Plugins/Media/PixelCapture/Shaders/Private/RGBToYUV.usf" 2517
"../../../Engine/Plugins/Media/NDIMedia/Shaders/Private/NDIMediaShaders.usf" 2518
"../../../Engine/Shaders/Private/TonemapCommon.ush" 2519
"../../../Engine/Shaders/Private/ACES/ACESCommon.ush" 2520
"../../../Engine/Shaders/Private/ACES/ACESOutputTransform.ush" 2521
"../../../Engine/Shaders/Private/ACES/ACESUtilities.ush" 2522
"../../../Engine/Shaders/Private/ACES/ACESTonescale.ush" 2523
"../../../Engine/Shaders/Private/ACES/ACESDisplayEncoding.ush" 2524
"../../../Engine/Shaders/Private/ACES/ACES_v1.3.ush" 2525
"../../../Engine/Plugins/Media/ImgMedia/Shaders/Private/ExrSwizzler.usf" 2526
"../../../Engine/Plugins/VirtualProduction/CameraCalibrationCore/Shaders/Private/SphericalDistortion.usf" 2527
"../../../Engine/Plugins/VirtualProduction/CameraCalibrationCore/Shaders/Private/CrosshairOverlay.usf" 2528
"../../../Engine/Plugins/VirtualProduction/CameraCalibrationCore/Shaders/Private/DisplacementMapBlending.usf" 2529
"../../../Engine/Plugins/VirtualProduction/CameraCalibrationCore/Shaders/Private/RecenterSTDisplacementMaps.usf" 2530
"../../../Engine/Plugins/VirtualProduction/CameraCalibrationCore/Shaders/Private/FillSTDisplacementMap.usf" 2531
"../../../Engine/Plugins/VirtualProduction/CameraCalibrationCore/Shaders/Private/InvertDisplacementMap.usf" 2532
"../../../Engine/Plugins/VirtualProduction/CameraCalibrationCore/Shaders/Private/CropDisplacementMap.usf" 2533
"../../../Engine/Plugins/VirtualProduction/CameraCalibrationCore/Shaders/Private/BlendDisplacementMaps.usf" 2534
"../../../Engine/Plugins/VirtualProduction/CameraCalibrationCore/Shaders/Private/UndistortImagePoints.usf" 2535
"../../../Engine/Plugins/VirtualProduction/CameraCalibrationCore/Shaders/Private/DistortionSTMapProcessor.usf" 2536
"../../../Engine/Plugins/VirtualProduction/CameraCalibrationCore/Shaders/Private/BrownConradyUDDistortion.usf" 2537
"../../../Engine/Plugins/VirtualProduction/CameraCalibrationCore/Shaders/Private/AnamorphicDistortion.usf" 2538
"../../../Engine/Plugins/Compositing/OpenCVLensDistortion/Shaders/Private/DisplacementMapGeneration.usf" 2539
"../../../Engine/Plugins/NNE/NNEDenoiser/Shaders/NNEDenoiserShadersTransferFunctionOidn.usf" 2540
"../../../Engine/Plugins/NNE/NNEDenoiser/Shaders/NNEDenoiserShadersMappedCopy.usf" 2541
"../../../Engine/Plugins/NNE/NNEDenoiser/Shaders/NNEDenoiserShadersDefaultIOProcess.usf" 2542
"../../../Engine/Plugins/NNE/NNEDenoiser/Shaders/NNEDenoiserShadersAutoExposureReduceFinal.usf" 2543
"../../../Engine/Plugins/NNE/NNEDenoiser/Shaders/NNEDenoiserShadersAutoExposureReduce.usf" 2544
"../../../Engine/Plugins/NNE/NNEDenoiser/Shaders/NNEDenoiserShadersAutoExposureDownsample.usf" 2545
"../../../Engine/Plugins/VirtualProduction/ViewportWidgetOverlay/Shaders/Private/ViewportWidgetOverlay.usf" 2546
"../../../Engine/Plugins/Experimental/NFORDenoise/Shaders/NFORDenoise.usf" 2547
"../../../Engine/Plugins/Experimental/NFORDenoise/Shaders/NFORRegressionCommon.ush" 2548
"../../../Engine/Plugins/Experimental/NFORDenoise/Shaders/NFORRegression.ush" 2549
"../../../Engine/Plugins/Experimental/ColorCorrectRegions/Shaders/Private/ColorCorrectRegionsStencilMerger.usf" 2550
"../../../Engine/Plugins/Experimental/ColorCorrectRegions/Shaders/Private/ColorCorrectRegionsCommon.usf" 2551
"../../../Engine/Plugins/Experimental/ColorCorrectRegions/Shaders/Private/ColorCorrectRegionsScreenPass.usf" 2552
"../../../Engine/Plugins/Experimental/ColorCorrectRegions/Shaders/Private/ColorCorrectRegionsShader.usf" 2553
"../../../Engine/Shaders/Private/XRShaders.usf" 2554
"../../../Engine/Shaders/Private/DisplayMappingPixelShader.usf" 2555
"../../../Engine/Plugins/Runtime/nDisplay/Shaders/Private/MPCDIShaders.usf" 2556
"../../../Engine/Plugins/Runtime/nDisplay/Shaders/Private/MPCDIUtils.ush" 2557
"../../../Engine/Plugins/Runtime/nDisplay/Shaders/Private/DisplayClusterColorCorrection.ush" 2558
"../../../Engine/Plugins/Runtime/nDisplay/Shaders/Private/MPCDIOverlayShaders.usf" 2559
"../../../Engine/Plugins/Runtime/nDisplay/Shaders/Private/TransformTexture.usf" 2560
"../../../Engine/Plugins/Runtime/nDisplay/Shaders/Private/UVLightCardGammaCorrection.usf" 2561
"../../../Engine/Plugins/Runtime/nDisplay/Shaders/Private/UVLightCardShaders.usf" 2562
"../../../Engine/Plugins/Runtime/nDisplay/Shaders/Private/SubstrateUtils.ush" 2563
"../../../Engine/Plugins/Runtime/nDisplay/Shaders/Private/OutputRemapShaders.usf" 2564
"../../../Engine/Plugins/Runtime/nDisplay/Shaders/Private/PicpPostProcessShaders.usf" 2565
"../../../Engine/Plugins/Runtime/nDisplay/Shaders/Private/OverlayShaders.usf" 2566
"../../../Engine/Plugins/Runtime/nDisplay/Shaders/Private/MediaShaders.usf" 2567
"../../../Engine/Plugins/Runtime/nDisplay/Shaders/Private/ResourceUtils.usf" 2568
"../../../Engine/Plugins/Runtime/nDisplay/Shaders/Private/FrameStats.usf" 2569
"../../../Engine/Plugins/Runtime/nDisplay/Shaders/Private/MeshProjectionSelectionOutline.usf" 2570
"../../../Engine/Plugins/Runtime/nDisplay/Shaders/Private/MeshProjectionNormalSmoothing.usf" 2571
"../../../Engine/Plugins/Runtime/nDisplay/Shaders/Private/MeshProjectionHitProxy.usf" 2572
"../../../Engine/Plugins/Runtime/nDisplay/Shaders/Private/MeshProjectionShaders.usf" 2573
"../../../Engine/Plugins/Media/MediaIOFramework/Shaders/MediaIO.usf" 2574
"../../../Engine/Plugins/Compositing/OpenColorIO/Shaders/Private/OpenColorIOInvalidShader.usf" 2575
"../../../Engine/Plugins/Compositing/OpenColorIO/Shaders/Private/OpenColorIOShader.usf" 2576
"../../../Engine/Plugins/Compositing/CompositeCore/Shaders/Private/CompositeCoreMerge.usf" 2577
"../../../Engine/Shaders/Private/LensDistortion.ush" 2578
"../../../Engine/Plugins/Compositing/CompositeCore/Shaders/Private/CompositeCoreBlending.ush" 2579
"../../../Engine/Plugins/Compositing/CompositeCore/Shaders/Private/CompositeCoreDisplayTransform.usf" 2580
"../../../Engine/Plugins/Compositing/CompositeCore/Shaders/Private/CompositeCoreDilate.usf" 2581
"../../../Engine/Plugins/Runtime/ComputeFramework/Shaders/Private/ComputeKernel.usf" 2582
"../../../Engine/Plugins/Runtime/ComputeFramework/Shaders/Private/ComputeKernelCommon.ush" 2583
"../../../Engine/Plugins/Enterprise/GLTFExporter/Shaders/Private/SimpleTexture2DPS.usf" 2584
"../../../Engine/Shaders/Private/SimpleElementNormalMapPixelShader.usf" 2585
"../../../Engine/Plugins/Runtime/HairStrands/Shaders/Private/NiagaraCopyVelocityGrid.usf" 2586
"../../../Engine/Plugins/Runtime/HairStrands/Shaders/Private/NiagaraClearVelocityGrid.usf" 2587
"../../../Engine/Plugins/Runtime/HairStrands/Shaders/Private/NiagaraClearPressureGrid.usf" 2588
"../../../Engine/Plugins/Runtime/HairStrands/Shaders/Private/NiagaraInterpolateGroomGuides.usf" 2589
"../../../Engine/Plugins/Runtime/HairStrands/Shaders/Private/NiagaraGroomInterpolationUtils.ush" 2590
"../../../Engine/Plugins/FX/Niagara/Shaders/Private/NiagaraQuaternionUtils.ush" 2591
"../../../Engine/Shaders/Private/HairStrands/HairStrandsMesh.usf" 2592
"../../../Engine/Shaders/Private/HairStrands/HairStrandsBindingCommon.ush" 2593
"../../../Engine/Shaders/Private/HairStrands/HairStrandsFollicleMask.usf" 2594
"../../../Engine/Shaders/Private/HairStrands/HairStrandsSkinUpdate.usf" 2595
"../../../Engine/Shaders/Private/HairStrands/HairStrandsClusterCulling.usf" 2596
"../../../Engine/Shaders/Private/ColorMap.ush" 2597
"../../../Engine/Shaders/Private/HairStrands/HairStrandsAABBCommon.ush" 2598
"../../../Engine/Shaders/Private/HairStrands/HairStrandsClusterCommon.ush" 2599
"../../../Engine/Shaders/Private/ThreadGroupPrefixSum.ush" 2600
"../../../Engine/Shaders/Private/HairStrands/HairStrandsRaytracingGeometry.usf" 2601
"../../../Engine/Shaders/Private/HairStrands/HairStrandsTangent.usf" 2602
"../../../Engine/Shaders/Private/HairStrands/HairCardsDeformation.usf" 2603
"../../../Engine/Shaders/Private/HairStrands/HairStrandsInterpolation.usf" 2604
"../../../Engine/Shaders/Private/HairStrands/HairStrandsGuideDeform.usf" 2605
"../../../Engine/Shaders/Private/HairStrands/HairStrandsTexturesGeneration.usf" 2606
"../../../Engine/Shaders/Private/HairStrands/HairCardsTextureCommon.ush" 2607
"../../../Engine/Shaders/Private/HairStrands/HairStrandsTranscode.usf" 2608
"../../../Engine/Shaders/Private/HairStrands/HairStrandsDebug.usf" 2609
"../../../Engine/Shaders/Private/PostProcessCommon.ush" 2610
"../../../Engine/Plugins/PCG/Shaders/Private/PCGUnwrapMesh.usf" 2611
"../../../Engine/Plugins/PCG/Shaders/Private/PCGTextureReadback.usf" 2612
"../../../Engine/Plugins/PCG/Shaders/Private/PCGTexureDownsample.usf" 2613
"../../../Engine/Plugins/PCG/Shaders/Private/PCGSceneWriter.usf" 2614
"../../../Engine/Shaders/Private/GPUScene/GPUSceneWriter.ush" 2615
"../../../Engine/Plugins/PCG/Shaders/Private/PCGRayTrace.usf" 2616
"../../../Engine/Shaders/Private/Visualization.ush" 2617
"../../../Engine/Shaders/Private/Hash.ush" 2618
"../../../Engine/Plugins/PCG/Shaders/Private/PCGGrassMapUnpackerCS.usf" 2619
"../../../Engine/Shaders/Private/Landscape/LandscapeCommon.ush" 2620
"../../../Engine/Plugins/PCG/Shaders/Private/PCGDilate.usf" 2621
"../../../Engine/Plugins/Experimental/Water/Shaders/Private/WaterQuadTreeDraws.usf" 2622
"../../../Engine/Plugins/Experimental/Water/Shaders/Private/WaterQuadTreeCommon.ush" 2623
"../../../Engine/Plugins/Experimental/Water/Shaders/Private/WaterQuadTreeBuild.usf" 2624
"../../../Engine/Plugins/Experimental/Water/Shaders/Private/WaterQuadTreeMerge.usf" 2625
"../../../Engine/Plugins/Experimental/Water/Shaders/Private/WaterQuadTreePixelShader.usf" 2626
"../../../Engine/Plugins/Experimental/Water/Shaders/Private/WaterQuadTreeVertexShader.usf" 2627
"../../../Engine/Plugins/Experimental/Water/Shaders/Private/WaterInfoFinalize.usf" 2628
"../../../Engine/Plugins/Experimental/Water/Shaders/Private/WaterInfoMerge.usf" 2629
"../../../Engine/Plugins/FX/Niagara/Shaders/Private/NiagaraVertexFactoryExport.usf" 2630
"../../../Engine/Plugins/FX/Niagara/Shaders/Private/NiagaraSortKeyGen.usf" 2631
"../../../Engine/Plugins/FX/Niagara/Shaders/Private/NiagaraGPURayTracingTransforms.usf" 2632
"../../../Engine/Plugins/FX/Niagara/Shaders/Private/NiagaraDrawIndirectArgsGen.usf" 2633
"../../../Engine/Plugins/FX/Niagara/Shaders/Private/NiagaraDispatchIndirectArgsGen.usf" 2634
"../../../Engine/Plugins/FX/Niagara/Shaders/Private/Stateless/NiagaraStatelessSimulationDefault.usf" 2635
"../../../Engine/Plugins/FX/Niagara/Shaders/Private/Stateless/NiagaraStatelessCommon.ush" 2636
"../../../Engine/Plugins/FX/Niagara/Shaders/Shared/NiagaraStatelessDefinitions.h" 2637
"../../../Engine/Plugins/FX/Niagara/Shaders/Shared/NiagaraStatelessBuiltDistribution.h" 2638
"../../../Engine/Plugins/FX/Niagara/Shaders/Private/Stateless/NiagaraStatelessDistribution.ush" 2639
"../../../Engine/Plugins/FX/Niagara/Shaders/Private/Stateless/Template/GenerateCS_PreModules.ush" 2640
"../../../Engine/Plugins/FX/Niagara/Shaders/Private/Stateless/Modules/NiagaraStatelessModule_CalculateAccurateVelocity.ush" 2641
"../../../Engine/Plugins/FX/Niagara/Shaders/Private/Stateless/Modules/NiagaraStatelessModule_CameraOffset.ush" 2642
"../../../Engine/Plugins/FX/Niagara/Shaders/Private/Stateless/Modules/NiagaraStatelessModule_DynamicMaterialParameters.ush" 2643
"../../../Engine/Plugins/FX/Niagara/Shaders/Private/Stateless/Modules/NiagaraStatelessModule_InitializeParticle.ush" 2644
"../../../Engine/Plugins/FX/Niagara/Shaders/Private/Stateless/Modules/NiagaraStatelessModule_InitialMeshOrientation.ush" 2645
"../../../Engine/Plugins/FX/Niagara/Shaders/Private/Stateless/Modules/NiagaraStatelessModule_MeshIndex.ush" 2646
"../../../Engine/Plugins/FX/Niagara/Shaders/Private/Stateless/Modules/NiagaraStatelessModule_MeshRotationRate.ush" 2647
"../../../Engine/Plugins/FX/Niagara/Shaders/Private/Stateless/Modules/NiagaraStatelessModule_RotateAroundPoint.ush" 2648
"../../../Engine/Plugins/FX/Niagara/Shaders/Private/Stateless/Modules/NiagaraStatelessModule_ShapeLocation.ush" 2649
"../../../Engine/Plugins/FX/Niagara/Shaders/Private/Stateless/Modules/NiagaraStatelessModule_ScaleColor.ush" 2650
"../../../Engine/Plugins/FX/Niagara/Shaders/Private/Stateless/Modules/NiagaraStatelessModule_ScaleRibbonWidth.ush" 2651
"../../../Engine/Plugins/FX/Niagara/Shaders/Private/Stateless/Modules/NiagaraStatelessModule_ScaleSpriteSize.ush" 2652
"../../../Engine/Plugins/FX/Niagara/Shaders/Private/Stateless/Modules/NiagaraStatelessModule_ScaleSpriteSizeBySpeed.ush" 2653
"../../../Engine/Plugins/FX/Niagara/Shaders/Private/Stateless/Modules/NiagaraStatelessModule_ScaleMeshSize.ush" 2654
"../../../Engine/Plugins/FX/Niagara/Shaders/Private/Stateless/Modules/NiagaraStatelessModule_ScaleMeshSizeBySpeed.ush" 2655
"../../../Engine/Plugins/FX/Niagara/Shaders/Private/Stateless/Modules/NiagaraStatelessModule_SolveVelocitiesAndForces.ush" 2656
"../../../Engine/Plugins/FX/Niagara/Shaders/Private/Stateless/Modules/NiagaraStatelessModule_SpriteFacingAndAlignment.ush" 2657
"../../../Engine/Plugins/FX/Niagara/Shaders/Private/Stateless/Modules/NiagaraStatelessModule_SpriteRotationRate.ush" 2658
"../../../Engine/Plugins/FX/Niagara/Shaders/Private/Stateless/Modules/NiagaraStatelessModule_SubUVAnimation.ush" 2659
"../../../Engine/Plugins/FX/Niagara/Shaders/Private/Stateless/Template/GenerateCS_PostModules.ush" 2660
"../../../Engine/Plugins/FX/Niagara/Shaders/Private/NiagaraBlendSVTsToDenseBuffer.usf" 2661
"../../../Engine/Plugins/FX/Niagara/Shaders/Private/NiagaraSVTToDenseBuffer.usf" 2662
"../../../Engine/Plugins/FX/Niagara/Shaders/Private/NiagaraFillIntBuffer.usf" 2663
"../../../Engine/Plugins/FX/Niagara/Shaders/Private/NiagaraComputeFreeIDs.usf" 2664
"../../../Engine/Plugins/FX/Niagara/Shaders/Private/NiagaraInitFreeIDBuffer.usf" 2665
"../../../Engine/Plugins/FX/Niagara/Shaders/Private/NiagaraEmitterInstanceShader.usf" 2666
"../../../Engine/Plugins/FX/Niagara/Shaders/Private/NiagaraShaderVersion.ush" 2667
"../../../Engine/Plugins/FX/Niagara/Shaders/Private/NiagaraPhysicsCommon.ush" 2668
"../../../Engine/Plugins/FX/Niagara/Shaders/Private/Ribbons/NiagaraRibbonAggregationApply.usf" 2669
"../../../Engine/Plugins/FX/Niagara/Shaders/Private/Ribbons/NiagaraRibbonCommon.ush" 2670
"../../../Engine/Plugins/FX/Niagara/Shaders/Shared/NiagaraRibbonShared.h" 2671
"../../../Engine/Plugins/FX/Niagara/Shaders/Private/Ribbons/NiagaraRibbonAggregationStep.usf" 2672
"../../../Engine/Plugins/FX/Niagara/Shaders/Private/Ribbons/NiagaraRibbonGenerateIndices.usf" 2673
"../../../Engine/Plugins/FX/Niagara/Shaders/Private/Ribbons/NiagaraRibbonInitializeIndices.usf" 2674
"../../../Engine/Plugins/FX/Niagara/Shaders/Private/Ribbons/NiagaraRibbonRibbonUVParamCalculation.usf" 2675
"../../../Engine/Plugins/FX/Niagara/Shaders/Private/Ribbons/NiagaraRibbonVertexReductionFinalization.usf" 2676
"../../../Engine/Plugins/FX/Niagara/Shaders/Private/Ribbons/NiagaraRibbonVertexReductionInitialization.usf" 2677
"../../../Engine/Plugins/FX/Niagara/Shaders/Private/Ribbons/NiagaraRibbonSortParticles.usf" 2678
"../../../Engine/Plugins/FX/Niagara/Shaders/Private/NiagaraNeighborQuerySort.usf" 2679
"../../../Engine/Plugins/FX/Niagara/Shaders/Private/NiagaraLWCHelper.usf" 2680
"../../../Engine/Plugins/FX/Niagara/Shaders/Private/NiagaraUpdateMeshGPUSceneInstances.usf" 2681
"../../../Engine/Plugins/FX/Niagara/Shaders/Private/NiagaraGenerateMips.usf" 2682
"../../../Engine/Plugins/FX/Niagara/Shaders/Private/NiagaraDebugDraw.usf" 2683
"../../../Engine/Plugins/FX/Niagara/Shaders/Private/NiagaraDebugDraw.ush" 2684
"../../../Engine/Plugins/FX/Niagara/Shaders/Private/NiagaraVisualizeTexture.usf" 2685
"../../../Engine/Plugins/FX/Niagara/Shaders/Private/NiagaraClearCounts.usf" 2686
"../../../Engine/Plugins/FX/Niagara/Shaders/Private/NiagaraBatchedElements.usf" 2687
"../../../Engine/Plugins/FX/Niagara/Shaders/Private/NiagaraRayTracingShaders.usf" 2688
"../../../Engine/Plugins/FX/Niagara/Shaders/Private/NiagaraAsyncGpuTraceCommon.ush" 2689
"../../../Engine/Shaders/Private/HashTable.ush" 2690
"../../../Engine/Shaders/Private/RayTracing/VFXTraceRay.ush" 2691
"../../../Engine/Plugins/FX/Niagara/Shaders/Private/NiagaraRayMarchingShaders.usf" 2692
"../../../Engine/Plugins/FX/Niagara/Shaders/Private/NiagaraRayTraceCollisionGroupShaders.usf" 2693
"../../../Engine/Plugins/FX/Niagara/Shaders/Private/NiagaraAsyncGpuTraceUtils.usf" 2694
"../../../Engine/Shaders/Private/VirtualTextureAdapter.usf" 2695
"../../../Engine/Shaders/Private/BlockCompressionCommon.ush" 2696
"../../../Engine/Shaders/Private/BCCompressionCommon.ush" 2697
"../../../Engine/Shaders/Private/TranslucentLightingShaders.usf" 2698
"../../../Engine/Shaders/Private/TranslucencyVolumeInjectionCommon.ush" 2699
"../../../Engine/Shaders/Private/CubemapCommon.ush" 2700
"../../../Engine/Shaders/Private/VectorFieldCompositeShaders.usf" 2701
"../../../Engine/Shaders/Private/UpdateTextureShaders.usf" 2702
"../../../Engine/Shaders/Private/StereoLayerShader.usf" 2703
"../../../Engine/Shaders/Private/SparseVolumeTexture/UpdateSparseVolumeTexture.usf" 2704
"../../../Engine/Shaders/Private/MorphTargets.usf" 2705
"../../../Engine/Shaders/Private/SimpleElementColorChannelMaskPixelShader.usf" 2706
"../../../Engine/Shaders/Private/SimpleElementHitProxyPixelShader.usf" 2707
"../../../Engine/Shaders/Private/SimpleElementPixelShader.usf" 2708
"../../../Engine/Shaders/Private/IESLightProfilesCommon.ush" 2709
"../../../Engine/Shaders/Private/SimpleElementVertexShader.usf" 2710
"../../../Engine/Shaders/Private/ScreenPixelShaderOES.usf" 2711
"../../../Engine/Shaders/Private/ScreenVertexShader.usf" 2712
"../../../Engine/Shaders/Private/ScreenPixelShader.usf" 2713
"../../../Engine/Shaders/Private/ToonProfile.usf" 2714
"../../../Engine/Shaders/Private/SSProfilePreIntegratedMobile.usf" 2715
"../../../Engine/Shaders/Private/SpecularProfile.usf" 2716
"../../../Engine/Shaders/Private/Nanite/NaniteStreaming.usf" 2717
"../../../Engine/Shaders/Private/Nanite/NaniteStreaming.ush" 2718
"../../../Engine/Shaders/Private/VolumetricLightmapStreaming.usf" 2719
"../../../Engine/Shaders/Private/PhysicsFieldReset.usf" 2720
"../../../Engine/Shaders/Private/PhysicsFieldBuilder.usf" 2721
"../../../Engine/Shaders/Private/ParticleSortKeyGen.usf" 2722
"../../../Engine/Shaders/Private/ParticleBoundsShader.usf" 2723
"../../../Engine/Shaders/Private/ParticleSimVisualizeShader.usf" 2724
"../../../Engine/Shaders/Private/ParticleInjectionShader.usf" 2725
"../../../Engine/Shaders/Private/ParticleSimulationShader.usf" 2726
"../../../Engine/Shaders/Private/ParticleCurveInjectionShader.usf" 2727
"../../../Engine/Shaders/Private/Nanite/NaniteTranscode.usf" 2728
"../../../Engine/Shaders/Private/Nanite/NaniteScatterUpdates.usf" 2729
"../../../Engine/Shaders/Private/CopyUIntBuffer.usf" 2730
"../../../Engine/Shaders/Private/RadixSortShaders.usf" 2731
"../../../Engine/Shaders/Private/RecomputeTangentsPerVertexPass.usf" 2732
"../../../Engine/Shaders/Private/RecomputeTangentsCommon.ush" 2733
"../../../Engine/Shaders/Private/RecomputeTangentsPerTrianglePass.usf" 2734
"../../../Engine/Shaders/Private/DynamicMeshBounds.usf" 2735
"../../../Engine/Shaders/Private/GpuSkinCacheComputeShader.usf" 2736
"../../../Engine/Shaders/Private/DynamicMeshBounds.ush" 2737
"../../../Engine/Shaders/Private/BitonicSort.usf" 2738
"../../../Engine/Shaders/Public/WaveBroadcastIntrinsics.ush" 2739
"../../../Engine/Shaders/Private/HeightFieldAtlasManagement.usf" 2740
"../../../Engine/Shaders/Private/Landscape/LandscapeEditLayersUtils.usf" 2741
"../../../Engine/Shaders/Private/Landscape/LandscapeEditLayersWeightmaps.usf" 2742
"../../../Engine/Shaders/Private/Landscape/LandscapeEditLayersHeightmaps.usf" 2743
"../../../Engine/Shaders/Private/LandscapeLayersPS.usf" 2744
"../../../Engine/Shaders/Private/LandscapePhysicalMaterial.usf" 2745
"../../../Engine/Shaders/Private/LandscapeGrassWeight.usf" 2746
"../../../Engine/Shaders/Private/Landscape/LandscapeCulling.usf" 2747
"../../../Engine/Shaders/Private/Landscape/LandscapeMergeTexturesPS.usf" 2748
"../../../Engine/Shaders/Private/WideCustomResolveShaders.usf" 2749
"../../../Engine/Shaders/Private/WideCustomResolve_Wide.ush" 2750
"../../../Engine/Shaders/Private/WideCustomResolve_Wider.ush" 2751
"../../../Engine/Shaders/Private/WideCustomResolve_Widest.ush" 2752
"../../../Engine/Shaders/Private/WaterInfoTextureBlur.usf" 2753
"../../../Engine/Shaders/Private/WaterInfoTextureMerge.usf" 2754
"../../../Engine/Shaders/Private/PageTableUpdate.usf" 2755
"../../../Engine/Shaders/Private/VirtualTextureCompress.usf" 2756
"../../../Engine/Shaders/Private/ASTCCompressionCommon.ush" 2757
"../../../Engine/Shaders/Private/IntegerSequenceEncoding.ush" 2758
"../../../Engine/Shaders/Private/ETCCompressionCommon.ush" 2759
"../../../Engine/Shaders/Private/VirtualTextureMaterial.usf" 2760
"../../../Engine/Shaders/Private/PixelShaderOutputCommon.ush" 2761
"../../../Engine/Shaders/Private/ShaderOutputCommon.ush" 2762
"../../../Engine/Shaders/Private/VolumetricRenderTarget.usf" 2763
"../../../Engine/Shaders/Private/HeightFogCommon.ush" 2764
"../../../Engine/Shaders/Private/ReflectionEnvironmentShared.ush" 2765
"../../../Engine/Shaders/Private/LocalFogVolumes/LocalFogVolumeCommon.ush" 2766
"../../../Engine/Shaders/Private/VolumetricFogVoxelization.usf" 2767
"../../../Engine/Shaders/Private/VolumetricCloudMaterialPixelCommon.ush" 2768
"../../../Engine/Shaders/Private/VolumetricFogLightFunction.usf" 2769
"../../../Engine/Shaders/Private/LightFunctionCommon.ush" 2770
"../../../Engine/Shaders/Private/VolumetricFog.usf" 2771
"../../../Engine/Shaders/Private/DeferredLightingCommon.ush" 2772
"../../../Engine/Shaders/Private/DynamicLightingCommon.ush" 2773
"../../../Engine/Shaders/Private/CapsuleLightIntegrate.ush" 2774
"../../../Engine/Shaders/Private/CapsuleLightSampling.ush" 2775
"../../../Engine/Shaders/Private/RectLightIntegrate.ush" 2776
"../../../Engine/Shaders/Private/ScreenSpaceShadowRayCast.ush" 2777
"../../../Engine/Shaders/Private/LightFunctionAtlas/LightFunctionAtlasCommon.usf" 2778
"../../../Engine/Shaders/Private/LightGridCommon.ush" 2779
"../../../Engine/Shaders/Private/DistanceFieldAOShared.ush" 2780
"../../../Engine/Shaders/Private/IntersectionUtils.ush" 2781
"../../../Engine/Shaders/Private/VolumeLightingCommon.ush" 2782
"../../../Engine/Shaders/Private/ShadowProjectionCommon.ush" 2783
"../../../Engine/Shaders/Private/ShadowFilteringCommon.ush" 2784
"../../../Engine/Shaders/Private/PixelQuadMessagePassing.ush" 2785
"../../../Engine/Shaders/Private/VolumeLightingCommonSampling.ush" 2786
"../../../Engine/Shaders/Private/VolumetricLightmapShared.ush" 2787
"../../../Engine/Shaders/Private/ForwardShadowingCommon.ush" 2788
"../../../Engine/Shaders/Private/LightDataUniforms.ush" 2789
"../../../Engine/Shaders/Private/Lumen/LumenTranslucencyVolumeShared.ush" 2790
"../../../Engine/Shaders/Private/Lumen/LumenRadianceCacheInterpolation.ush" 2791
"../../../Engine/Shaders/Private/VirtualShadowMaps/VirtualShadowMapProjectionCommon.ush" 2792
"../../../Engine/Shaders/Private/DiaphragmDOF/DOFCommon.ush" 2793
"../../../Engine/Shaders/Private/VolumetricCloudCommon.ush" 2794
"../../../Engine/Shaders/Private/VolumetricCloud.usf" 2795
"../../../Engine/Shaders/Private/VisualizeVolumetricLightmap.usf" 2796
"../../../Engine/Shaders/Private/Tools/VisualizeLightShape.usf" 2797
"../../../Engine/Shaders/Private/VirtualShadowMaps/VirtualShadowMapProjectionComposite.usf" 2798
"../../../Engine/Shaders/Private/LightShaderParameters.ush" 2799
"../../../Engine/Shaders/Private/VirtualShadowMaps/VirtualShadowMapMaskBitsCommon.ush" 2800
"../../../Engine/Shaders/Private/VirtualShadowMaps/VirtualShadowMapLightGrid.ush" 2801
"../../../Engine/Shaders/Private/VirtualShadowMaps/VirtualShadowMapProjection.usf" 2802
"../../../Engine/Shaders/Private/VirtualShadowMaps/VirtualShadowMapProjectionFilter.ush" 2803
"../../../Engine/Shaders/Private/VirtualShadowMaps/VirtualShadowMapProjectionDirectional.ush" 2804
"../../../Engine/Shaders/Private/VirtualShadowMaps/VirtualShadowMapSMRTCommon.ush" 2805
"../../../Engine/Shaders/Private/VirtualShadowMaps/VirtualShadowMapSMRTTemplate.ush" 2806
"../../../Engine/Shaders/Private/VirtualShadowMaps/VirtualShadowMapProjectionSpot.ush" 2807
"../../../Engine/Shaders/Private/VirtualShadowMaps/VirtualShadowMapTransmissionCommon.ush" 2808
"../../../Engine/Shaders/Private/VirtualShadowMaps/VirtualShadowMapScreenRayTrace.ush" 2809
"../../../Engine/Shaders/Private/VirtualShadowMaps/VirtualShadowMapStats.ush" 2810
"../../../Engine/Shaders/Private/HairStrands/HairStrandsVoxelPageCommon.ush" 2811
"../../../Engine/Shaders/Private/HairStrands/HairStrandsVoxelPageTraversal.ush" 2812
"../../../Engine/Shaders/Private/VirtualShadowMaps/VirtualShadowMapCacheGPUInvalidation.usf" 2813
"../../../Engine/Shaders/Private/VirtualShadowMaps/VirtualShadowMapCacheInvalidation.ush" 2814
"../../../Engine/Shaders/Private/ScreenSpaceDenoise/SSDDefinitions.ush" 2815
"../../../Engine/Shaders/Private/InstanceCulling/InstanceCullingLoadBalancer.ush" 2816
"../../../Engine/Shaders/Private/VirtualShadowMaps/VirtualShadowMapCacheLoadBalancer.usf" 2817
"../../../Engine/Shaders/Private/VirtualShadowMaps/VirtualShadowMapCopyStats.usf" 2818
"../../../Engine/Shaders/Private/VirtualShadowMaps/VirtualShadowMapShadowCasterBounds.usf" 2819
"../../../Engine/Shaders/Private/VirtualShadowMaps/VirtualShadowMapVisualize.ush" 2820
"../../../Engine/Shaders/Private/VirtualShadowMaps/VirtualShadowMapShadowCasterColor.usf" 2821
"../../../Engine/Shaders/Private/VirtualShadowMaps/VirtualShadowMapDebug.usf" 2822
"../../../Engine/Shaders/Private/VirtualShadowMaps/Desaturate.usf" 2823
"../../../Engine/Shaders/Private/VirtualShadowMaps/VirtualShadowMapPhysicalPageManagement.usf" 2824
"../../../Engine/Shaders/Private/ReductionCommon.ush" 2825
"../../../Engine/Shaders/Private/GPUMessaging.ush" 2826
"../../../Engine/Shaders/Private/VirtualShadowMaps/VirtualShadowMapPerPageDispatch.ush" 2827
"../../../Engine/Shaders/Private/VirtualShadowMaps/VirtualShadowMapComputeExplicitChunkDrawsViewMask.usf" 2828
"../../../Engine/Shaders/Shared/SceneCullingDefinitions.h" 2829
"../../../Engine/Shaders/Private/VirtualShadowMaps/VirtualShadowMapCompactViews.usf" 2830
"../../../Engine/Shaders/Private/VirtualShadowMaps/VirtualShadowMapBuildPerPageDrawCommands.usf" 2831
"../../../Engine/Shaders/Private/InstanceCulling/InstanceCullingCommon.ush" 2832
"../../../Engine/Shaders/Shared/InstanceCullingDefinitions.h" 2833
"../../../Engine/Shaders/Private/VirtualShadowMaps/VirtualShadowMapPrintStats.usf" 2834
"../../../Engine/Shaders/Private/VirtualShadowMaps/VirtualShadowMapPageManagement.usf" 2835
"../../../Engine/Shaders/Private/VirtualShadowMaps/VirtualShadowMapPageMarking.usf" 2836
"../../../Engine/Shaders/Private/VirtualShadowMaps/VirtualShadowMapPageMarking.ush" 2837
"../../../Engine/Shaders/Shared/SingleLayerWaterDefinitions.h" 2838
"../../../Engine/Shaders/Private/HairStrands/HairStrandsTileCommon.ush" 2839
"../../../Engine/Shaders/Private/Froxel/Froxel.ush" 2840
"../../../Engine/Shaders/Shared/FroxelDefinitions.h" 2841
"../../../Engine/Shaders/Private/VirtualShadowMaps/VirtualShadowMapThrottle.usf" 2842
"../../../Engine/Shaders/Private/VelocityUpdate.usf" 2843
"../../../Engine/Shaders/Private/VelocityCommon.ush" 2844
"../../../Engine/Shaders/Private/VelocityShader.usf" 2845
"../../../Engine/Shaders/Private/BasePassCommonFunctions.ush" 2846
"../../../Engine/Shaders/Private/VariableRateShading/VRSShadingRatePreview.usf" 2847
"../../../Engine/Shaders/Private/VariableRateShading/VRSShadingRateCommon.ush" 2848
"../../../Engine/Shaders/Private/VariableRateShading/VRSShadingRateCombine.usf" 2849
"../../../Engine/Shaders/Private/VariableRateShading/VRSShadingRateFoveated.usf" 2850
"../../../Engine/Shaders/Private/VariableRateShading/VRSShadingRateReproject.usf" 2851
"../../../Engine/Shaders/Private/VariableRateShading/VRSShadingRateCalculate.usf" 2852
"../../../Engine/Shaders/Private/TranslucencyUpsampling.usf" 2853
"../../../Engine/Shaders/Private/ComposeSeparateTranslucency.usf" 2854
"../../../Engine/Shaders/Private/SeparateTranslucency.ush" 2855
"../../../Engine/Shaders/Private/TranslucencyVolumeVisualize.usf" 2856
"../../../Engine/Shaders/Private/TranslucencyVolumeCommon.ush" 2857
"../../../Engine/Shaders/Private/TranslucentLightInjectionShaders.usf" 2858
"../../../Engine/Shaders/Private/HeterogeneousVolumes/HeterogeneousVolumesAdaptiveVolumetricShadowMapSampling.ush" 2859
"../../../Engine/Shaders/Private/HeterogeneousVolumes/HeterogeneousVolumesAdaptiveVolumetricShadowMapUtils.ush" 2860
"../../../Engine/Shaders/Private/HeterogeneousVolumes/HeterogeneousVolumesBeerShadowMapUtils.ush" 2861
"../../../Engine/Shaders/Private/TranslucentShadowDepthShaders.usf" 2862
"../../../Engine/Shaders/Private/ShadowDepthCommon.ush" 2863
"../../../Engine/Shaders/Private/RayTracing/RayTracingTest.usf" 2864
"../../../Engine/Shaders/Private/PostProcessSubsurfaceTile.usf" 2865
"../../../Engine/Shaders/Private/PostProcessSubsurfaceCommon.ush" 2866
"../../../Engine/Shaders/Private/Substrate/SubstrateVisualize.usf" 2867
"../../../Engine/Shaders/Private/Substrate/SubstrateTile.ush" 2868
"../../../Engine/Shaders/Shared/SubstrateVisualizeDefinitions.h" 2869
"../../../Engine/Shaders/Private/Substrate/SubstrateVisualizeCommon.ush" 2870
"../../../Engine/Shaders/Private/SkyLightingDiffuseShared.ush" 2871
"../../../Engine/Shaders/Private/SkyLightingShared.ush" 2872
"../../../Engine/Shaders/Private/ClearCoatCommon.ush" 2873
"../../../Engine/Shaders/Private/ReflectionEnvironmentComposite.ush" 2874
"../../../Engine/Shaders/Private/Substrate/SubstrateLightingCommon.ush" 2875
"../../../Engine/Shaders/Private/Substrate/SubstrateRoughRefraction.usf" 2876
"../../../Engine/Shaders/Private/PathTracing/Material/PathTracingFresnel.ush" 2877
"../../../Engine/Shaders/Private/PathTracing/Material/PathTracingGlossy.ush" 2878
"../../../Engine/Shaders/Private/Substrate/SubstrateMaterialSampling.usf" 2879
"../../../Engine/Shaders/Private/Substrate/SubstrateMaterialSampling.ush" 2880
"../../../Engine/Shaders/Private/Lumen/LumenPosition.ush" 2881
"../../../Engine/Shaders/Private/Substrate/SubstrateTile.usf" 2882
"../../../Engine/Shaders/Private/Substrate/SubstrateMaterialClassification.usf" 2883
"../../../Engine/Shaders/Private/Substrate/SubstrateDBuffer.usf" 2884
"../../../Engine/Shaders/Private/StochasticLighting/StochasticLightingTileClassification.usf" 2885
"../../../Engine/Shaders/Private/Lumen/LumenMaterial.ush" 2886
"../../../Engine/Shaders/Private/HairStrands/HairStrandsVisibilityUtils.ush" 2887
"../../../Engine/Shaders/Private/Lumen/LumenReflectionCommon.ush" 2888
"../../../Engine/Shaders/Private/Lumen/LumenReflectionsCombine.ush" 2889
"../../../Engine/Shaders/Private/Lumen/LumenScreenProbeTileClassication.ush" 2890
"../../../Engine/Shaders/Private/MegaLights/MegaLightsTileClassification.ush" 2891
"../../../Engine/Shaders/Private/StochasticLighting/StochasticLightingUpsample.ush" 2892
"../../../Engine/Shaders/Private/StochasticLighting/StochasticLightingCommon.ush" 2893
"../../../Engine/Shaders/Private/SplineMeshSceneTexture.usf" 2894
"../../../Engine/Shaders/Private/SparseVolumeTexture/VisualizeSparseVolumeTexture.usf" 2895
"../../../Engine/Shaders/Private/SkyAtmosphere.usf" 2896
"../../../Engine/Shaders/Private/Skinning/ResolveAttachments.usf" 2897
"../../../Engine/Shaders/Private/Nanite/NaniteSkinningUpdateViewData.usf" 2898
"../../../Engine/Shaders/Private/SceneCulling/SceneCulling.ush" 2899
"../../../Engine/Shaders/Private/Skinning/CopyPreviousTransforms.usf" 2900
"../../../Engine/Shaders/Private/Skinning/TransformProviders.usf" 2901
"../../../Engine/Shaders/Private/Skinning/SkinnedMeshDebug.usf" 2902
"../../../Engine/Shaders/Private/Skinning/AnimSequenceTransformProvider.usf" 2903
"../../../Engine/Shaders/Private/Skinning/AnimBankEval.usf" 2904
"../../../Engine/Shaders/Private/SingleLayerWaterComposite.usf" 2905
"../../../Engine/Shaders/Private/Froxel/FroxelBuild.ush" 2906
"../../../Engine/Shaders/Private/SingleLayerWaterRefractionCulling.usf" 2907
"../../../Engine/Shaders/Private/ScreenSpaceShadows.usf" 2908
"../../../Engine/Shaders/Private/bend_sss_gpu.ush" 2909
"../../../Engine/Shaders/Private/ShadowFactorsUpsampleCommon.ush" 2910
"../../../Engine/Shaders/Private/FirstPersonSelfShadow.usf" 2911
"../../../Engine/Shaders/Private/HZBTracing.ush" 2912
"../../../Engine/Shaders/Private/LateZDummyPS.usf" 2913
"../../../Engine/Shaders/Private/ShadowProjectionVertexShader.usf" 2914
"../../../Engine/Shaders/Private/ShadowProjectionPixelShader.usf" 2915
"../../../Engine/Shaders/Private/MobileLightingCommon.ush" 2916
"../../../Engine/Shaders/Private/PlanarReflectionShared.ush" 2917
"../../../Engine/Shaders/Private/MobileSSR.ush" 2918
"../../../Engine/Shaders/Private/SSRT/SSRTRayCast.ush" 2919
"../../../Engine/Shaders/Private/ShadowPercentageCloserFiltering.ush" 2920
"../../../Engine/Shaders/Private/TransmissionThickness.ush" 2921
"../../../Engine/Shaders/Private/CopyShadowMaps.usf" 2922
"../../../Engine/Shaders/Private/ShadowDepthPixelShader.usf" 2923
"../../../Engine/Shaders/Private/ShadowDepthVertexShader.usf" 2924
"../../../Engine/Shaders/Private/ShadingEnergyConservationTable.usf" 2925
"../../../Engine/Shaders/Shared/PathTracingDefinitions.h" 2926
"../../../Engine/Shaders/Private/ShadingFurnaceTest.usf" 2927
"../../../Engine/Shaders/Private/Substrate/SubstrateDeferredLighting.ush" 2928
"../../../Engine/Shaders/Private/ShaderPrintDraw.usf" 2929
"../../../Engine/Shaders/Private/ShaderPrintDrawPrimitive.usf" 2930
"../../../Engine/Shaders/Private/DefaultSSRTiles.usf" 2931
"../../../Engine/Shaders/Private/ScreenSpaceReflectionTileCommons.ush" 2932
"../../../Engine/Shaders/Private/SSRT/SSRTDiffuseIndirect.usf" 2933
"../../../Engine/Shaders/Private/SSRT/SSRTTileClassificationBuffer.ush" 2934
"../../../Engine/Shaders/Private/SSRT/SSRTReflections.usf" 2935
"../../../Engine/Shaders/Private/ScreenSpaceDenoise/SSDPublic.ush" 2936
"../../../Engine/Shaders/Private/SSRT/SSRTTileClassification.usf" 2937
"../../../Engine/Shaders/Private/SSRT/SSRTPrevFrameReduction.usf" 2938
"../../../Engine/Shaders/Private/ScreenSpaceDenoise/SSDComposeHarmonics.usf" 2939
"../../../Engine/Shaders/Private/ScreenSpaceDenoise/SSDPublicHarmonics.ush" 2940
"../../../Engine/Shaders/Private/ScreenSpaceDenoise/SSDSignalFramework.ush" 2941
"../../../Engine/Shaders/Private/ScreenSpaceDenoise/SSDCommon.ush" 2942
"../../../Engine/Shaders/Private/SphericalGaussian.ush" 2943
"../../../Engine/Shaders/Private/ScreenSpaceDenoise/SSDMetadata.ush" 2944
"../../../Engine/Shaders/Private/ScreenSpaceDenoise/SSDSignalCore.ush" 2945
"../../../Engine/Shaders/Private/ScreenSpaceDenoise/DenoisingCommon.ush" 2946
"../../../Engine/Shaders/Private/ScreenSpaceDenoise/SSDSignalArray.ush" 2947
"../../../Engine/Shaders/Private/ScreenSpaceDenoise/SSDSignalBufferEncoding.ush" 2948
"../../../Engine/Shaders/Private/ScreenSpaceDenoise/SSDPublicBufferEncoding.ush" 2949
"../../../Engine/Shaders/Private/Lumen/LumenBufferEncoding.ush" 2950
"../../../Engine/Shaders/Private/ScreenSpaceDenoise/SSDTemporalAccumulation.usf" 2951
"../../../Engine/Shaders/Private/ScreenSpaceDenoise/SSDSpatialKernel.ush" 2952
"../../../Engine/Shaders/Private/ScreenSpaceDenoise/SSDSignalAccumulatorArray.ush" 2953
"../../../Engine/Shaders/Private/ScreenSpaceDenoise/SSDSignalAccumulator.ush" 2954
"../../../Engine/Shaders/Private/ScreenSpaceDenoise/SSDSignalCompression.ush" 2955
"../../../Engine/Shaders/Private/ScreenSpaceDenoise/SSDSpatialAccumulation.usf" 2956
"../../../Engine/Shaders/Private/ScreenSpaceDenoise/SSDInjest.usf" 2957
"../../../Engine/Shaders/Private/ScreenSpaceDenoise/SSDCompressMetadata.usf" 2958
"../../../Engine/Shaders/Private/DownsampleDepthPixelShader.usf" 2959
"../../../Engine/Shaders/Private/ScreenPass.usf" 2960
"../../../Engine/Shaders/Private/HZB.usf" 2961
"../../../Engine/Shaders/Private/OcclusionFeedbackShaders.usf" 2962
"../../../Engine/Shaders/Private/HZBOcclusion.usf" 2963
"../../../Engine/Shaders/Private/OcclusionQueryPixelShader.usf" 2964
"../../../Engine/Shaders/Private/OcclusionQueryVertexShader.usf" 2965
"../../../Engine/Shaders/Private/HitProxyCopy.usf" 2966
"../../../Engine/Shaders/Private/HitProxyPixelShader.usf" 2967
"../../../Engine/Shaders/Private/HitProxyVertexShader.usf" 2968
"../../../Engine/Shaders/Private/SceneCulling/SceneCullingDebugRender.usf" 2969
"../../../Engine/Shaders/Private/SceneCulling/SceneCullingBuildExplicitBounds.usf" 2970
"../../../Engine/Shaders/Private/SceneCapturePixelShader.usf" 2971
"../../../Engine/Shaders/Private/RendererUtils.usf" 2972
"../../../Engine/Shaders/Private/RTWriteMaskDecode.usf" 2973
"../../../Engine/Shaders/Private/ReflectionEnvironmentShaders.usf" 2974
"../../../Engine/Shaders/Private/RectLightAtlas.usf" 2975
"../../../Engine/Shaders/Private/RayTracing/TraceRayInlineStatistics.usf" 2976
"../../../Engine/Shaders/Private/RayTracing/CompositeSkyLightPS.usf" 2977
"../../../Engine/Shaders/Private/RayTracing/GenerateSkyLightVisibilityRaysCS.usf" 2978
"../../../Engine/Shaders/Private/RayTracing/RayTracingSkyLightCommon.ush" 2979
"../../../Engine/Shaders/Private/RayTracing/SkyLightVisibilityRaysData.ush" 2980
"../../../Engine/Shaders/Private/RayTracing/RayTracingSkyLightRGS.usf" 2981
"../../../Engine/Shaders/Private/HairStrands/HairStrandsRaytracing.ush" 2982
"../../../Engine/Shaders/Private/RayTracing/RayTracingSkyLightEvaluation.ush" 2983
"../../../Engine/Shaders/Private/RayTracing/RayTracingDeferredShadingCommon.ush" 2984
"../../../Engine/Shaders/Private/RayTracing/RayTracingOcclusionRGS.usf" 2985
"../../../Engine/Shaders/Private/RayTracing/RayTracingDirectionalLight.ush" 2986
"../../../Engine/Shaders/Private/RayTracing/RayTracingRectLight.ush" 2987
"../../../Engine/Shaders/Private/RayTracing/RayTracingSphereLight.ush" 2988
"../../../Engine/Shaders/Private/RayTracing/RayTracingCapsuleLight.ush" 2989
"../../../Engine/Shaders/Private/RayTracing/RayTracingFeedback.usf" 2990
"../../../Engine/Shaders/Shared/RayTracingDebugTypes.h" 2991
"../../../Engine/Shaders/Private/RayTracing/RayTracingPrimaryRays.usf" 2992
"../../../Engine/Shaders/Private/RayTracing/RayTracingLightingCommon.ush" 2993
"../../../Engine/Shaders/Private/RayTracing/RayTracingLightCullingCommon.ush" 2994
"../../../Engine/Shaders/Private/RayTracing/RayTracingMaterialDefaultHitShaders.usf" 2995
"../../../Engine/Shaders/Private/RayTracing/RayTracingMaterialHitShaders.usf" 2996
"../../../Engine/Shaders/Private/RayTracing/RayTracingShaderUtils.ush" 2997
"../../../Engine/Shaders/Private/RayTracing/RayTracingCalcInterpolants.ush" 2998
"../../../Engine/Shaders/Private/LightmapCommon.ush" 2999
"../../../Engine/Shaders/Private/Lumen/LumenHardwareRayTracingPayloadCommon.ush" 3000
"../../../Engine/Shaders/Shared/LumenDefinitions.h" 3001
"../../../Engine/Shaders/Private/Substrate/SubstrateExport.ush" 3002
"../../../Engine/Shaders/Private/RayTracing/RayTracingLightingMS.usf" 3003
"../../../Engine/Shaders/Private/Lumen/LumenDiffuseColorBoost.ush" 3004
"../../../Engine/Shaders/Private/RayTracing/RayTracingLightFunctionCommon.ush" 3005
"../../../Engine/Shaders/Private/RayTracing/RayTracingBuildLightGrid.usf" 3006
"../../../Engine/Shaders/Private/RayTracing/RayTracingInstanceBufferUtil.usf" 3007
"../../../Engine/Shaders/Shared/NaniteRayTracingDefinitions.h" 3008
"../../../Engine/Shaders/Private/RayTracing/RayTracingDynamicMesh.usf" 3009
"../../../Engine/Shaders/Private/RayTracing/RayTracingDefaultDecalHitShader.usf" 3010
"../../../Engine/Shaders/Private/RayTracing/RayTracingDecalMaterialShader.usf" 3011
"../../../Engine/Shaders/Private/PathTracing/PathTracingShaderUtils.ush" 3012
"../../../Engine/Shaders/Private/PathTracing/PathTracingCommon.ush" 3013
"../../../Engine/Shaders/Private/PathTracing/Material/PathTracingMaterialCommon.ush" 3014
"../../../Engine/Shaders/Private/PathTracing/Utilities/PathTracingRIS.ush" 3015
"../../../Engine/Shaders/Private/RayTracing/RayTracingBuildDecalGrid.usf" 3016
"../../../Engine/Shaders/Private/RayTracing/RayTracingDebugHitStatsUtils.usf" 3017
"../../../Engine/Shaders/Private/RayTracing/RayTracingDebugInstanceOverlap.usf" 3018
"../../../Engine/Shaders/Private/RayTracing/RayTracingDebugPicking.usf" 3019
"../../../Engine/Shaders/Private/RayTracing/RayTracingDebugUtils.ush" 3020
"../../../Engine/Shaders/Private/RayTracing/RayTracingDebugTraversal.usf" 3021
"../../../Engine/Shaders/Private/RayTracing/RayTracingDeferredMaterials.ush" 3022
"../../../Engine/Shaders/Shared/ThirdParty/AMD/ags_shader_intrinsics_dx12.h" 3023
"../../../Engine/Shaders/Shared/RaytracingDebugDefinitions.h" 3024
"../../../Engine/Shaders/Private/RayTracing/RayTracingDebugHitStatsCHS.usf" 3025
"../../../Engine/Shaders/Private/RayTracing/RayTracingDebugHitStats.usf" 3026
"../../../Engine/Shaders/Private/RayTracing/RayTracingDebugMS.usf" 3027
"../../../Engine/Shaders/Private/RayTracing/RayTracingDebugCHS.usf" 3028
"../../../Engine/Shaders/Private/RayTracing/RayTracingDebug.usf" 3029
"../../../Engine/Shaders/Private/RayTracing/RayTracingBuiltInShaders.usf" 3030
"../../../Engine/Shaders/Private/RayTracing/RayTracingBarycentrics.usf" 3031
"../../../Engine/Shaders/Private/RayTracing/RayTracingAmbientOcclusionRGS.usf" 3032
"../../../Engine/Shaders/Private/VisualizeShadingModels.usf" 3033
"../../../Engine/Shaders/Private/MotionBlur/VisualizeMotionVectors.usf" 3034
"../../../Engine/Shaders/Private/Tools/ColorGradingHistogram.usf" 3035
"../../../Engine/Shaders/Private/Tools/ColorGradingVectorScope.usf" 3036
"../../../Engine/Shaders/Private/Tools/ColorGradingParade.usf" 3037
"../../../Engine/Shaders/Private/TemporalSuperResolution/TSRVisualize.usf" 3038
"../../../Engine/Shaders/Private/TemporalSuperResolution/TSRColorSpace.ush" 3039
"../../../Engine/Shaders/Private/TemporalSuperResolution/TSRCommon.ush" 3040
"../../../Engine/Shaders/Public/DualPixelVectorization.ush" 3041
"../../../Engine/Shaders/Private/TemporalSuperResolution/TSRReprojectionField.ush" 3042
"../../../Engine/Shaders/Private/TemporalSuperResolution/TSRResolveHistory.usf" 3043
"../../../Engine/Shaders/Private/TemporalSuperResolution/TSRConvolutionNetwork.ush" 3044
"../../../Engine/Shaders/Private/TemporalSuperResolution/TSRKernels.ush" 3045
"../../../Engine/Shaders/Public/LaneVectorization.ush" 3046
"../../../Engine/Shaders/Private/TemporalSuperResolution/TSRUpdateHistory.usf" 3047
"../../../Engine/Shaders/Private/TemporalSuperResolution/TSRSpatialAntiAliasing.ush" 3048
"../../../Engine/Shaders/Private/TemporalSuperResolution/TSRSpatialAntiAliasing.usf" 3049
"../../../Engine/Shaders/Private/TemporalSuperResolution/TSRRejectShading.usf" 3050
"../../../Engine/Shaders/Private/TemporalSuperResolution/TSRShadingAnalysis.ush" 3051
"../../../Engine/Shaders/Private/TemporalSuperResolution/TSRConvolutionNetworkPass.ush" 3052
"../../../Engine/Shaders/Private/TemporalSuperResolution/TSRDecimateHistory.usf" 3053
"../../../Engine/Shaders/Private/TemporalSuperResolution/TSRDepthVelocityAnalysis.ush" 3054
"../../../Engine/Shaders/Private/TemporalSuperResolution/TSRClosestOccluder.ush" 3055
"../../../Engine/Shaders/Private/TemporalSuperResolution/TSRWeightRelaxation.usf" 3056
"../../../Engine/Shaders/Private/TemporalSuperResolution/TSRThinGeometryCommon.ush" 3057
"../../../Engine/Shaders/Private/TemporalSuperResolution/TSRDetectThinGeometry.usf" 3058
"../../../Engine/Shaders/Private/TemporalSuperResolution/TSRDilateVelocity.usf" 3059
"../../../Engine/Shaders/Private/MotionBlur/MotionBlurVelocityFlatten.ush" 3060
"../../../Engine/Shaders/Private/MotionBlur/MotionBlurCommon.ush" 3061
"../../../Engine/Shaders/Private/TemporalSuperResolution/TSRClearPrevTextures.usf" 3062
"../../../Engine/Shaders/Private/TemporalSuperResolution/TSRMeasureCoverage.usf" 3063
"../../../Engine/Shaders/Private/TemporalSuperResolution/TSRMeasureFlickeringLuma.usf" 3064
"../../../Engine/Shaders/Private/TemporalAA.usf" 3065
"../../../Engine/Shaders/Private/SMAA/SMAADebugVisualization.usf" 3066
"../../../Engine/Shaders/Private/SMAA/SMAACommon.ush" 3067
"../../../Engine/Shaders/Private/SMAA/SMAA.ush" 3068
"../../../Engine/Shaders/Private/SMAA/SMAANeighborhoodBlendingShader.usf" 3069
"../../../Engine/Shaders/Private/SMAA/SMAABlendingWeightCalculationShader.usf" 3070
"../../../Engine/Shaders/Private/SMAA/SMAAEdgeDetectionShader.usf" 3071
"../../../Engine/Shaders/Private/FilterPixelShader.usf" 3072
"../../../Engine/Shaders/Private/FilterVertexShader.usf" 3073
"../../../Engine/Shaders/Private/VisualizeVirtualTexture.usf" 3074
"../../../Engine/Shaders/Private/PostProcessVisualizeBuffer.usf" 3075
"../../../Engine/Shaders/Private/PostProcessVisualizeLocalExposure.usf" 3076
"../../../Engine/Shaders/Private/PostProcessHistogramCommon.ush" 3077
"../../../Engine/Shaders/Private/PostProcessVisualizeLevelInstance.usf" 3078
"../../../Engine/Shaders/Private/PostProcessVisualizeHDR.usf" 3079
"../../../Engine/Shaders/Private/ShaderComplexityApplyPixelShader.usf" 3080
"../../../Engine/Shaders/Private/QuadOverdraw.ush" 3081
"../../../Engine/Shaders/Private/PostProcessUpscale.usf" 3082
"../../../Engine/Shaders/Private/PostProcessTonemap.usf" 3083
"../../../Engine/Shaders/Private/PostProcessing/FilmGrainPackConstants.usf" 3084
"../../../Engine/Shaders/Private/PostProcessing/FilmGrainReduce.usf" 3085
"../../../Engine/Shaders/Private/PostProcessTestImage.usf" 3086
"../../../Engine/Shaders/Private/PostProcessSubsurface.usf" 3087
"../../../Engine/Shaders/Private/PostProcessSubsurfaceDiffuse.ush" 3088
"../../../Engine/Shaders/Private/SeparableSSS.ush" 3089
"../../../Engine/Shaders/Private/SubsurfaceBurleyNormalized.ush" 3090
"../../../Engine/Shaders/Private/PostProcessSubsurfaceDiffuse.usf" 3091
"../../../Engine/Shaders/Private/PostProcessSelectionOutline.usf" 3092
"../../../Engine/Shaders/Private/MotionBlur/MotionBlurVisualize.usf" 3093
"../../../Engine/Shaders/Private/MotionBlur/MotionBlurApply.usf" 3094
"../../../Engine/Shaders/Private/MotionBlur/MotionBlurFilterTileClassify.usf" 3095
"../../../Engine/Shaders/Private/MotionBlur/MotionBlurTileScatter.usf" 3096
"../../../Engine/Shaders/Private/MotionBlur/MotionBlurTileGather.usf" 3097
"../../../Engine/Shaders/Private/MotionBlur/MotionBlurVelocityFlatten.usf" 3098
"../../../Engine/Shaders/Private/PostProcessMobile.usf" 3099
"../../../Engine/Shaders/Private/PostProcessMitchellNetravali.usf" 3100
"../../../Engine/Shaders/Private/PostProcessLocalExposure.usf" 3101
"../../../Engine/Shaders/Private/PostProcessLensFlares.usf" 3102
"../../../Engine/Shaders/Private/PostProcessGBufferHints.usf" 3103
"../../../Engine/Shaders/Private/PostProcessHMD.usf" 3104
"../../../Engine/Shaders/Private/Histogram.usf" 3105
"../../../Engine/Shaders/Private/PostProcessExposureMaterial.ush" 3106
"../../../Engine/Shaders/Private/PostProcessHistogramReduce.usf" 3107
"../../../Engine/Shaders/Private/PostProcessHistogram.usf" 3108
"../../../Engine/Shaders/Private/Bloom/BloomFinalizeApplyConstants.usf" 3109
"../../../Engine/Shaders/Private/Bloom/BloomCommon.ush" 3110
"../../../Engine/Shaders/Private/Bloom/BloomResizeKernel.usf" 3111
"../../../Engine/Shaders/Private/Bloom/BloomDownsampleKernel.usf" 3112
"../../../Engine/Shaders/Private/Bloom/BloomClampKernel.usf" 3113
"../../../Engine/Shaders/Private/Bloom/BloomPackKernelConstants.usf" 3114
"../../../Engine/Shaders/Private/Bloom/BloomSumScatterDispersionEnergy.usf" 3115
"../../../Engine/Shaders/Private/Bloom/BloomReduceKernelSurvey.usf" 3116
"../../../Engine/Shaders/Private/Bloom/BloomSurveyKernelCenterEnergy.usf" 3117
"../../../Engine/Shaders/Private/Bloom/BloomSurveyMaxScatterDispersion.usf" 3118
"../../../Engine/Shaders/Private/Bloom/BloomFindKernelCenter.usf" 3119
"../../../Engine/Shaders/Private/PostProcessEyeAdaptation.usf" 3120
"../../../Engine/Shaders/Private/PostProcessEyeAdaptationUtils.usf" 3121
"../../../Engine/Shaders/Private/PostProcessDownsample.usf" 3122
"../../../Engine/Shaders/Private/PostProcessDOF.usf" 3123
"../../../Engine/Shaders/Private/PostProcessDeviceEncodingOnly.usf" 3124
"../../../Engine/Shaders/Private/PostProcessCompositePrimitives.usf" 3125
"../../../Engine/Shaders/Private/PostProcessCombineLUTsInner.usf" 3126
"../../../Engine/Shaders/Private/PostProcessCombineLUTs.usf" 3127
"../../../Engine/Shaders/Private/PostProcessVisualizeDOF.usf" 3128
"../../../Engine/Shaders/Private/PostProcessBloom.usf" 3129
"../../../Engine/Shaders/Private/PostProcessAmbientOcclusion.usf" 3130
"../../../Engine/Shaders/Private/PostProcessAmbientOcclusionCommon.ush" 3131
"../../../Engine/Shaders/Private/FXAAShader.usf" 3132
"../../../Engine/Shaders/Private/Fxaa3_11.ush" 3133
"../../../Engine/Shaders/Private/PaniniProjection.usf" 3134
"../../../Engine/Shaders/Private/DiaphragmDOF/DOFRecombine.usf" 3135
"../../../Engine/Shaders/Private/DiaphragmDOF/DOFHybridScatterPixelShader.usf" 3136
"../../../Engine/Shaders/Private/DiaphragmDOF/DOFHybridScatterCommon.ush" 3137
"../../../Engine/Shaders/Private/DiaphragmDOF/DOFVignetteCommon.ush" 3138
"../../../Engine/Shaders/Private/DiaphragmDOF/DOFHybridScatterVertexShader.usf" 3139
"../../../Engine/Shaders/Private/DiaphragmDOF/DOFPostfiltering.usf" 3140
"../../../Engine/Shaders/Private/DiaphragmDOF/DOFGatherTileSuggest.ush" 3141
"../../../Engine/Shaders/Private/DiaphragmDOF/DOFCocTileCommon.ush" 3142
"../../../Engine/Shaders/Private/DiaphragmDOF/DOFGatherPass.usf" 3143
"../../../Engine/Shaders/Private/DiaphragmDOF/DOFGatherCommon.ush" 3144
"../../../Engine/Shaders/Private/DiaphragmDOF/DOFGatherAccumulator.ush" 3145
"../../../Engine/Shaders/Private/DiaphragmDOF/DOFGatherKernel.ush" 3146
"../../../Engine/Shaders/Private/DiaphragmDOF/DOFBokehLUT.usf" 3147
"../../../Engine/Shaders/Private/DiaphragmDOF/DOFHybridScatterCompilation.usf" 3148
"../../../Engine/Shaders/Private/DiaphragmDOF/DOFReduce.usf" 3149
"../../../Engine/Shaders/Private/DiaphragmDOF/DOFDownsample.ush" 3150
"../../../Engine/Shaders/Private/DiaphragmDOF/DOFHybridScatterCompilation.ush" 3151
"../../../Engine/Shaders/Private/DiaphragmDOF/DOFDownsample.usf" 3152
"../../../Engine/Shaders/Private/DiaphragmDOF/DOFCocTileDilate.usf" 3153
"../../../Engine/Shaders/Private/DiaphragmDOF/DOFCocTileFlatten.usf" 3154
"../../../Engine/Shaders/Private/DiaphragmDOF/DOFSetup.usf" 3155
"../../../Engine/Shaders/Private/Tools/DebugAlphaChannel.usf" 3156
"../../../Engine/Shaders/Private/PostProcessChannelMask.usf" 3157
"../../../Engine/Shaders/Private/PostProcessAlphaInvert.usf" 3158
"../../../Engine/Shaders/Private/PlanarReflectionShaders.usf" 3159
"../../../Engine/Shaders/Private/PhysicsFieldVisualizer.usf" 3160
"../../../Engine/Shaders/Private/PathTracing/PathTracingSpatialTemporalDenoising.usf" 3161
"../../../Engine/Shaders/Private/ColorDifference.ush" 3162
"../../../Engine/Shaders/Private/PathTracing/PathTracingCompositingPixelShader.usf" 3163
"../../../Engine/Shaders/Private/PathTracing/PathTracingAdaptiveUtils.ush" 3164
"../../../Engine/Shaders/Private/PathTracing/PathTracingDefaultHitShader.usf" 3165
"../../../Engine/Shaders/Private/PathTracing/PathTracingGPULightmassMaterialHitShader.usf" 3166
"../../../Engine/Shaders/Private/PathTracing/PathTracingMaterialHitShader.usf" 3167
"../../../Engine/Shaders/Private/PathTracing/Material/PathTracingSubstrateCommon.ush" 3168
"../../../Engine/Shaders/Private/PathTracing/PathTracingLightingMissShader.usf" 3169
"../../../Engine/Shaders/Private/PathTracing/PathTracingMissShader.usf" 3170
"../../../Engine/Shaders/Private/PathTracing/PathTracingAdaptiveStart.usf" 3171
"../../../Engine/Shaders/Private/PathTracing/PathTracingBuildAdaptiveError.usf" 3172
"../../../Engine/Shaders/Private/PathTracing/PathTracingVolumetricCloudMaterialShader.usf" 3173
"../../../Engine/Shaders/Private/PathTracing/Volume/PathTracingCloudsMaterialCommon.ush" 3174
"../../../Engine/Shaders/Private/PathTracing/Volume/PathTracingVolumeCommon.ush" 3175
"../../../Engine/Shaders/Private/PathTracing/Volume/PathTracingCloudsCommon.ush" 3176
"../../../Engine/Shaders/Private/PathTracing/Volume/PathTracingFog.ush" 3177
"../../../Engine/Shaders/Private/PathTracing/Volume/PathTracingAtmosphere.ush" 3178
"../../../Engine/Shaders/Private/PathTracing/Volume/PathTracingAtmosphereCommon.ush" 3179
"../../../Engine/Shaders/Private/PathTracing/Volume/PathTracingVolumeSampling.ush" 3180
"../../../Engine/Shaders/Private/PathTracing/PathTracingHeterogeneousVolumeMaterialShader.usf" 3181
"../../../Engine/Shaders/Private/HeterogeneousVolumes/HeterogeneousVolumesTracingUtils.ush" 3182
"../../../Engine/Shaders/Private/HeterogeneousVolumes/HeterogeneousVolumesVoxelGridTypes.ush" 3183
"../../../Engine/Shaders/Private/HeterogeneousVolumes/HeterogeneousVolumesVoxelGridUtils.ush" 3184
"../../../Engine/Shaders/Private/PathTracing/Volume/PathTracingHeterogeneousVolumesForwardDecl.ush" 3185
"../../../Engine/Shaders/Private/PathTracing/Volume/PathTracingHeterogeneousVolumesMaterialCommon.ush" 3186
"../../../Engine/Shaders/Private/PathTracing/Volume/PathTracingHeterogeneousVolumesTrackingCommon.ush" 3187
"../../../Engine/Shaders/Private/PathTracing/Volume/PathTracingHeterogeneousVolumesPreshadingCommon.ush" 3188
"../../../Engine/Shaders/Private/PathTracing/PathTracingBuildCloudAccelerationMap.usf" 3189
"../../../Engine/Shaders/Private/PathTracing/PathTracingBuildAtmosphereLUT.usf" 3190
"../../../Engine/Shaders/Private/PathTracing/PathTracingSwizzleScanlines.usf" 3191
"../../../Engine/Shaders/Private/PathTracing/PathTracingInitExtinctionCoefficient.usf" 3192
"../../../Engine/Shaders/Private/PathTracing/PathTracingCopyDepth.usf" 3193
"../../../Engine/Shaders/Private/PathTracing/PathTracingDebug.usf" 3194
"../../../Engine/Shaders/Private/RayTracing/RayTracingDecalGrid.ush" 3195
"../../../Engine/Shaders/Private/PathTracing/PathTracingDecals.ush" 3196
"../../../Engine/Shaders/Private/PathTracing/Material/PathTracingMaterialSampling.ush" 3197
"../../../Engine/Shaders/Private/PathTracing/Material/PathTracingLambert.ush" 3198
"../../../Engine/Shaders/Private/PathTracing/Material/PathTracingSubstrate.ush" 3199
"../../../Engine/Shaders/Private/PathTracing/Material/PathTracingEnergyConservation.ush" 3200
"../../../Engine/Shaders/Private/PathTracing/Material/PathTracingSubstrateFoliage.ush" 3201
"../../../Engine/Shaders/Private/PathTracing/Material/PathTracingSubstrateSolidGlass.ush" 3202
"../../../Engine/Shaders/Private/PathTracing/Material/PathTracingSubstrateThinGlass.ush" 3203
"../../../Engine/Shaders/Private/PathTracing/Material/PathTracingEye.ush" 3204
"../../../Engine/Shaders/Private/PathTracing/Material/PathTracingHair.ush" 3205
"../../../Engine/Shaders/Private/PathTracing/Material/PathTracingMedium.ush" 3206
"../../../Engine/Shaders/Private/PathTracing/Light/PathTracingLightSampling.ush" 3207
"../../../Engine/Shaders/Private/PathTracing/Light/PathTracingLightCommon.ush" 3208
"../../../Engine/Shaders/Private/PathTracing/Light/PathTracingDirectionalLight.ush" 3209
"../../../Engine/Shaders/Private/PathTracing/Light/PathTracingPointLight.ush" 3210
"../../../Engine/Shaders/Private/PathTracing/Light/PathTracingCapsuleLight.ush" 3211
"../../../Engine/Shaders/Private/PathTracing/Light/PathTracingRectLight.ush" 3212
"../../../Engine/Shaders/Private/PathTracing/Light/PathTracingSkyLight.ush" 3213
"../../../Engine/Shaders/Private/PathTracing/Light/PathTracingLightGrid.ush" 3214
"../../../Engine/Shaders/Private/PathTracing/PathTracing.usf" 3215
"../../../Engine/Shaders/Private/PathTracing/PathTracingCore.ush" 3216
"../../../Engine/Shaders/Private/PathTracing/Volume/PathTracingVolume.ush" 3217
"../../../Engine/Shaders/Private/PathTracing/Volume/PathTracingClouds.ush" 3218
"../../../Engine/Shaders/Private/PathTracing/Volume/PathTracingHeterogeneousVolumes.ush" 3219
"../../../Engine/Shaders/Private/HeterogeneousVolumes/HeterogeneousVolumesVoxelGridTraversal.ush" 3220
"../../../Engine/Shaders/Private/HeterogeneousVolumes/HeterogeneousVolumesFrustumVoxelGridUtils.ush" 3221
"../../../Engine/Shaders/Private/PathTracing/PathTracingBuildLightGrid.usf" 3222
"../../../Engine/Shaders/Private/PathTracing/PathTracingSkylightMISCompensation.usf" 3223
"../../../Engine/Shaders/Private/PathTracing/PathTracingSkylightPrepare.usf" 3224
"../../../Engine/Shaders/Private/OIT/OITSorting.usf" 3225
"../../../Engine/Shaders/Private/OITCombine.usf" 3226
"../../../Engine/Shaders/Private/OITCommon.ush" 3227
"../../../Engine/Shaders/Private/Nanite/Voxel/RasterizeBricks.usf" 3228
"../../../Engine/Shaders/Private/Nanite/Voxel/Brick.ush" 3229
"../../../Engine/Shaders/Private/Nanite/Voxel/Voxel.ush" 3230
"../../../Engine/Shaders/Private/Nanite/Voxel/ScatterBricks.usf" 3231
"../../../Engine/Shaders/Private/Nanite/Voxel/TileBricks.usf" 3232
"../../../Engine/Shaders/Private/Nanite/Voxel/AutoVoxel.usf" 3233
"../../../Engine/Shaders/Private/Nanite/NaniteDebugViews.usf" 3234
"../../../Engine/Shaders/Private/Nanite/NaniteEditorCommon.ush" 3235
"../../../Engine/Shaders/Private/BinarySearch.ush" 3236
"../../../Engine/Shaders/Private/Nanite/NaniteDepthDecode.usf" 3237
"../../../Engine/Shaders/Private/HTileEncoding.ush" 3238
"../../../Engine/Shaders/Private/Nanite/NaniteVisualize.usf" 3239
"../../../Engine/Shaders/Private/Nanite/NaniteTranslucency.usf" 3240
"../../../Engine/Shaders/Private/Nanite/NaniteStreamOut.usf" 3241
"../../../Engine/Shaders/Private/Nanite/NaniteHierarchyTraversal.ush" 3242
"../../../Engine/Shaders/Private/Nanite/NaniteShadeBinning.usf" 3243
"../../../Engine/Shaders/Private/Nanite/NaniteShadeCommon.ush" 3244
"../../../Engine/Shaders/Private/Nanite/NaniteFastClear.usf" 3245
"../../../Engine/Shaders/Private/Nanite/NaniteClusterRayTracing.usf" 3246
"../../../Engine/Shaders/Private/Nanite/NaniteClusterRayTracingStats.ush" 3247
"../../../Engine/Shaders/Private/Nanite/NaniteRayTracing.usf" 3248
"../../../Engine/Shaders/Private/Nanite/NaniteExportGBuffer.usf" 3249
"../../../Engine/Shaders/Private/Nanite/NaniteRasterizer.usf" 3250
"../../../Engine/Shaders/Private/Nanite/NaniteCurveCommon.ush" 3251
"../../../Engine/Shaders/Private/Nanite/NaniteDice.ush" 3252
"../../../Engine/Shaders/Private/ShaderBundleWorkGraphCommon.ush" 3253
"../../../Engine/Shaders/Private/Nanite/NaniteCurve.usf" 3254
"../../../Engine/Shaders/Private/Nanite/NaniteClusterCulling.usf" 3255
"../../../Engine/Shaders/Private/Nanite/NanitePrintStats.usf" 3256
"../../../Engine/Shaders/Private/Nanite/NaniteSplit.usf" 3257
"../../../Engine/Shaders/Private/Nanite/NaniteRasterBinning.usf" 3258
"../../../Engine/Shaders/Private/Nanite/NaniteInstanceCulling.usf" 3259
"../../../Engine/Shaders/Private/Nanite/NaniteInstanceHierarchyCulling.usf" 3260
"../../../Engine/Shaders/Private/WorkGroupLoadBalancer.ush" 3261
"../../../Engine/Shaders/Private/Nanite/NanitePrimitiveFilter.usf" 3262
"../../../Engine/Shaders/Private/Nanite/NaniteRasterClear.usf" 3263
"../../../Engine/Shaders/Private/Nanite/NaniteDepthExport.usf" 3264
"../../../Engine/Shaders/Private/Nanite/NaniteEmitShadow.usf" 3265
"../../../Engine/Shaders/Private/MobileDeferredUtils.usf" 3266
"../../../Engine/Shaders/Private/MobileFog.usf" 3267
"../../../Engine/Shaders/Private/DistortApplyScreenPS.usf" 3268
"../../../Engine/Shaders/Private/MobileDeferredShading.usf" 3269
"../../../Engine/Shaders/Private/MobileBasePassPixelShader.usf" 3270
"../../../Engine/Shaders/Private/MobileBasePassCommon.ush" 3271
"../../../Engine/Shaders/Private/BasePassCommon.ush" 3272
"../../../Engine/Shaders/Private/ShadingModelsMaterial.ush" 3273
"../../../Engine/Shaders/Private/ThinTranslucentCommon.ush" 3274
"../../../Engine/Shaders/Private/SingleLayerWaterShading.ush" 3275
"../../../Engine/Shaders/Private/DistortionCommon.ush" 3276
"../../../Engine/Shaders/Private/Substrate/SubstrateMobileForwardLighting.ush" 3277
"../../../Engine/Shaders/Private/MobileBasePassVertexShader.usf" 3278
"../../../Engine/Shaders/Private/MeshEdges.usf" 3279
"../../../Engine/Shaders/Private/MegaLights/MegaLightsLightComplexity.usf" 3280
"../../../Engine/Shaders/Private/MegaLights/MegaLightsSamplingDefinitionsCommon.ush" 3281
"../../../Engine/Shaders/Private/MegaLights/MegaLightsLightTargetPDF.ush" 3282
"../../../Engine/Shaders/Private/MegaLights/MegaLightsShading.ush" 3283
"../../../Engine/Shaders/Private/MegaLights/MegaLights.ush" 3284
"../../../Engine/Shaders/Shared/MegaLightsDefinitions.h" 3285
"../../../Engine/Shaders/Private/MegaLights/MegaLightsMaterial.ush" 3286
"../../../Engine/Shaders/Private/MegaLights/MegaLightsVolume.ush" 3287
"../../../Engine/Shaders/Private/MegaLights/MegaLightsVisibility.ush" 3288
"../../../Engine/Shaders/Private/MegaLights/MegaLightsDebug.usf" 3289
"../../../Engine/Shaders/Private/MegaLights/MegaLightsVisualizeHardwareRayTracing.usf" 3290
"../../../Engine/Shaders/Private/Lumen/LumenHardwareRayTracingCommon.ush" 3291
"../../../Engine/Shaders/Private/RayTracing/RayTracingReflectionEnvironment.ush" 3292
"../../../Engine/Shaders/Private/Lumen/LumenHardwareRayTracingPlatformCommon.ush" 3293
"../../../Engine/Shaders/Private/Lumen/LumenTracingCommon.ush" 3294
"../../../Engine/Shaders/Private/Lumen/SurfaceCache/LumenSurfaceCacheSampling.ush" 3295
"../../../Engine/Shaders/Private/Lumen/SurfaceCache/LumenSurfaceCache.ush" 3296
"../../../Engine/Shaders/Private/Lumen/LumenCardCommon.ush" 3297
"../../../Engine/Shaders/Private/Lumen/LumenCardTileShadowDownsampleFactor.ush" 3298
"../../../Engine/Shaders/Private/StochasticLighting/StochasticLightingVisualize.ush" 3299
"../../../Engine/Shaders/Private/MegaLights/MegaLightsVisualize.usf" 3300
"../../../Engine/Shaders/Private/MegaLights/MegaLightsDenoiser.ush" 3301
"../../../Engine/Shaders/Private/MegaLights/MegaLightsSampling.usf" 3302
"../../../Engine/Shaders/Private/MegaLights/MegaLightsRayTracing.ush" 3303
"../../../Engine/Shaders/Private/MegaLights/MegaLightsSampling.ush" 3304
"../../../Engine/Shaders/Private/MegaLights/MegaLightsEstimateLight.ush" 3305
"../../../Engine/Shaders/Private/MegaLights/MegaLightsVolumeSampling.usf" 3306
"../../../Engine/Shaders/Private/MegaLights/MegaLights.usf" 3307
"../../../Engine/Shaders/Private/HairStrands/HairStrandsDeepShadowCommon.ush" 3308
"../../../Engine/Shaders/Private/HairStrands/HairStrandsScreenTracing.ush" 3309
"../../../Engine/Shaders/Private/MegaLights/MegaLightsFilterVisibleLightHash.usf" 3310
"../../../Engine/Shaders/Private/MegaLights/MegaLightsShading.usf" 3311
"../../../Engine/Shaders/Private/MegaLights/MegaLightsVisibleLightHash.usf" 3312
"../../../Engine/Shaders/Private/MegaLights/MegaLightsVolumeShading.usf" 3313
"../../../Engine/Shaders/Private/MegaLights/MegaLightsVSMMarking.usf" 3314
"../../../Engine/Shaders/Private/MegaLights/MegaLightsVSMTracing.usf" 3315
"../../../Engine/Shaders/Private/MegaLights/MegaLightsRayTracing.usf" 3316
"../../../Engine/Shaders/Private/DistanceField/GlobalDistanceFieldUtils.ush" 3317
"../../../Engine/Shaders/Private/Lumen/LumenScreenTracing.ush" 3318
"../../../Engine/Shaders/Private/StochasticLighting/StochasticLightingRayTracing.ush" 3319
"../../../Engine/Shaders/Private/MegaLights/MegaLightsVolumeRayTracing.usf" 3320
"../../../Engine/Shaders/Private/MegaLights/MegaLightsVolumeHardwareRayTracing.usf" 3321
"../../../Engine/Shaders/Private/MegaLights/MegaLightsHardwareRayTracing.usf" 3322
"../../../Engine/Shaders/Private/MegaLights/MegaLightsLightPowerDelta.usf" 3323
"../../../Engine/Shaders/Private/MegaLights/MegaLightsDenoiserSpatial.usf" 3324
"../../../Engine/Shaders/Private/MegaLights/MegaLightsDenoiserTemporal.usf" 3325
"../../../Engine/Shaders/Private/MaterialCache/MaterialCacheABufferPages.usf" 3326
"../../../Engine/Shaders/Private/MaterialCache/MaterialCacheABufferBorderFillHardwarePages.usf" 3327
"../../../Engine/Shaders/Private/MaterialCache/MaterialCacheShade.usf" 3328
"../../../Engine/Shaders/Private/MaterialCache/MaterialCacheShadeCommon.ush" 3329
"../../../Engine/Shaders/Private/MaterialCache/MaterialCacheUnwrapNaniteShade.usf" 3330
"../../../Engine/Shaders/Private/MaterialCache/MaterialCacheUnwrapPixelShader.usf" 3331
"../../../Engine/Shaders/Private/MaterialCache/MaterialCacheUnwrapVertexShader.usf" 3332
"../../../Engine/Shaders/Private/Lumen/LumenVisualizeRadianceCache.usf" 3333
"../../../Engine/Shaders/Private/Lumen/LumenIrradianceFieldInterpolation.ush" 3334
"../../../Engine/Shaders/Private/Lumen/LumenVisualizeHardwareRayTracing.usf" 3335
"../../../Engine/Shaders/Private/Lumen/LumenVisualize.ush" 3336
"../../../Engine/Shaders/Private/Lumen/LumenHairTracing.ush" 3337
"../../../Engine/Shaders/Private/Lumen/LumenVisualize.usf" 3338
"../../../Engine/Shaders/Private/Lumen/LumenSoftwareRayTracing.ush" 3339
"../../../Engine/Shaders/Private/DistanceField/GlobalDistanceFieldObjectGrid.ush" 3340
"../../../Engine/Shaders/Private/DistanceFieldLightingShared.ush" 3341
"../../../Engine/Shaders/Private/Lumen/LumenRadianceCacheCommon.ush" 3342
"../../../Engine/Shaders/Private/Lumen/LumenVisualizeTraces.ush" 3343
"../../../Engine/Shaders/Private/Lumen/LumenTranslucencyVolumeLighting.usf" 3344
"../../../Engine/Shaders/Private/Lumen/LumenRadianceCacheMarkCommon.ush" 3345
"../../../Engine/Shaders/Private/Lumen/LumenTranslucencyVolumeLightingShared.ush" 3346
"../../../Engine/Shaders/Private/Lumen/LumenScreenProbeCommon.ush" 3347
"../../../Engine/Shaders/Private/RayTracing/RayGenUtils.ush" 3348
"../../../Engine/Shaders/Private/Lumen/LumenRadianceCacheTracingCommon.ush" 3349
"../../../Engine/Shaders/Private/Lumen/LumenFloatQuantization.ush" 3350
"../../../Engine/Shaders/Private/Lumen/LumenTranslucencyVolumeHardwareRayTracing.usf" 3351
"../../../Engine/Shaders/Private/Lumen/LumenTranslucencyRadianceCacheMarkShaders.usf" 3352
"../../../Engine/Shaders/Private/Lumen/SurfaceCache/LumenSurfaceCache.usf" 3353
"../../../Engine/Shaders/Private/Lumen/LumenVirtualTextureCommon.ush" 3354
"../../../Engine/Shaders/Private/Lumen/LumenShortRangeAOHardwareRayTracing.usf" 3355
"../../../Engine/Shaders/Private/Lumen/LumenScreenSpaceBentNormal.ush" 3356
"../../../Engine/Shaders/Private/Lumen/LumenScreenSpaceBentNormal.usf" 3357
"../../../Engine/Shaders/Private/Lumen/LumenScreenProbeTracing.usf" 3358
"../../../Engine/Shaders/Private/Lumen/LumenScreenProbeTracingCommon.ush" 3359
"../../../Engine/Shaders/Private/Lumen/LumenScreenProbeImportanceSampling.usf" 3360
"../../../Engine/Shaders/Private/Lumen/LumenScreenProbeImportanceSamplingShared.ush" 3361
"../../../Engine/Shaders/Private/Lumen/LumenScreenProbeGatherScreenData.usf" 3362
"../../../Engine/Shaders/Private/Lumen/LumenScreenProbeGatherTemporal.ush" 3363
"../../../Engine/Shaders/Private/Lumen/LumenScreenProbeHardwareRayTracing.usf" 3364
"../../../Engine/Shaders/Private/Lumen/LumenScreenProbeDebug.usf" 3365
"../../../Engine/Shaders/Private/Lumen/LumenScreenProbeGather.usf" 3366
"../../../Engine/Shaders/Private/Lumen/LumenUpsample.ush" 3367
"../../../Engine/Shaders/Private/Lumen/LumenScreenProbeGatherTemporal.usf" 3368
"../../../Engine/Shaders/Private/Lumen/LumenScreenProbeFiltering.usf" 3369
"../../../Engine/Shaders/Private/Lumen/LumenSceneLighting.usf" 3370
"../../../Engine/Shaders/Private/Lumen/LumenCardTile.ush" 3371
"../../../Engine/Shaders/Private/Lumen/LumenSceneLighting.ush" 3372
"../../../Engine/Shaders/Private/Lumen/Radiosity/LumenRadiosity.ush" 3373
"../../../Engine/Shaders/Private/Lumen/LumenSceneLightingDebug.usf" 3374
"../../../Engine/Shaders/Private/Lumen/LumenScene.usf" 3375
"../../../Engine/Shaders/Private/Lumen/LumenSceneDirectLightingHardwareRayTracing.usf" 3376
"../../../Engine/Shaders/Private/Lumen/LumenSceneDirectLightingStochastic.ush" 3377
"../../../Engine/Shaders/Private/Lumen/LumenSceneDirectLighting.ush" 3378
"../../../Engine/Shaders/Private/Lumen/LumenSceneDebugHardwareRayTracing.usf" 3379
"../../../Engine/Shaders/Private/Lumen/LumenSceneDirectLightingStochastic.usf" 3380
"../../../Engine/Shaders/Private/Lumen/LumenSceneDirectLightingSoftwareRayTracing.usf" 3381
"../../../Engine/Shaders/Private/DistanceFieldShadowingShared.ush" 3382
"../../../Engine/Shaders/Private/Lumen/LumenSceneDirectLightingPerLightShadowCommon.ush" 3383
"../../../Engine/Shaders/Private/Lumen/LumenSceneDirectLightingShadowMask.usf" 3384
"../../../Engine/Shaders/Private/Lumen/LumenSceneDirectLighting.usf" 3385
"../../../Engine/Shaders/Private/Lumen/LumenSceneDirectLightingCulling.usf" 3386
"../../../Engine/Shaders/Private/Lumen/LumenCardComputeShader.usf" 3387
"../../../Engine/Shaders/Private/Lumen/LumenCardBasePass.ush" 3388
"../../../Engine/Shaders/Private/Lumen/LumenCardPixelShader.usf" 3389
"../../../Engine/Shaders/Private/Lumen/LumenCardVertexShader.usf" 3390
"../../../Engine/Shaders/Private/Lumen/LumenReSTIRGather.usf" 3391
"../../../Engine/Shaders/Private/Lumen/LumenReflectionTracing.usf" 3392
"../../../Engine/Shaders/Private/Lumen/LumenReflectionDenoiserSpatial.usf" 3393
"../../../Engine/Shaders/Private/Lumen/LumenReflectionDenoiserCommon.ush" 3394
"../../../Engine/Shaders/Private/Lumen/LumenCompositeBackgroundVisibility.usf" 3395
"../../../Engine/Shaders/Private/Lumen/LumenReflectionDenoiserClear.usf" 3396
"../../../Engine/Shaders/Private/Lumen/LumenReflectionDenoiserTemporal.usf" 3397
"../../../Engine/Shaders/Private/Lumen/LumenReflectionResolve.usf" 3398
"../../../Engine/Shaders/Private/Lumen/LumenReflections.usf" 3399
"../../../Engine/Shaders/Private/Lumen/RayTracedTranslucency.usf" 3400
"../../../Engine/Shaders/Private/Lumen/LumenReflectionHardwareRayTracing.usf" 3401
"../../../Engine/Shaders/Private/Lumen/Radiosity/LumenVisualizeRadiosityProbes.usf" 3402
"../../../Engine/Shaders/Private/Lumen/Radiosity/LumenRadiosity.usf" 3403
"../../../Engine/Shaders/Private/Lumen/Radiosity/LumenRadiosityHardwareRayTracing.usf" 3404
"../../../Engine/Shaders/Private/Lumen/Radiosity/LumenRadiosityCulling.usf" 3405
"../../../Engine/Shaders/Private/Lumen/LumenRadianceCacheHardwareRayTracing.usf" 3406
"../../../Engine/Shaders/Private/Lumen/LumenRadianceCache.usf" 3407
"../../../Engine/Shaders/Private/Lumen/LumenRadianceCacheUpdate.ush" 3408
"../../../Engine/Shaders/Private/Lumen/LumenRadianceCacheDebug.usf" 3409
"../../../Engine/Shaders/Private/Lumen/LumenRadianceCacheUpdate.usf" 3410
"../../../Engine/Shaders/Private/Lumen/LumenMeshSDFCulling.usf" 3411
"../../../Engine/Shaders/Private/HybridIndirectLighting.ush" 3412
"../../../Engine/Shaders/Private/MeshDistanceFieldCommon.ush" 3413
"../../../Engine/Shaders/Private/Lumen/LumenIrradianceFieldGather.usf" 3414
"../../../Engine/Shaders/Private/Lumen/LumenHardwareRayTracingMaterials.usf" 3415
"../../../Engine/Shaders/Private/LocalFogVolumes/LocalFogVolumeSplat.usf" 3416
"../../../Engine/Shaders/Private/LocalFogVolumes/LocalFogVolumeTiledCulling.usf" 3417
"../../../Engine/Shaders/Private/LightShaftShader.usf" 3418
"../../../Engine/Shaders/Private/StationaryLightOverlapShaders.usf" 3419
"../../../Engine/Shaders/Private/DeferredLightPixelShaders.usf" 3420
"../../../Engine/Shaders/Private/DeferredLightVertexShaders.usf" 3421
"../../../Engine/Shaders/Private/LightMapDensityShader.usf" 3422
"../../../Engine/Shaders/Private/LightGridInjection.usf" 3423
"../../../Engine/Shaders/Shared/LightGridDefinitions.h" 3424
"../../../Engine/Shaders/Private/LightFunctionPixelShader.usf" 3425
"../../../Engine/Shaders/Private/LightFunctionVertexShader.usf" 3426
"../../../Engine/Shaders/Private/LightFunctionAtlas/LightFunctionAtlasRender.usf" 3427
"../../../Engine/Shaders/Private/InstanceCulling/InstanceCullingOcclusionQuery.usf" 3428
"../../../Engine/Shaders/Private/InstanceCulling/InstanceCullingSetup.ush" 3429
"../../../Engine/Shaders/Private/InstanceCulling/BuildInstanceDrawCommands.usf" 3430
"../../../Engine/Shaders/Private/InstanceCulling/InstanceCompactionCommon.ush" 3431
"../../../Engine/Shaders/Private/SceneDataMobileWriter.ush" 3432
"../../../Engine/Shaders/Private/InstanceCulling/CompactVisibleInstances.usf" 3433
"../../../Engine/Shaders/Private/ReflectionEnvironmentPixelShader.usf" 3434
"../../../Engine/Shaders/Private/AmbientCubemapComposite.usf" 3435
"../../../Engine/Shaders/Private/DiffuseIndirectComposite.usf" 3436
"../../../Engine/Shaders/Private/IESAtlas.usf" 3437
"../../../Engine/Shaders/Private/HeterogeneousVolumes/HeterogeneousVolumesVisualizeCascades.usf" 3438
"../../../Engine/Shaders/Private/HeterogeneousVolumes/HeterogeneousVolumesVoxelGridShadows.usf" 3439
"../../../Engine/Shaders/Private/HeterogeneousVolumes/HeterogeneousVolumesStochasticFiltering.ush" 3440
"../../../Engine/Shaders/Private/HeterogeneousVolumes/HeterogeneousVolumesVoxelGridRenderingUtils.ush" 3441
"../../../Engine/Shaders/Private/HeterogeneousVolumes/HeterogeneousVolumesLightingUtils.ush" 3442
"../../../Engine/Shaders/Private/HeterogeneousVolumes/HeterogeneousVolumesRayMarchingUtils.ush" 3443
"../../../Engine/Shaders/Private/HeterogeneousVolumes/HeterogeneousVolumesRayMarchingTypes.ush" 3444
"../../../Engine/Shaders/Private/HeterogeneousVolumes/HeterogeneousVolumesTransmittanceVolumeUtils.ush" 3445
"../../../Engine/Shaders/Private/HeterogeneousVolumes/HeterogeneousVolumesAdaptiveVolumetricShadowMapSampler.ush" 3446
"../../../Engine/Shaders/Private/HeterogeneousVolumes/HeterogeneousVolumesVoxelGridRendering.usf" 3447
"../../../Engine/Shaders/Private/HeterogeneousVolumes/HeterogeneousVolumesVoxelGridPipeline.usf" 3448
"../../../Engine/Shaders/Private/HeterogeneousVolumes/HeterogeneousVolumesMaterialBakingPipeline.usf" 3449
"../../../Engine/Shaders/Private/HeterogeneousVolumes/HeterogeneousVolumesLiveShadingUtils.ush" 3450
"../../../Engine/Shaders/Private/HeterogeneousVolumes/HeterogeneousVolumesFrustumVoxelGrid.usf" 3451
"../../../Engine/Shaders/Private/HeterogeneousVolumes/HeterogeneousVolumesSparseVoxelPipeline.usf" 3452
"../../../Engine/Shaders/Private/HeterogeneousVolumes/HeterogeneousVolumesSparseVoxelUtils.ush" 3453
"../../../Engine/Shaders/Private/HeterogeneousVolumes/HeterogeneousVolumesSparseVoxelUniformBufferUtils.ush" 3454
"../../../Engine/Shaders/Private/HeterogeneousVolumes/HeterogeneousVolumesPreshadingPipeline.usf" 3455
"../../../Engine/Shaders/Private/HeterogeneousVolumes/HeterogeneousVolumesPreshadingUniformBufferUtils.ush" 3456
"../../../Engine/Shaders/Private/HeterogeneousVolumes/HeterogeneousVolumesPreshadingUtils.ush" 3457
"../../../Engine/Shaders/Private/HeterogeneousVolumes/HeterogeneousVolumesShadowMask.usf" 3458
"../../../Engine/Shaders/Private/HeterogeneousVolumes/HeterogeneousVolumesLiveShadingShadows.usf" 3459
"../../../Engine/Shaders/Private/HeterogeneousVolumes/HeterogeneousVolumesLiveShadingGlobalPipeline.usf" 3460
"../../../Engine/Shaders/Private/HeterogeneousVolumes/HeterogeneousVolumesLiveShadingPipeline.usf" 3461
"../../../Engine/Shaders/Private/HeterogeneousVolumes/HeterogeneousVolumesHardwareRayTracing.usf" 3462
"../../../Engine/Shaders/Private/HeterogeneousVolumes/HeterogeneousVolumesAmbientOcclusionPipeline.usf" 3463
"../../../Engine/Shaders/Private/HeterogeneousVolumes/HeterogeneousVolumesComposite.usf" 3464
"../../../Engine/Shaders/Private/HdrCustomResolveShaders.usf" 3465
"../../../Engine/Shaders/Private/HairStrands/RenderCurveRaster.usf" 3466
"../../../Engine/Shaders/Shared/RenderCurveDefinitions.h" 3467
"../../../Engine/Shaders/Private/HairStrands/HairStrandsVoxelRasterCompute.usf" 3468
"../../../Engine/Shaders/Private/HairStrands/HairStrandsHitProxy.usf" 3469
"../../../Engine/Shaders/Private/HairStrands/HairStrandsVisibilityRasterComputeNaive.usf" 3470
"../../../Engine/Shaders/Private/HairStrands/HairStrandsVisibilityRasterHW.usf" 3471
"../../../Engine/Shaders/Private/HairStrands/HairStrandsVisibilityRasterCompute.usf" 3472
"../../../Engine/Shaders/Private/HairStrands/HairStrandsVisibilityRasterClassification.usf" 3473
"../../../Engine/Shaders/Private/HairStrands/HairStrandsCoverage.usf" 3474
"../../../Engine/Shaders/Private/HairStrands/HairStrandsVisibilityDepthPS.usf" 3475
"../../../Engine/Shaders/Private/HairStrands/HairStrandsVisibilityTransmittanceDepthPS.usf" 3476
"../../../Engine/Shaders/Private/HairStrands/HairStrandsVisibilityFillOpaqueDepthPS.usf" 3477
"../../../Engine/Shaders/Private/HairStrands/HairStrandsVisibilityCompactionComputeRaster.usf" 3478
"../../../Engine/Shaders/Private/HairStrands/HairStrandsVisibilityCompaction.usf" 3479
"../../../Engine/Shaders/Private/HairStrands/HairStrandsVisibilityCopyIndirectArg.usf" 3480
"../../../Engine/Shaders/Private/HairStrands/HairStrandsVisibilityClearPS.usf" 3481
"../../../Engine/Shaders/Private/HairStrands/HairStrandsVisibilityPS.usf" 3482
"../../../Engine/Shaders/Private/HairStrands/HairStrandsVisibilityVS.usf" 3483
"../../../Engine/Shaders/Private/HairStrands/HairStrandsVelocity.usf" 3484
"../../../Engine/Shaders/Private/HairStrands/HairStrandsVisibilityComputeSampleCoverage.usf" 3485
"../../../Engine/Shaders/Private/HairStrands/HairStrandsMaterialPS.usf" 3486
"../../../Engine/Shaders/Private/HairStrands/HairStrandsMaterialCommon.ush" 3487
"../../../Engine/Shaders/Private/HairStrands/HairStrandsMaterialVS.usf" 3488
"../../../Engine/Shaders/Private/HairStrands/HairStrandsLightSample.usf" 3489
"../../../Engine/Shaders/Private/HairStrands/HairStrandsDeepShadowMask.usf" 3490
"../../../Engine/Shaders/Private/HairStrands/HairStrandsDeepTransmittanceMask.usf" 3491
"../../../Engine/Shaders/Private/HairStrands/HairStrandsVisibilityTile.usf" 3492
"../../../Engine/Shaders/Private/HairStrands/HairStrandsDeepShadowPS.usf" 3493
"../../../Engine/Shaders/Private/HairStrands/HairStrandsDeepShadowVS.usf" 3494
"../../../Engine/Shaders/Private/HairStrands/HairStrandsAABB.usf" 3495
"../../../Engine/Shaders/Private/HairStrands/HairStrandsLUT.usf" 3496
"../../../Engine/Shaders/Private/HairStrands/HairStrandsForwardRaster.usf" 3497
"../../../Engine/Shaders/Private/HairStrands/HairStrandsForwardCulling.usf" 3498
"../../../Engine/Shaders/Private/HairStrands/HairStrandsEnvironmentLighting.usf" 3499
"../../../Engine/Shaders/Private/HairStrands/HairStrandsDebugCommonStruct.ush" 3500
"../../../Engine/Shaders/Private/HairStrands/HairStrandsEnvironmentAO.usf" 3501
"../../../Engine/Shaders/Private/HairStrands/HairStrandsDeepShadowAllocation.usf" 3502
"../../../Engine/Shaders/Private/HairStrands/HairStrandsVoxelDebug.usf" 3503
"../../../Engine/Shaders/Private/HairStrands/HairStrandsComposition.usf" 3504
"../../../Engine/Shaders/Private/HairStrands/HairStrandsGBufferCommon.ush" 3505
"../../../Engine/Shaders/Private/GPUScene/GPUSceneDataManagement.usf" 3506
"../../../Engine/Shaders/Private/GPUSceneDebugRender.usf" 3507
"../../../Engine/Shaders/Private/GPUFeedbackCompaction.usf" 3508
"../../../Engine/Shaders/Private/GPUFastFourierTransform.usf" 3509
"../../../Engine/Shaders/Private/GPUFastFourierTransform2DCore.ush" 3510
"../../../Engine/Shaders/Private/GPUFastFourierTransformCore.ush" 3511
"../../../Engine/Shaders/Private/GPUBenchmark.usf" 3512
"../../../Engine/Shaders/Private/DistanceField/GlobalDistanceFieldDebug.usf" 3513
"../../../Engine/Shaders/Private/DistanceField/GlobalDistanceFieldUpdate.ush" 3514
"../../../Engine/Shaders/Private/DistanceField/GlobalDistanceFieldMip.usf" 3515
"../../../Engine/Shaders/Private/DistanceField/GlobalDistanceField.usf" 3516
"../../../Engine/Shaders/Private/DistanceField/GlobalDistanceFieldCompositeObjects.usf" 3517
"../../../Engine/Shaders/Private/DistanceField/GlobalDistanceFieldHeightfields.usf" 3518
"../../../Engine/Shaders/Private/HeightfieldLightingShared.ush" 3519
"../../../Engine/Shaders/Private/GenerateConservativeDepth.usf" 3520
"../../../Engine/Shaders/Private/FrontLayerTranslucency.usf" 3521
"../../../Engine/Shaders/Private/FogSeparateComposition.usf" 3522
"../../../Engine/Shaders/Private/FogScreenSpaceScattering.ush" 3523
"../../../Engine/Shaders/Private/FogSeparateComposition.ush" 3524
"../../../Engine/Shaders/Private/HeightFogPixelShader.usf" 3525
"../../../Engine/Shaders/Private/HeightFogVertexShader.usf" 3526
"../../../Engine/Shaders/Private/DistortFiltering.usf" 3527
"../../../Engine/Shaders/Private/DistortAccumulatePS.usf" 3528
"../../../Engine/Shaders/Private/DistortAccumulateVS.usf" 3529
"../../../Engine/Shaders/Private/DistanceFieldVisualization.usf" 3530
"../../../Engine/Shaders/Private/DistanceFieldStreaming.usf" 3531
"../../../Engine/Shaders/Private/DistanceFieldShadowing.usf" 3532
"../../../Engine/Shaders/Private/DistanceFieldScreenGridLighting.usf" 3533
"../../../Engine/Shaders/Private/DistanceFieldObjectCulling.usf" 3534
"../../../Engine/Shaders/Private/DistanceFieldLightingPost.usf" 3535
"../../../Engine/Shaders/Private/DitheredTransitionStencil.usf" 3536
"../../../Engine/Shaders/Private/CopyDepthTexture.usf" 3537
"../../../Engine/Shaders/Private/CopyDepthTextureCS.usf" 3538
"../../../Engine/Shaders/Private/DeferredDecal.usf" 3539
"../../../Engine/Shaders/Private/DecalCommon.ush" 3540
"../../../Engine/Shaders/Private/DebugViewModeVertexShader.usf" 3541
"../../../Engine/Shaders/Private/DebugViewModeCommon.ush" 3542
"../../../Engine/Shaders/Private/DebugViewModePixelShader.usf" 3543
"../../../Engine/Shaders/Private/DebugProbes.usf" 3544
"../../../Engine/Shaders/Private/MeshDecals.usf" 3545
"../../../Engine/Shaders/Private/ClusteredDeferredShadingPixelShader.usf" 3546
"../../../Engine/Shaders/Private/ClusteredDeferredShadingVertexShader.usf" 3547
"../../../Engine/Shaders/Private/CapsuleShadowShaders.usf" 3548
"../../../Engine/Shaders/Private/BasePassPixelShader.usf" 3549
"../../../Engine/Shaders/Private/FrontLayerTranslucencyShared.ush" 3550
"../../../Engine/Shaders/Private/ForwardLightingCommon.ush" 3551
"../../../Engine/Shaders/Private/Substrate/SubstrateForwardLighting.ush" 3552
"../../../Engine/Shaders/Private/ComputeShaderOutputCommon.ush" 3553
"../../../Engine/Shaders/Private/BasePassVertexShader.usf" 3554
"../../../Engine/Shaders/Private/BasePassVertexCommon.ush" 3555
"../../../Engine/Shaders/Private/SimpleElementVolumeTexturePreviewPixelShader.usf" 3556
"../../../Engine/Shaders/Private/SimpleElementTexture2DPreviewPixelShader.usf" 3557
"../../../Engine/Shaders/Private/meshpaintdilatepixelshader.usf" 3558
"../../../Engine/Shaders/Private/meshpaintdilatevertexshader.usf" 3559
"../../../Engine/Shaders/Private/MeshPaintPixelShader.usf" 3560
"../../../Engine/Shaders/Private/MeshPaintVertexShader.usf" 3561
"../../../Engine/Shaders/Private/SlateElementPixelShader.usf" 3562
"../../../Engine/Shaders/Private/SlateShaderCommon.ush" 3563
"../../../Engine/Shaders/Private/SlateMaskingShader.usf" 3564
"../../../Engine/Shaders/Private/SlateVertexShader.usf" 3565
"../../../Engine/Shaders/Private/CompositeUIPixelShader.usf" 3566
"../../../Engine/Shaders/Private/ColorDeficiency.ush" 3567
"../../../Engine/Shaders/Private/SlatePostProcessColorDeficiencyPixelShader.usf" 3568
"../../../Engine/Shaders/Private/SlatePostProcessPixelShader.usf" 3569
"../../../Engine/Shaders/Private/Tools/VisualizeTexture.usf" 3570
"../../../Engine/Shaders/Private/UpdateDescriptorHandle.usf" 3571
"../../../Engine/Shaders/Private/ByteBuffer.usf" 3572
"../../../Engine/Shaders/Private/ShaderBundleWorkGraphDispatch.usf" 3573
"../../../Engine/Shaders/Private/ShaderBundleDispatch.usf" 3574
"../../../Engine/Shaders/Private/ResolveVertexShader.usf" 3575
"../../../Engine/Shaders/Private/ResolvePixelShader.usf" 3576
"../../../Engine/Shaders/Private/Tools/SetupIndirectArgs.usf" 3577
"../../../Engine/Shaders/Private/ClearReplacementShaders.usf" 3578
"../../../Engine/Shaders/Private/Tools/DrawTexture.usf" 3579
"../../../Engine/Shaders/Private/RayTracing/RayTracingValidation.usf" 3580
"../../../Engine/Shaders/Private/RenderGraphUtilities.usf" 3581
"../../../Engine/Shaders/Private/OneColorShader.usf" 3582
"../../../Engine/Shaders/Private/OculusShaders.usf" 3583
"../../../Engine/Shaders/Private/MediaShaders.usf" 3584
"../../../Engine/Shaders/Private/GPUMessaging.usf" 3585
"../../../Engine/Shaders/Private/Tools/GPUDebugCrashUtils.usf" 3586
"../../../Engine/Shaders/Private/NullPixelShader.usf" 3587
"../../../Engine/Shaders/Private/ComputeGenerateMips.usf" 3588
"../../../Engine/Shaders/Private/Tools/DumpTexture.usf" 3589
"../../../Engine/Shaders/Private/CopyTextureShaders.usf" 3590
"../../../Engine/Shaders/Private/Tools/FullscreenVertexShader.usf" 3591
"../../../Engine/Shaders/Private/RayTracing/RayTracingDispatchDesc.usf" 3592
"../../../Engine/Shaders/Private/Bink.usf" 3593
"../../../Engine/Shaders/Private/DepthOnlyPixelShader.usf" 3594
"../../../Engine/Shaders/Private/PositionOnlyDepthVertexShader.usf" 3595
"../../../Engine/Shaders/Private/DepthOnlyVertexShader.usf" 3596
"../../../Engine/Shaders/Private/AnisotropyPassShader.usf" 3597
"/Engine/EngineResources/WhiteSquareTexture" 3598
"../../../Engine/Content/EngineResources/WhiteSquareTexture.uasset" 3599
"/Engine/EngineResources/GradientTexture0" 3600
"../../../Engine/Content/EngineResources/GradientTexture0.uasset" 3601
"/Engine/EngineResources/Black" 3602
"../../../Engine/Content/EngineResources/Black.uasset" 3603
"/Engine/EditorResources/S_Actor" 3604
"../../../Engine/Content/EditorResources/S_Actor.uasset" 3605
"/Engine/EngineFonts/RobotoDistanceField" 3606
"../../../Engine/Content/EngineFonts/RobotoDistanceField.uasset" 3607
"/Engine/EngineMaterials/DefaultTextMaterialOpaque" 3608
"../../../Engine/Content/EngineMaterials/DefaultTextMaterialOpaque.uasset" 3609
"/Engine/EngineMaterials/WorldGridMaterial" 3610
"/Engine/EngineMaterials/DefaultDeferredDecalMaterial" 3611
"/Engine/EngineMaterials/DefaultLightFunctionMaterial" 3612
"/Engine/EngineMaterials/DefaultPostProcessMaterial" 3613
"../../../Engine/Content/EngineMaterials/WorldGridMaterial.uasset" 3614
"../../../Engine/Content/Functions/Engine_MaterialFunctions01/Opacity/CameraDepthFade.uasset" 3615
"../../../Engine/Content/EngineMaterials/T_Default_Material_Grid_M.uasset" 3616
"../../../Engine/Content/EngineMaterials/T_Default_Material_Grid_N.uasset" 3617
"../../../Engine/Content/EngineMaterials/DefaultDeferredDecalMaterial.uasset" 3618
"../../../Engine/Content/EngineMaterials/DefaultDiffuse.uasset" 3619
"../../../Engine/Content/EngineMaterials/DefaultLightFunctionMaterial.uasset" 3620
"../../../Engine/Content/EngineMaterials/DefaultPostProcessMaterial.uasset" 3621
"../../../Engine/Content/Functions/Engine_MaterialFunctions02/Utility/BreakOutFloat2Components.uasset" 3622
"/Engine/EditorResources/S_Trigger" 3623
"../../../Engine/Content/EditorResources/S_Trigger.uasset" 3624
"/Engine/EditorResources/S_BoxReflectionCapture" 3625
"../../../Engine/Content/EditorResources/S_BoxReflectionCapture.uasset" 3626
"/Engine/EngineResources/DefaultTexture" 3627
"../../../Engine/Content/EngineResources/DefaultTexture.uasset" 3628
"/Engine/EditorResources/S_TriggerBox" 3629
"../../../Engine/Content/EditorResources/S_TriggerBox.uasset" 3630
"/Engine/EditorResources/S_TriggerCapsule" 3631
"../../../Engine/Content/EditorResources/S_TriggerCapsule.uasset" 3632
"/Engine/EditorResources/S_TriggerSphere" 3633
"../../../Engine/Content/EditorResources/S_TriggerSphere.uasset" 3634
"/Engine/EngineMeshes/Sphere" 3635
"../../../Engine/Content/EngineMeshes/Sphere.uasset" 3636
"/Engine/EngineDamageTypes/DmgTypeBP_Environmental" 3637
"../../../Engine/Content/EngineDamageTypes/DmgTypeBP_Environmental.uasset" 3638
"/Engine/EngineResources/DefaultTextureCube" 3639
"../../../Engine/Content/EngineResources/DefaultTextureCube.uasset" 3640
"/Engine/EngineResources/DefaultVolumeTexture" 3641
"../../../Engine/Content/EngineResources/DefaultVolumeTexture.uasset" 3642
"../../../Engine/Content/EngineResources/DefaultVolumeTexture2D.uasset" 3643
"/Engine/EditorMaterials/WidgetVertexColorMaterial" 3644
"../../../Engine/Content/EditorMaterials/WidgetVertexColorMaterial.uasset" 3645
"/ViewportWidgetOverlay/Materials/WidgetPostProcessMaterial" 3646
"../../Plugins/VirtualProduction/ViewportWidgetOverlay/Content/Materials/WidgetPostProcessMaterial.uasset" 3647
"/ARUtilities/Materials/M_PassthroughCamera" 3648
"../../Plugins/Runtime/AR/ARUtilities/Content/Materials/M_PassthroughCamera.uasset" 3649
"../../Plugins/Runtime/AR/ARUtilities/Content/Materials/DummyExternalTexture.uasset" 3650
"/AppleARKit/MI_DepthOcclusionOverlay" 3651
"../../Plugins/Runtime/AR/AppleAR/AppleARKit/Content/MI_DepthOcclusionOverlay.uasset" 3652
"../../Plugins/Runtime/AR/AppleAR/AppleARKit/Content/M_OcclusionOverlay.uasset" 3653
"/AppleARKit/MI_MatteOcclusionOverlay" 3654
"../../Plugins/Runtime/AR/AppleAR/AppleARKit/Content/MI_MatteOcclusionOverlay.uasset" 3655
"/AppleARKit/M_SceneDepthOcclusion" 3656
"../../Plugins/Runtime/AR/AppleAR/AppleARKit/Content/M_SceneDepthOcclusion.uasset" 3657
"/ARUtilities/Materials/M_DepthColoration" 3658
"../../Plugins/Runtime/AR/ARUtilities/Content/Materials/M_DepthColoration.uasset" 3659
"../../Plugins/Runtime/AR/ARUtilities/Content/Materials/MF_DistanceColorLerp.uasset" 3660
"/Engine/EditorResources/S_Solver" 3661
"../../../Engine/Content/EditorResources/S_Solver.uasset" 3662
"/Engine/EngineDebugMaterials/VolumeToRender" 3663
"../../../Engine/Content/EngineDebugMaterials/VolumeToRender.uasset" 3664
"/Engine/EngineDebugMaterials/M_VolumeRenderSphereTracePP" 3665
"../../../Engine/Content/EngineDebugMaterials/M_VolumeRenderSphereTracePP.uasset" 3666
"../../../Engine/Content/Functions/Engine_MaterialFunctions02/Utility/CameraDirectionVector.uasset" 3667
"/Engine/EditorMeshes/Camera/SM_CraneRig_Base" 3668
"../../../Engine/Content/EditorMeshes/Camera/SM_CraneRig_Base.uasset" 3669
"../../../Engine/Content/EditorMaterials/Camera/MI_CineMat_Rig.uasset" 3670
"../../../Engine/Content/EditorMaterials/Camera/CineMat.uasset" 3671
"/Engine/EditorMeshes/Camera/SM_CraneRig_Arm" 3672
"../../../Engine/Content/EditorMeshes/Camera/SM_CraneRig_Arm.uasset" 3673
"/Engine/EditorMeshes/Camera/SM_CraneRig_Mount" 3674
"../../../Engine/Content/EditorMeshes/Camera/SM_CraneRig_Mount.uasset" 3675
"/Engine/EditorMeshes/Camera/SM_CraneRig_Body" 3676
"../../../Engine/Content/EditorMeshes/Camera/SM_CraneRig_Body.uasset" 3677
"/Engine/EditorMeshes/Camera/SM_RailRig_Track" 3678
"../../../Engine/Content/EditorMeshes/Camera/SM_RailRig_Track.uasset" 3679
"/Engine/EditorMeshes/Camera/SM_RailRig_Mount" 3680
"../../../Engine/Content/EditorMeshes/Camera/SM_RailRig_Mount.uasset" 3681
"/Engine/EditorLandscapeResources/SplineEditorMesh" 3682
"../../../Engine/Content/EditorLandscapeResources/SplineEditorMesh.uasset" 3683
"../../../Engine/Content/EditorLandscapeResources/SplineEditorMeshMat.uasset" 3684
"/Water/Icons/WaterBodyIslandSprite" 3685
"../../Plugins/Experimental/Water/Content/Icons/WaterBodyIslandSprite.uasset" 3686
"/Water/Icons/WaterZoneActorSprite" 3687
"../../Plugins/Experimental/Water/Content/Icons/WaterZoneActorSprite.uasset" 3688
"/HairStrands/Materials/HairDebugMaterial" 3689
"../../Plugins/Runtime/HairStrands/Content/Materials/HairDebugMaterial.uasset" 3690
"../../../Engine/Content/Functions/Engine_MaterialFunctions02/Utility/MakeFloat2.uasset" 3691
"../../../Engine/Content/Functions/Engine_MaterialFunctions02/Utility/MakeFloat3.uasset" 3692
"../../../Engine/Content/EngineMaterials/HairColorMap.uasset" 3693
"../../../Engine/Content/EngineMaterials/HairDebugColor.uasset" 3694
"../../Plugins/Runtime/HairStrands/Content/Materials/HairGroupColors.uasset" 3695
"/HairStrands/Materials/HairDefaultMaterial" 3696
"../../Plugins/Runtime/HairStrands/Content/Materials/HairDefaultMaterial.uasset" 3697
"/HairStrands/Materials/HairCardsDefaultMaterial" 3698
"../../Plugins/Runtime/HairStrands/Content/Materials/HairCardsDefaultMaterial.uasset" 3699
"/HairStrands/Materials/HairMeshesDefaultMaterial" 3700
"../../Plugins/Runtime/HairStrands/Content/Materials/HairMeshesDefaultMaterial.uasset" 3701
"/nDisplay/Textures/T_TrackingMarker_A" 3702
"../../Plugins/Runtime/nDisplay/Content/Textures/T_TrackingMarker_A.uasset" 3703
"/nDisplay/LightCard/SM_LightCardPlane" 3704
"../../Plugins/Runtime/nDisplay/Content/LightCard/SM_LightCardPlane.uasset" 3705
"../../Plugins/Runtime/nDisplay/Content/LightCard/M_LightCard.uasset" 3706
"../../../Engine/Content/ArtTools/RenderToTexture/Textures/T_EV_BlankWhite_01.uasset" 3707
"/nDisplay/LightCard/SM_UVIndicator" 3708
"../../Plugins/Runtime/nDisplay/Content/LightCard/SM_UVIndicator.uasset" 3709
"../../Plugins/Runtime/nDisplay/Content/LightCard/M_UVIndicator.uasset" 3710
"../../Plugins/Runtime/nDisplay/Content/LightCard/T_UVIndicator.uasset" 3711
"/Engine/EngineMaterials/Widget3DPassThrough_Translucent" 3712
"../../../Engine/Content/EngineMaterials/Widget3DPassThrough_Translucent.uasset" 3713
"../../../Engine/Content/EngineMaterials/Widget3DPassThrough.uasset" 3714
"/Engine/EngineMaterials/Widget3DPassThrough_Translucent_OneSided" 3715
"../../../Engine/Content/EngineMaterials/Widget3DPassThrough_Translucent_OneSided.uasset" 3716
"/Engine/EngineMaterials/Widget3DPassThrough_Opaque" 3717
"../../../Engine/Content/EngineMaterials/Widget3DPassThrough_Opaque.uasset" 3718
"/Engine/EngineMaterials/Widget3DPassThrough_Opaque_OneSided" 3719
"../../../Engine/Content/EngineMaterials/Widget3DPassThrough_Opaque_OneSided.uasset" 3720
"/Engine/EngineMaterials/Widget3DPassThrough_Masked" 3721
"../../../Engine/Content/EngineMaterials/Widget3DPassThrough_Masked.uasset" 3722
"/Engine/EngineMaterials/Widget3DPassThrough_Masked_OneSided" 3723
"../../../Engine/Content/EngineMaterials/Widget3DPassThrough_Masked_OneSided.uasset" 3724
"/nDisplay/Meshes/SM_IcoSphere" 3725
"../../Plugins/Runtime/nDisplay/Content/Meshes/SM_IcoSphere.uasset" 3726
"C:/Users/varghesechac/AppData/Local/UnrealEngine/Common/DerivedDataCache/Buckets/LegacyDIST/af/d6/5e007f1ad26af98aa5ab714cfca37d7a569f.udd" 3727
"../../Plugins/Runtime/nDisplay/Content/Materials/Editor/M_NormalMapMesh.uasset" 3728
"C:/Users/varghesechac/AppData/Local/UnrealEngine/Common/DerivedDataCache/Buckets/LegacyDIST/05/4f/867c28c559bc36d12af1b540fcaea174964b.udd" 3729
"C:/Users/varghesechac/AppData/Local/UnrealEngine/Common/DerivedDataCache/Buckets/LegacyCARD/3b/1b/b741d8040785bb19e664eb2e6b99b6bb1dd4.udd" 3730
"C:/Users/varghesechac/AppData/Local/UnrealEngine/Common/DerivedDataCache/Buckets/LegacyCARD/79/8c/5be388c0171096223d6a489b4d89f59f1c5c.udd" 3731
"/nDisplay/Icons/S_nDisplayViewOrigin" 3732
"../../Plugins/Runtime/nDisplay/Content/Icons/S_nDisplayViewOrigin.uasset" 3733
"/nDisplay/Materials/Preview/M_DisplayDeviceMesh" 3734
"../../Plugins/Runtime/nDisplay/Content/Materials/Preview/M_DisplayDeviceMesh.uasset" 3735
"../../../Engine/Content/EditorMaterials/T_1x1_Grid.uasset" 3736
"/nDisplay/Materials/Preview/M_DisplayDevicePreview" 3737
"../../Plugins/Runtime/nDisplay/Content/Materials/Preview/M_DisplayDevicePreview.uasset" 3738
"C:/Users/varghesechac/AppData/Local/UnrealEngine/Common/DerivedDataCache/Buckets/LegacyDIST/72/27/99dbb9d38facbbf7d30b55ae62e07fc193e7.udd" 3739
"/nDisplay/Materials/Preview/M_DisplayDevicePreviewTechvis" 3740
"../../Plugins/Runtime/nDisplay/Content/Materials/Preview/M_DisplayDevicePreviewTechvis.uasset" 3741
"C:/Users/varghesechac/AppData/Local/UnrealEngine/Common/DerivedDataCache/Buckets/LegacyCARD/bc/63/56ce5d736aca3998f06cbd19e0052c0c68d9.udd" 3742
"/nDisplay/TestPatterns/Statics/M_TPSCircles" 3743
"../../Plugins/Runtime/nDisplay/Content/TestPatterns/Statics/M_TPSCircles.uasset" 3744
"/nDisplay/TestPatterns/Statics/M_TPSColoredBars" 3745
"../../Plugins/Runtime/nDisplay/Content/TestPatterns/Statics/M_TPSColoredBars.uasset" 3746
"/nDisplay/TestPatterns/Statics/M_TPSGrayBars" 3747
"../../Plugins/Runtime/nDisplay/Content/TestPatterns/Statics/M_TPSGrayBars.uasset" 3748
"/nDisplay/TestPatterns/Statics/M_TPSGridCircles" 3749
"../../Plugins/Runtime/nDisplay/Content/TestPatterns/Statics/M_TPSGridCircles.uasset" 3750
"/nDisplay/TestPatterns/Animated/M_TPAChevron" 3751
"../../Plugins/Runtime/nDisplay/Content/TestPatterns/Animated/M_TPAChevron.uasset" 3752
"/nDisplay/TestPatterns/Animated/M_TPAGrid" 3753
"../../Plugins/Runtime/nDisplay/Content/TestPatterns/Animated/M_TPAGrid.uasset" 3754
"/nDisplay/TestPatterns/Animated/M_TPAMirroredChevron" 3755
"../../Plugins/Runtime/nDisplay/Content/TestPatterns/Animated/M_TPAMirroredChevron.uasset" 3756
"/nDisplay/TestPatterns/Animated/M_TPARadar" 3757
"../../Plugins/Runtime/nDisplay/Content/TestPatterns/Animated/M_TPARadar.uasset" 3758
"/nDisplay/TestPatterns/Animated/M_TPAStrips" 3759
"../../Plugins/Runtime/nDisplay/Content/TestPatterns/Animated/M_TPAStrips.uasset" 3760
"/VirtualProductionUtilities/Icons/S_VPRootActor" 3761
"../../Plugins/Experimental/VirtualProductionUtilities/Content/Icons/S_VPRootActor.uasset" 3762
"/Engine/BasicShapes/Cube" 3763
"../../../Engine/Content/BasicShapes/Cube.uasset" 3764
"/CameraCalibrationCore/Materials/M_CharucoBoard" 3765
"../../Plugins/VirtualProduction/CameraCalibrationCore/Content/Materials/M_CharucoBoard.uasset" 3766
"/CameraCalibrationCore/Materials/M_DefaultOddSquare" 3767
"../../Plugins/VirtualProduction/CameraCalibrationCore/Content/Materials/M_DefaultOddSquare.uasset" 3768
"/CameraCalibrationCore/Materials/M_DefaultEvenSquare" 3769
"../../Plugins/VirtualProduction/CameraCalibrationCore/Content/Materials/M_DefaultEvenSquare.uasset" 3770
"/ARUtilities/Materials/M_ScreenSpacePassthroughCamera" 3771
"../../Plugins/Runtime/AR/ARUtilities/Content/Materials/M_ScreenSpacePassthroughCamera.uasset" 3772
"/ARUtilities/Materials/MI_ScreenSpacePassthroughCameraExternalTexture" 3773
"../../Plugins/Runtime/AR/ARUtilities/Content/Materials/MI_ScreenSpacePassthroughCameraExternalTexture.uasset" 3774
"/Engine/VREditor/ViewportInteractionAssetContainerData" 3775
"../../../Engine/Content/VREditor/ViewportInteractionAssetContainerData.uasset" 3776
"../../../Engine/Content/VREditor/SnapGrid/SnapGridMaterial.uasset" 3777
"../../../Engine/Content/VREditor/TransformGizmo/TransformGizmoMaterial_Inst.uasset" 3778
"../../../Engine/Content/VREditor/TransformGizmo/TranslucentTransformGizmoMaterial_Inst.uasset" 3779
"../../../Engine/Content/VREditor/SnapGrid/SnapGridPlaneMesh.uasset" 3780
"../../../Engine/Content/VREditor/Sounds/UI/Drop_Item_From_ContentBrowser.uasset" 3781
"../../../Engine/Content/VREditor/Sounds/UI/Gizmo_Handle_Clicked.uasset" 3782
"../../../Engine/Content/VREditor/Sounds/UI/Object_PickUp.uasset" 3783
"../../../Engine/Content/VREditor/Sounds/UI/Object_Snaps_To_Another_Actor.uasset" 3784
"../../../Engine/Content/VREditor/Sounds/UI/Object_Snaps_To_Grid.uasset" 3785
"../../../Engine/Content/VREditor/Sounds/UI/Scaling_Down.uasset" 3786
"../../../Engine/Content/VREditor/Sounds/UI/Scaling_Up.uasset" 3787
"../../../Engine/Content/VREditor/Sounds/UI/Selection_Changes.uasset" 3788
"../../../Engine/Content/VREditor/TransformGizmo/PlaneTranslationHandle.uasset" 3789
"../../../Engine/Content/VREditor/TransformGizmo/RotationHandleFull.uasset" 3790
"../../../Engine/Content/VREditor/TransformGizmo/RotationHandleIndicator.uasset" 3791
"../../../Engine/Content/VREditor/TransformGizmo/RotationHandleQuarter.uasset" 3792
"../../../Engine/Content/VREditor/TransformGizmo/StartRotationHandleIndicator.uasset" 3793
"../../../Engine/Content/VREditor/TransformGizmo/TransformGizmoFreeRotation.uasset" 3794
"../../../Engine/Content/VREditor/TransformGizmo/TranslateArrowHandle.uasset" 3795
"../../../Engine/Content/VREditor/TransformGizmo/UniformScaleHandle.uasset" 3796
"../../../Engine/Content/Functions/Engine_MaterialFunctions02/Math/Transform3x3Matrix.uasset" 3797
"../../../Engine/Content/Functions/Engine_MaterialFunctions02/SplitComponents.uasset" 3798
"../../../Engine/Content/VREditor/TransformGizmo/TransformGizmoMaterial.uasset" 3799
"../../../Engine/Content/VREditor/TransformGizmo/TranslucentTransformGizmoMaterial.uasset" 3800
"../../../Engine/Content/Functions/Engine_MaterialFunctions02/Utility/BreakOutFloat3Components.uasset" 3801
"../../../Engine/Content/VREditor/LaserPointer/VR_LaserPower_01.uasset" 3802
"/Engine/VREditor/TransformGizmo/BoundingBoxCorner" 3803
"../../../Engine/Content/VREditor/TransformGizmo/BoundingBoxCorner.uasset" 3804
"/Engine/VREditor/TransformGizmo/BoundingBoxEdge" 3805
"../../../Engine/Content/VREditor/TransformGizmo/BoundingBoxEdge.uasset" 3806
"/Engine/ArtTools/RenderToTexture/Meshes/S_1_Unit_Plane" 3807
"../../../Engine/Content/ArtTools/RenderToTexture/Meshes/S_1_Unit_Plane.uasset" 3808
"/Engine/EngineDebugMaterials/M_SimpleUnlitTranslucent" 3809
"../../../Engine/Content/EngineDebugMaterials/M_SimpleUnlitTranslucent.uasset" 3810
"/Engine/EngineFonts/Roboto" 3811
"../../../Engine/Content/EngineFonts/Roboto.uasset" 3812
"../../../Engine/Content/EngineFonts/Faces/DroidSansFallback.uasset" 3813
"../../../Engine/Content/EngineFonts/Faces/RobotoBold.uasset" 3814
"../../../Engine/Content/EngineFonts/Faces/RobotoBoldItalic.uasset" 3815
"../../../Engine/Content/EngineFonts/Faces/RobotoItalic.uasset" 3816
"../../../Engine/Content/EngineFonts/Faces/RobotoLight.uasset" 3817
"../../../Engine/Content/EngineFonts/Faces/RobotoRegular.uasset" 3818
"../../../Engine/Content/Internationalization/icudt64l/brkitr/en_US.res" 3819
"../../../Engine/Content/Internationalization/icudt64l/brkitr/en.res" 3820
"../../../Engine/Content/Internationalization/icudt64l/brkitr/root.res" 3821
"../../../Engine/Content/Internationalization/icudt64l/brkitr/char.brk" 3822
"../../../Engine/Content/Internationalization/icudt64l/brkitr/word.brk" 3823
"/Engine/EditorMaterials/ParticleSystems/PSysThumbnail_NoImage" 3824
"../../../Engine/Content/EditorMaterials/ParticleSystems/PSysThumbnail_NoImage.uasset" 3825
"/Engine/EditorMaterials/ParticleSystems/PSysThumbnail_OOD" 3826
"../../../Engine/Content/EditorMaterials/ParticleSystems/PSysThumbnail_OOD.uasset" 3827
"/Engine/EngineResources/LandscapeVisibilityLayerInfo" 3828
"../../../Engine/Content/EngineResources/LandscapeVisibilityLayerInfo.uasset" 3829
"/ColorCorrectRegions/Materials/M_ColorCorrectRegionTransparentPreview" 3830
"../../Plugins/Experimental/ColorCorrectRegions/Content/Materials/M_ColorCorrectRegionTransparentPreview.uasset" 3831
"/Engine/BasicShapes/Sphere" 3832
"../../../Engine/Content/BasicShapes/Sphere.uasset" 3833
"../../../Engine/Content/EngineMaterials/DefaultMaterial.uasset" 3834
"/Engine/BasicShapes/Cylinder" 3835
"../../../Engine/Content/BasicShapes/Cylinder.uasset" 3836
"/Engine/BasicShapes/Cone" 3837
"../../../Engine/Content/BasicShapes/Cone.uasset" 3838
"/Engine/BasicShapes/Plane" 3839
"../../../Engine/Content/BasicShapes/Plane.uasset" 3840
"/Water/Meshes/LakeMesh" 3841
"../../Plugins/Experimental/Water/Content/Meshes/LakeMesh.uasset" 3842
"/Water/Meshes/RiverMesh" 3843
"../../Plugins/Experimental/Water/Content/Meshes/RiverMesh.uasset" 3844
"/Water/Icons/WaterBodyExclusionVolumeSprite" 3845
"../../Plugins/Experimental/Water/Content/Icons/WaterBodyExclusionVolumeSprite.uasset" 3846
"/nDisplay/Meshes/plane_hd_1x1" 3847
"../../Plugins/Runtime/nDisplay/Content/Meshes/plane_hd_1x1.uasset" 3848
"C:/Users/varghesechac/AppData/Local/UnrealEngine/Common/DerivedDataCache/Buckets/LegacyDIST/39/47/3316966453d69aedd1df6904cf18c2604211.udd" 3849
"C:/Users/varghesechac/AppData/Local/UnrealEngine/Common/DerivedDataCache/Buckets/LegacyCARD/b5/70/ebe57d730826f9e094f605e44d4575049d88.udd" 3850
"../../../../../../Users/varghesechac/code/MileH/WideFieldAssembly/Intermediate/ShaderAutogen/PCD3D_SM5/AutogenShaderHeaders.ush" 3851
"../../../Engine/Plugins/Runtime/IOSDeviceProfileSelector/Config/DeviceModelsInfo.ini" 3852
"/ACLPlugin/ACLAnimBoneCompressionSettings" 3853
"../../Plugins/Animation/ACLPlugin/Content/ACLAnimBoneCompressionSettings.uasset" 3854
"/Engine/Animation/DefaultRecorderBoneCompression" 3855
"../../../Engine/Content/Animation/DefaultRecorderBoneCompression.uasset" 3856
"/ACLPlugin/ACLAnimCurveCompressionSettings" 3857
"../../Plugins/Animation/ACLPlugin/Content/ACLAnimCurveCompressionSettings.uasset" 3858
"/Engine/Animation/DefaultVariableFrameStrippingSettings" 3859
"../../../Engine/Content/Animation/DefaultVariableFrameStrippingSettings.uasset" 3860
"/ControlRig/Controls/ControlRigXRayMaterial" 3861
"../../Plugins/Animation/ControlRig/Content/Controls/ControlRigXRayMaterial.uasset" 3862
"/ControlRig/Controls/DefaultGizmoLibraryNormalized" 3863
"../../Plugins/Animation/ControlRig/Content/Controls/DefaultGizmoLibraryNormalized.uasset" 3864
"/AudioWidgets/Resources/ScrubHandleDown_Clamped" 3865
"../../Plugins/Runtime/AudioWidgets/Content/Resources/ScrubHandleDown_Clamped.uasset" 3866
"/ControlRig/M_Manip" 3867
"../../Plugins/Animation/ControlRig/Content/M_Manip.uasset" 3868
"../../../Engine/Content/Functions/Engine_MaterialFunctions02/WorldPositionOffset/CameraOffset.uasset" 3869
"/Paper2D/MaskedUnlitSpriteMaterial" 3870
"../../Plugins/2D/Paper2D/Content/MaskedUnlitSpriteMaterial.uasset" 3871
"../../Plugins/2D/Paper2D/Content/DefaultSpriteMaterial.uasset" 3872
"../../Plugins/2D/Paper2D/Content/PlaceholderTextures/DummySpriteTexture.uasset" 3873
"/Paper2D/OpaqueUnlitSpriteMaterial" 3874
"../../Plugins/2D/Paper2D/Content/OpaqueUnlitSpriteMaterial.uasset" 3875
"/Paper2D/DefaultPaperTerrainMaterial" 3876
"../../Plugins/2D/Paper2D/Content/DefaultPaperTerrainMaterial.uasset" 3877
"../../Plugins/2D/Paper2D/Content/DummySprite.uasset" 3878
"/Engine/EditorMaterials/Dataflow/M_Dataflow_CheckerBoard" 3879
"../../../Engine/Content/EditorMaterials/Dataflow/M_Dataflow_CheckerBoard.uasset" 3880
"../../../Engine/Content/EditorMaterials/Dataflow/T_CheckerBoard.uasset" 3881
"/Engine/EditorMaterials/Dataflow/DataflowSelection" 3882
"../../../Engine/Content/EditorMaterials/Dataflow/DataflowSelection.uasset" 3883
"../../../Engine/Content/Functions/Engine_MaterialFunctions01/Gradient/LinearGradient.uasset" 3884
"../../../Engine/Content/Functions/Engine_MaterialFunctions01/ImageAdjustment/CheapContrast.uasset" 3885
"../../../Engine/Content/Functions/Engine_MaterialFunctions01/Texturing/WorldAlignedTexture.uasset" 3886
"../../../Engine/Content/Functions/Engine_MaterialFunctions02/Utility/VectorLength.uasset" 3887
"../../../Engine/Content/Functions/Engine_MaterialFunctions02/WorldPositionOffset/ObjectScale.uasset" 3888
"../../../Engine/Content/EngineMaterials/Grid.uasset" 3889
"../../../Engine/Config/BaseUnrealInsightsSettings.ini" 3890
"/PCG/ComputeSources/PCGCS_ShaderUtils" 3891
"../../Plugins/PCG/Content/ComputeSources/PCGCS_ShaderUtils.uasset" 3892
"/PCG/ComputeSources/PCGCS_ShaderUtilsInternal" 3893
"../../Plugins/PCG/Content/ComputeSources/PCGCS_ShaderUtilsInternal.uasset" 3894
"/PCG/ComputeSources/PCGCS_Quaternion" 3895
"../../Plugins/PCG/Content/ComputeSources/PCGCS_Quaternion.uasset" 3896
"/Engine/VREditor/TransformGizmo/SM_Sequencer_Node" 3897
"../../../Engine/Content/VREditor/TransformGizmo/SM_Sequencer_Node.uasset" 3898
"../../../Engine/Content/VREditor/TransformGizmo/Main.uasset" 3899
"../../../Engine/Content/VREditor/TransformGizmo/Xray.uasset" 3900
"/Engine/EditorMaterials/AssetViewer/EpicQuadPanorama_CC+EV1" 3901
"../../../Engine/Content/EditorMaterials/AssetViewer/EpicQuadPanorama_CC+EV1.uasset" 3902
"/Engine/EngineMaterials/M_Grid" 3903
"../../../Engine/Content/EngineMaterials/M_Grid.uasset" 3904
"../../../Engine/Content/EngineMaterials/MF_ObjectAlignedTexture.uasset" 3905
"../../../Engine/Content/EngineMaterials/T_Default_BaseColor.uasset" 3906
"../../../Engine/Content/EngineMaterials/T_Default_MacroVariation.uasset" 3907
"../../../Engine/Content/EngineMaterials/T_Default_Material_Grid_N_Low.uasset" 3908
"../../../Engine/Content/EngineMaterials/T_Grid_Crosses.uasset" 3909
"../../../Engine/Content/EngineMaterials/T_Hologrid.uasset" 3910
"/Engine/EditorMeshes/AssetViewer/Floor_Mesh" 3911
"../../../Engine/Content/EditorMeshes/AssetViewer/Floor_Mesh.uasset" 3912
"../../../Engine/Content/EditorMaterials/GridMaterial.uasset" 3913
"../../../Engine/Content/Functions/Engine_MaterialFunctions01/Shading/ConvertFromDiffSpec.uasset" 3914
"/Engine/EditorMaterials/AssetViewer/T_GreyAmbient" 3915
"../../../Engine/Content/EditorMaterials/AssetViewer/T_GreyAmbient.uasset" 3916
"C:/Users/varghesechac/AppData/Local/UnrealEngine/Common/DerivedDataCache/Buckets/LegacyDIST/d4/88/e8a7a49d659b176b9e16c779aab198c3e087.udd" 3917
"C:/Users/varghesechac/AppData/Local/UnrealEngine/Common/DerivedDataCache/Buckets/LegacyCARD/05/de/fa340142908d05e0e301fad8b03005055873.udd" 3918
"/Engine/EditorLandscapeResources/DefaultAlphaTexture" 3919
"../../../Engine/Content/EditorLandscapeResources/DefaultAlphaTexture.uasset" 3920
"/Engine/EditorResources/S_Terrain" 3921
"../../../Engine/Content/EditorResources/S_Terrain.uasset" 3922
"/DatasmithContent/Materials/C4DReference" 3923
"../../Plugins/Enterprise/DatasmithContent/Content/Materials/C4DReference.uasset" 3924
"../../Plugins/Enterprise/DatasmithContent/Content/Materials/C4DReferenceUV.uasset" 3925
"../../Plugins/Enterprise/DatasmithContent/Content/Materials/UVEdit.uasset" 3926
"../../../Engine/Content/Functions/Engine_MaterialFunctions01/Texturing/FlattenNormal.uasset" 3927
"../../../Engine/Content/Functions/Engine_MaterialFunctions02/HueShift.uasset" 3928
"../../../Engine/Content/ArtTools/RenderToTexture/Textures/127grey.uasset" 3929
"../../../Engine/Content/EditorLandscapeResources/WhiteSquareTexture.uasset" 3930
"../../../Engine/Content/EngineMaterials/T_Default_Normal.uasset" 3931
"../../../Engine/Content/Functions/Engine_MaterialFunctions02/Texturing/CustomRotator.uasset" 3932
"../../Plugins/Enterprise/DatasmithContent/Content/Materials/TileMirrorAxis.uasset" 3933
"/DatasmithContent/Materials/RevitReference" 3934
"../../Plugins/Enterprise/DatasmithContent/Content/Materials/RevitReference.uasset" 3935
"../../../Engine/Content/Functions/Engine_MaterialFunctions03/Procedurals/NormalFromHeightmap.uasset" 3936
"/DatasmithContent/Materials/StdDecal/M_StdDecal" 3937
"../../Plugins/Enterprise/DatasmithContent/Content/Materials/StdDecal/M_StdDecal.uasset" 3938
"../../Plugins/Enterprise/DatasmithContent/Content/Materials/_common/MaterialFunctions/RayTracing/MF_RTSwitch.uasset" 3939
"../../Plugins/Enterprise/DatasmithContent/Content/Materials/StdDecal/MFAttr_Decal.uasset" 3940
"../../Plugins/Enterprise/DatasmithContent/Content/Materials/_common/MaterialFunctions/BaseModules/MF_Emissive.uasset" 3941
"../../Plugins/Enterprise/DatasmithContent/Content/Materials/_common/MaterialFunctions/BaseModules/MF_Metallic.uasset" 3942
"../../Plugins/Enterprise/DatasmithContent/Content/Materials/_common/MaterialFunctions/BaseModules/MF_Normals.uasset" 3943
"../../Plugins/Enterprise/DatasmithContent/Content/Materials/_common/MaterialFunctions/BaseModules/MF_ParallaxOcc.uasset" 3944
"../../Plugins/Enterprise/DatasmithContent/Content/Materials/_common/MaterialFunctions/BaseModules/MF_Roughness.uasset" 3945
"../../../Engine/Content/Functions/Engine_MaterialFunctions02/Math/InverseTransformMatrix.uasset" 3946
"../../Plugins/Enterprise/DatasmithContent/Content/Materials/_common/Textures/T_Generic_BC.uasset" 3947
"../../Plugins/Enterprise/DatasmithContent/Content/Materials/_common/Textures/T_Generic_H.uasset" 3948
"../../Plugins/Enterprise/DatasmithContent/Content/Materials/_common/Textures/T_Generic_E.uasset" 3949
"../../Plugins/Enterprise/DatasmithContent/Content/Materials/_common/Textures/T_Generic_MT.uasset" 3950
"../../Plugins/Enterprise/DatasmithContent/Content/Materials/_common/MaterialFunctions/MF_Triplanar_NormalsCorrection.uasset" 3951
"../../Plugins/Enterprise/DatasmithContent/Content/Materials/_common/Textures/T_Generic_N.uasset" 3952
"../../Plugins/Enterprise/DatasmithContent/Content/Materials/_common/MaterialFunctions/MF_ViewTrace_InternalTan.uasset" 3953
"../../Plugins/Enterprise/DatasmithContent/Content/Materials/_common/Textures/T_GenericHalfGray_R.uasset" 3954
"../../Plugins/Enterprise/DatasmithContent/Content/Materials/_common/MaterialFunctions/MF_RotateV2.uasset" 3955
"/DatasmithContent/Materials/SketchUpReference" 3956
"../../Plugins/Enterprise/DatasmithContent/Content/Materials/SketchupReference.uasset" 3957
"../../../Engine/Content/EngineMaterials/FlatNormal.uasset" 3958
"/DatasmithContent/Materials/CE_OpaqueReference" 3959
"../../Plugins/Enterprise/DatasmithContent/Content/Materials/CE_OpaqueReference.uasset" 3960
"../../Plugins/Enterprise/DatasmithContent/Content/Materials/CE_BaseReference.uasset" 3961
"/DatasmithContent/Materials/CE_OpacityReference" 3962
"../../Plugins/Enterprise/DatasmithContent/Content/Materials/CE_OpacityReference.uasset" 3963
"/DatasmithContent/Materials/CE_OpacitySimpleReference" 3964
"../../Plugins/Enterprise/DatasmithContent/Content/Materials/CE_OpacitySimpleReference.uasset" 3965
"/DatasmithContent/Materials/StdOpaque/M_StdOpaque" 3966
"../../Plugins/Enterprise/DatasmithContent/Content/Materials/StdOpaque/M_StdOpaque.uasset" 3967
"../../Plugins/Enterprise/DatasmithContent/Content/Materials/_common/MaterialFunctions/MF_TriplanerProj.uasset" 3968
"../../Plugins/Enterprise/DatasmithContent/Content/Materials/_common/MaterialFunctions/MF_ViewTrace_DerivedTan.uasset" 3969
"../../Plugins/Enterprise/DatasmithContent/Content/Materials/StdOpaque/MFAttr_StdOpaque.uasset" 3970
"../../Plugins/Enterprise/DatasmithContent/Content/Materials/_common/MaterialFunctions/MF_Triplanar_Mask.uasset" 3971
"../../../Engine/Content/Functions/Engine_MaterialFunctions02/WorldPositionOffset/LocalPosition.uasset" 3972
"../../Plugins/Enterprise/DatasmithContent/Content/Materials/_common/MaterialFunctions/BaseModules/MF_BaseColor.uasset" 3973
"../../Plugins/Enterprise/DatasmithContent/Content/Materials/_common/MaterialFunctions/BaseModules/MF_TransformUVs.uasset" 3974
"../../Plugins/Enterprise/DatasmithContent/Content/Materials/_common/Textures/T_Generic_M.uasset" 3975
"../../Plugins/Enterprise/DatasmithContent/Content/Materials/_common/MaterialFunctions/MF_TransUVs.uasset" 3976
"/DatasmithContent/Materials/StdTranslucent/M_StdTranslucent" 3977
"../../Plugins/Enterprise/DatasmithContent/Content/Materials/StdTranslucent/M_StdTranslucent.uasset" 3978
"../../Plugins/Enterprise/DatasmithContent/Content/Materials/StdTranslucent/MFAttr_StdTranslucent.uasset" 3979
"../../Plugins/Enterprise/DatasmithContent/Content/Materials/_common/Textures/T_GenericBrickGlass_M.uasset" 3980
"/DatasmithContent/Materials/StdEmissive/M_StdEmissive" 3981
"../../Plugins/Enterprise/DatasmithContent/Content/Materials/StdEmissive/M_StdEmissive.uasset" 3982
"../../Plugins/Enterprise/DatasmithContent/Content/Materials/StdEmissive/MFAttr_Emissive.uasset" 3983
"/CommonUI/VideoPlayerMaterial" 3984
"../../Plugins/Runtime/CommonUI/Content/VideoPlayerMaterial.uasset" 3985
"../../Plugins/Runtime/CommonUI/Content/DefaultMediaTexture.uasset" 3986
"/Engine/EditorMeshes/Axis_Guide" 3987
"../../../Engine/Content/EditorMeshes/Axis_Guide.uasset" 3988
"/Engine/EngineMaterials/GizmoMaterial" 3989
"../../../Engine/Content/EngineMaterials/GizmoMaterial.uasset" 3990
"C:/Users/varghesechac/AppData/Local/UnrealEngine/Common/DerivedDataCache/Buckets/LegacyDIST/a5/4d/dfd13127df5736468a2ab4fd279801349a54.udd" 3991
"C:/Users/varghesechac/AppData/Local/UnrealEngine/Common/DerivedDataCache/Buckets/LegacyCARD/47/9c/08cf05dc27fe4ce1565785789e6260ce7910.udd" 3992
"/OpenXR/Devices/HTCVive/HTCViveController" 3993
"../../Plugins/Runtime/OpenXR/Content/Devices/HTCVive/HTCViveController.uasset" 3994
"../../Plugins/Runtime/OpenXR/Content/Devices/HTCVive/MI_HTCVive.uasset" 3995
"../../Plugins/Runtime/OpenXR/Content/Devices/M_XRController.uasset" 3996
"../../../Engine/Content/EngineMaterials/BaseFlattenNormalMap.uasset" 3997
"../../Plugins/Runtime/OpenXR/Content/Devices/HTCVive/BaseTexture.uasset" 3998
"/OpenXR/Devices/MicrosoftMixedReality/Left/left_MicrosoftMixedRealityController" 3999
"../../Plugins/Runtime/OpenXR/Content/Devices/MicrosoftMixedReality/Left/left_MicrosoftMixedRealityController.uasset" 4000
"../../Plugins/Runtime/OpenXR/Content/Devices/MicrosoftMixedReality/MI_MicrosoftMixedReality.uasset" 4001
"../../Plugins/Runtime/OpenXR/Content/Devices/MicrosoftMixedReality/BaseTexture.uasset" 4002
"../../Plugins/Runtime/OpenXR/Content/Devices/MicrosoftMixedReality/EmissiveTexture.uasset" 4003
"../../Plugins/Runtime/OpenXR/Content/Devices/MicrosoftMixedReality/MRTexture.uasset" 4004
"../../Plugins/Runtime/OpenXR/Content/Devices/MicrosoftMixedReality/NormalTexture.uasset" 4005
"/OpenXR/Devices/MicrosoftMixedReality/Right/right_MicrosoftMixedRealityController" 4006
"../../Plugins/Runtime/OpenXR/Content/Devices/MicrosoftMixedReality/Right/right_MicrosoftMixedRealityController.uasset" 4007
"/OpenXR/Devices/OculusGo/OculusGoController" 4008
"../../Plugins/Runtime/OpenXR/Content/Devices/OculusGo/OculusGoController.uasset" 4009
"../../Plugins/Runtime/OpenXR/Content/Devices/OculusGo/MI_OculusGo.uasset" 4010
"../../Plugins/Runtime/OpenXR/Content/Devices/OculusGo/BaseTexture.uasset" 4011
"/OpenXR/Devices/OculusTouch/Left/left_OculusTouchController" 4012
"../../Plugins/Runtime/OpenXR/Content/Devices/OculusTouch/Left/left_OculusTouchController.uasset" 4013
"../../Plugins/Runtime/OpenXR/Content/Devices/OculusTouch/MI_OculusTouch.uasset" 4014
"../../Plugins/Runtime/OpenXR/Content/Devices/OculusTouch/BaseTexture.uasset" 4015
"../../Plugins/Runtime/OpenXR/Content/Devices/OculusTouch/MRTexture.uasset" 4016
"/OpenXR/Devices/OculusTouch/Right/right_OculusTouchController" 4017
"../../Plugins/Runtime/OpenXR/Content/Devices/OculusTouch/Right/right_OculusTouchController.uasset" 4018
"/OpenXR/Devices/ValveIndex/Left/left_ValveIndexController" 4019
"../../Plugins/Runtime/OpenXR/Content/Devices/ValveIndex/Left/left_ValveIndexController.uasset" 4020
"../../Plugins/Runtime/OpenXR/Content/Devices/ValveIndex/Left/MI_left_ValveIndex.uasset" 4021
"../../Plugins/Runtime/OpenXR/Content/Devices/ValveIndex/BaseTexture.uasset" 4022
"../../Plugins/Runtime/OpenXR/Content/Devices/ValveIndex/MRTexture.uasset" 4023
"/OpenXR/Devices/ValveIndex/Right/right_ValveIndexController" 4024
"../../Plugins/Runtime/OpenXR/Content/Devices/ValveIndex/Right/right_ValveIndexController.uasset" 4025
"../../Plugins/Runtime/OpenXR/Content/Devices/ValveIndex/Right/MI_right_ValveIndex.uasset" 4026
"/OpenXR/Devices/OculusTouch_v2/Left/left_OculusTouch_v2Controller" 4027
"../../Plugins/Runtime/OpenXR/Content/Devices/OculusTouch_v2/Left/left_OculusTouch_v2Controller.uasset" 4028
"../../Plugins/Runtime/OpenXR/Content/Devices/OculusTouch_v2/MI_OculusTouch_v2.uasset" 4029
"../../Plugins/Runtime/OpenXR/Content/Devices/OculusTouch_v2/BaseTexture.uasset" 4030
"../../Plugins/Runtime/OpenXR/Content/Devices/OculusTouch_v2/MRTexture.uasset" 4031
"/OpenXR/Devices/OculusTouch_v2/Right/right_OculusTouch_v2Controller" 4032
"../../Plugins/Runtime/OpenXR/Content/Devices/OculusTouch_v2/Right/right_OculusTouch_v2Controller.uasset" 4033
"/OpenXR/Devices/OculusTouch_v3/Left/left_OculusTouch_v3Controller" 4034
"../../Plugins/Runtime/OpenXR/Content/Devices/OculusTouch_v3/Left/left_OculusTouch_v3Controller.uasset" 4035
"../../Plugins/Runtime/OpenXR/Content/Devices/OculusTouch_v3/MI_OculusTouch_v3.uasset" 4036
"../../Plugins/Runtime/OpenXR/Content/Devices/OculusTouch_v3/BaseTexture.uasset" 4037
"../../Plugins/Runtime/OpenXR/Content/Devices/OculusTouch_v3/MRTexture.uasset" 4038
"/OpenXR/Devices/OculusTouch_v3/Right/right_OculusTouch_v3Controller" 4039
"../../Plugins/Runtime/OpenXR/Content/Devices/OculusTouch_v3/Right/right_OculusTouch_v3Controller.uasset" 4040
"/CineCameraRigs/AttachMount/SM_CineCameraAttachMount_PreviewMesh" 4041
"../../Plugins/Experimental/CineCameraRigs/Content/AttachMount/SM_CineCameraAttachMount_PreviewMesh.uasset" 4042
"../../Plugins/Experimental/CineCameraRigs/Content/AttachMount/M_CineCameraAttachMount_Preview.uasset" 4043
"../../Plugins/Experimental/CineCameraRigs/Content/AttachMount/M_CineCameraAttachMount_PreviewBack.uasset" 4044
"/CineCameraRigs/RigRail/M_RigRail" 4045
"../../Plugins/Experimental/CineCameraRigs/Content/RigRail/M_RigRail.uasset" 4046
"C:/Users/varghesechac/AppData/Local/UnrealEngine/Common/DerivedDataCache/Buckets/StaticMesh/e1/3d/d4657980b071ad1714e002d18264dbf3cd25.udd" 4047
"../../Plugins/Experimental/CineCameraRigs/Content/RigRail/T_RigRailDefault.uasset" 4048
"C:/Users/varghesechac/AppData/Local/UnrealEngine/Common/DerivedDataCache/Buckets/LegacyDIST/5b/a7/2615ea56bc1ea88c1ca8c70900863da4540b.udd" 4049
"C:/Users/varghesechac/AppData/Local/UnrealEngine/Common/DerivedDataCache/Buckets/LegacyCARD/84/53/bd4833aba4262839a6193cf6cff94e62e637.udd" 4050
"C:/Users/varghesechac/AppData/Local/UnrealEngine/Common/DerivedDataCache/Buckets/LegacyNavCollision/40/f8/8cd2a3443abb8c7a8b3250cd95f62c09aed5.udd" 4051
"/MeshModelingToolsetExp/Materials/PointSetOverlaidComponentMaterial" 4052
"../../Plugins/Experimental/MeshModelingToolsetExp/Content/Materials/PointSetOverlaidComponentMaterial.uasset" 4053
"../../../Engine/Content/Functions/Engine_MaterialFunctions02/Utility/FOV.uasset" 4054
"../../../Engine/Content/Functions/Engine_MaterialFunctions02/WorldPositionOffset/V2/ObjectScale.uasset" 4055
"../../../Engine/Content/Functions/Engine_MaterialFunctions03/Viewport/MF_OrthoWidth.uasset" 4056
"../../Plugins/Experimental/MeshModelingToolsetExp/Content/Materials/GetDisplacementVectorForDepthBias.uasset" 4057
"/MeshModelingToolsetExp/Materials/LineSetOverlaidComponentMaterial" 4058
"../../Plugins/Experimental/MeshModelingToolsetExp/Content/Materials/LineSetOverlaidComponentMaterial.uasset" 4059
"../../../Engine/Content/Functions/Engine_MaterialFunctions02/Math/ProjectVectorOntoPlane.uasset" 4060
"../../../Engine/Content/Functions/Engine_MaterialFunctions02/SafeNormalize.uasset" 4061
"/Landmass/Landscape/BlueprintBrushes/Materials/Internal/BrushBounds" 4062
"../../Plugins/Experimental/Landmass/Content/Landscape/BlueprintBrushes/Materials/Internal/BrushBounds.uasset" 4063
"../../../Engine/Content/EditorMaterials/TilingAAGrid.uasset" 4064
"../../../Engine/Content/EditorMaterials/TilingAALineBoxFiltered.uasset" 4065
"../../../Engine/Content/EditorMaterials/TilingAALineIntegral.uasset" 4066
"../../../Engine/Content/Functions/Engine_MaterialFunctions01/ImageAdjustment/SCurve.uasset" 4067
"../../../Engine/Content/Functions/Engine_MaterialFunctions03/Blends/Blend_Screen.uasset" 4068
"../../../Engine/Content/Functions/Engine_MaterialFunctions03/Procedurals/ComputeFilterWidth.uasset" 4069
"../../Plugins/Experimental/Landmass/Content/Landscape/BlueprintBrushes/Materials/BrushMaterials/BasicFunctions/LandmassBrush_ShapeMask.uasset" 4070
"../../Plugins/Experimental/Landmass/Content/Landscape/BlueprintBrushes/MF/Landmass_BrushTilt.uasset" 4071
"../../Plugins/Experimental/Landmass/Content/Landscape/BlueprintBrushes/MF/LandmassBrush_EdgeFalloff.uasset" 4072
"../../Plugins/Experimental/Landmass/Content/Landscape/BlueprintBrushes/MF/LandmassBrush_Noise.uasset" 4073
"../../Plugins/Experimental/Landmass/Content/Landscape/BlueprintBrushes/MF/LandmassBrush_UVs.uasset" 4074
"../../Plugins/Experimental/Landmass/Content/Landscape/BlueprintBrushes/MF/PointSampleLandscapeUVs.uasset" 4075
"../../Plugins/Experimental/Landmass/Content/Landscape/OldPrototype_BP/Mats/MF/UnpackRG8Height.uasset" 4076
"../../Plugins/Experimental/Landmass/Content/Landscape/BlueprintBrushes/MPC/MPC_Landscape.uasset" 4077
"../../../Engine/Content/EngineMaterials/BlendFunc_DefBase.uasset" 4078
"../../../Engine/Content/EngineMaterials/BlendFunc_DefBlend.uasset" 4079
"../../../Engine/Content/EngineResources/Black_Low.uasset" 4080
"/Landmass/Landscape/Meshes/S_SpritePlane" 4081
"../../Plugins/Experimental/Landmass/Content/Landscape/Meshes/S_SpritePlane.uasset" 4082
"/Landmass/Landscape/BlueprintBrushes/Materials/Sprite/M_BrushSprite_01" 4083
"../../Plugins/Experimental/Landmass/Content/Landscape/BlueprintBrushes/Materials/Sprite/M_BrushSprite_01.uasset" 4084
"../../../Engine/Content/Functions/Engine_MaterialFunctions02/WorldPositionOffset/ComponentPivotLocation.uasset" 4085
"../../../Engine/Content/Functions/Engine_MaterialFunctions02/WorldPositionOffset/Sprite.uasset" 4086
"/Composure/Materials/ReplaceTonemapper/ComposureReplaceTonemapperByTexture" 4087
"../../Plugins/Compositing/Composure/Content/Materials/ReplaceTonemapper/ComposureReplaceTonemapperByTexture.uasset" 4088
"/Composure/Materials/ReplaceTonemapper/ComposureReplaceTonemapperComposeBloom" 4089
"../../Plugins/Compositing/Composure/Content/Materials/ReplaceTonemapper/ComposureReplaceTonemapperComposeBloom.uasset" 4090
"/Composure/Textures/Debug/T_CompilerError" 4091
"../../Plugins/Compositing/Composure/Content/Textures/Debug/T_CompilerError.uasset" 4092
"/Composure/Materials/PassSetup/ComposureBeforeTranslucencySetBlack" 4093
"../../Plugins/Compositing/Composure/Content/Materials/PassSetup/ComposureBeforeTranslucencySetBlack.uasset" 4094
"/Composure/Materials/PassSetup/ComposureSimpleSetupMaterial" 4095
"../../Plugins/Compositing/Composure/Content/Materials/PassSetup/ComposureSimpleSetupMaterial.uasset" 4096
"/Composure/Textures/Debug/T_DisabledElement" 4097
"../../Plugins/Compositing/Composure/Content/Textures/Debug/T_DisabledElement.uasset" 4098
"/Composure/Textures/Debug/T_EmptyElement" 4099
"../../Plugins/Compositing/Composure/Content/Textures/Debug/T_EmptyElement.uasset" 4100
"/Composure/Textures/Debug/T_SuspendedElement" 4101
"../../Plugins/Compositing/Composure/Content/Textures/Debug/T_SuspendedElement.uasset" 4102
"/Composure/Materials/Media/M_VideoPlateDefault" 4103
"../../Plugins/Compositing/Composure/Content/Materials/Media/M_VideoPlateDefault.uasset" 4104
"../../Plugins/Compositing/Composure/Content/Materials/Media/T_EmptyMediaTexture.uasset" 4105
"/Composure/Materials/Media/M_StaticVideoPlateDebug" 4106
"../../Plugins/Compositing/Composure/Content/Materials/Media/M_StaticVideoPlateDebug.uasset" 4107
"../../../Engine/Content/Functions/Engine_MaterialFunctions02/PivotPainter2/Black_1x1_EXR_Texture.uasset" 4108
"/Composure/Materials/ChromaKeying/M_SinglePassChromaKeyer" 4109
"../../Plugins/Compositing/Composure/Content/Materials/ChromaKeying/M_SinglePassChromaKeyer.uasset" 4110
"../../Plugins/Compositing/ComposureShared/Content/Materials/ChromaKeying/M_SinglePassChromaKeyer.uasset" 4111
"../../Plugins/Compositing/Composure/Content/Materials/Compositing/Radial.uasset" 4112
"../../Plugins/Compositing/ComposureShared/Content/Materials/ChromaKeying/Bias.uasset" 4113
"../../Plugins/Compositing/ComposureShared/Content/Materials/ChromaKeying/MF_KeyColorMask.uasset" 4114
"../../../Engine/Content/Functions/Engine_MaterialFunctions01/Chromakeying/DespillByAvg.uasset" 4115
"../../../Engine/Content/Functions/Engine_MaterialFunctions02/SmoothStep.uasset" 4116
"/Composure/Materials/ChromaKeying/M_SinglePassDespill" 4117
"../../Plugins/Compositing/Composure/Content/Materials/ChromaKeying/M_SinglePassDespill.uasset" 4118
"../../Plugins/Compositing/ComposureShared/Content/Materials/ChromaKeying/M_SinglePassDespill.uasset" 4119
"../../Plugins/Compositing/ComposureShared/Content/Materials/Compositing/PreMult.uasset" 4120
"../../Plugins/Compositing/ComposureShared/Content/Materials/Compositing/UnpreMult.uasset" 4121
"../../../Engine/Content/Functions/Engine_MaterialFunctions01/Chromakeying/RGBtoHSV.uasset" 4122
"/Composure/Materials/Compositing/M_AlphaScale" 4123
"../../Plugins/Compositing/Composure/Content/Materials/Compositing/M_AlphaScale.uasset" 4124
"/SpeedTreeImporter/SpeedTree9/SpeedTreeMaster" 4125
"../../Plugins/Editor/SpeedTreeImporter/Content/SpeedTree9/SpeedTreeMaster.uasset" 4126
"../../../Engine/Content/Functions/Engine_MaterialFunctions02/ObjectLocalBounds.uasset" 4127
"../../../Engine/Content/Functions/Engine_MaterialFunctions02/UVs/BoundingBoxBased_0-1_UVW.uasset" 4128
"../../Plugins/Editor/SpeedTreeImporter/Content/SpeedTree9/SpeedTreeBranchMotion.uasset" 4129
"../../Plugins/Editor/SpeedTreeImporter/Content/SpeedTree9/SpeedTreeCameraFacing.uasset" 4130
"../../Plugins/Editor/SpeedTreeImporter/Content/SpeedTree9/SpeedTreeWind.uasset" 4131
"../../Plugins/Editor/SpeedTreeImporter/Content/SpeedTree9/SpeedTreeWindMotion.uasset" 4132
"../../Plugins/Editor/SpeedTreeImporter/Content/SpeedTree9/UnpackDirection.uasset" 4133
"../../Plugins/Editor/SpeedTreeImporter/Content/SpeedTree9/UnpackInteger3.uasset" 4134
"../../Plugins/Editor/SpeedTreeImporter/Content/SpeedTree9/Empty.uasset" 4135
"../../Plugins/Editor/SpeedTreeImporter/Content/SpeedTree9/EmptyNormal.uasset" 4136
"../../Plugins/Editor/SpeedTreeImporter/Content/SpeedTree9/game_wind_noise.uasset" 4137
"/SpeedTreeImporter/SpeedTree9/SpeedTreeBillboardMaster" 4138
"../../Plugins/Editor/SpeedTreeImporter/Content/SpeedTree9/SpeedTreeBillboardMaster.uasset" 4139
"../../Plugins/Editor/SpeedTreeImporter/Content/SpeedTree9/SpeedTreeBillboard.uasset" 4140
"/Engine/MaterialTemplates/Gradients/Gradient_Linear" 4141
"../../../Engine/Content/MaterialTemplates/Gradients/Gradient_Linear.uasset" 4142
"/Engine/MaterialTemplates/Gradients/Gradient_Radial" 4143
"../../../Engine/Content/MaterialTemplates/Gradients/Gradient_Radial.uasset" 4144
"../../../Engine/Plugins/VirtualProduction/VirtualCameraCore/Config/DefaultVCamInputSettings.ini" 4145
"/MediaFrameworkUtilities/M_BaseMediaBundle" 4146
"../../Plugins/Media/MediaFrameworkUtilities/Content/M_BaseMediaBundle.uasset" 4147
"../../../Engine/Content/MaterialTemplates/Chromakeying/MF_Chromakeyer.uasset" 4148
"../../Plugins/Compositing/OpenCVLensDistortion/Content/Materials/MF_UVLensDisplacement.uasset" 4149
"../../Plugins/Compositing/OpenCVLensDistortion/Content/Materials/MF_UVOutOfBoundMask.uasset" 4150
"../../Plugins/Media/MediaFrameworkUtilities/Content/T_DefaultBundle.uasset" 4151
"../../Plugins/Media/MediaFrameworkUtilities/Content/T_VideoInputFailed.uasset" 4152
"../../../Engine/Content/Functions/Engine_MaterialFunctions01/Chromakeying/DespillManual.uasset" 4153
"../../../Engine/Content/Functions/Engine_MaterialFunctions01/ImageAdjustment/ColorCorrection.uasset" 4154
"../../../Engine/Content/Functions/Engine_MaterialFunctions01/Opacity/Chroma_Key_Alpha.uasset" 4155
"../../../Engine/Content/Functions/Engine_MaterialFunctions01/Texturing/UVCropping.uasset" 4156
"/MediaFrameworkUtilities/BP_MediaBundle_Plane_16-9" 4157
"../../Plugins/Media/MediaFrameworkUtilities/Content/BP_MediaBundle_Plane_16-9.uasset" 4158
"../../Plugins/Media/MediaFrameworkUtilities/Content/M_DefaultMedia.uasset" 4159
"../../Plugins/Media/MediaFrameworkUtilities/Content/T_DefaultMedia.uasset" 4160
"/MediaPlate/SM_MediaPlateScreen" 4161
"../../Plugins/Media/MediaPlate/Content/SM_MediaPlateScreen.uasset" 4162
"/Engine/BasicShapes/BasicShapeMaterial" 4163
"../../../Engine/Content/BasicShapes/BasicShapeMaterial.uasset" 4164
"/Engine/EditorMaterials/Dataflow/DataflowVertexMaterial" 4165
"../../../Engine/Content/EditorMaterials/Dataflow/DataflowVertexMaterial.uasset" 4166
"/Engine/EditorMaterials/Dataflow/DataflowTwoSidedVertexMaterial" 4167
"../../../Engine/Content/EditorMaterials/Dataflow/DataflowTwoSidedVertexMaterial.uasset" 4168
"/Engine/EditorLandscapeResources/LayerVisMaterial" 4169
"../../../Engine/Content/EditorLandscapeResources/LayerVisMaterial.uasset" 4170
"/Engine/EditorLandscapeResources/SelectBrushMaterial_Selected" 4171
"../../../Engine/Content/EditorLandscapeResources/SelectBrushMaterial_Selected.uasset" 4172
"../../../Engine/Content/EditorLandscapeResources/SelectBrushMaterial.uasset" 4173
"../../../Engine/Content/Functions/Engine_MaterialFunctions03/Math/WithinRangeFloat2.uasset" 4174
"/Engine/EditorLandscapeResources/SelectBrushMaterial_SelectedRegion" 4175
"../../../Engine/Content/EditorLandscapeResources/SelectBrushMaterial_SelectedRegion.uasset" 4176
"/Engine/EditorLandscapeResources/MaskBrushMaterial_MaskedRegion" 4177
"../../../Engine/Content/EditorLandscapeResources/MaskBrushMaterial_MaskedRegion.uasset" 4178
"../../../Engine/Content/EditorLandscapeResources/MaskBrushMaterial.uasset" 4179
"/Engine/EditorLandscapeResources/ColorMaskBrushMaterial_MaskedRegion" 4180
"../../../Engine/Content/EditorLandscapeResources/ColorMaskBrushMaterial_MaskedRegion.uasset" 4181
"../../../Engine/Content/EditorLandscapeResources/ColorMaskBrushMaterial.uasset" 4182
"/Engine/EditorLandscapeResources/LandscapeDirtyMaterial" 4183
"../../../Engine/Content/EditorLandscapeResources/LandscapeDirtyMaterial.uasset" 4184
"/Engine/EditorLandscapeResources/LandscapeLayerUsageMaterial" 4185
"../../../Engine/Content/EditorLandscapeResources/LandscapeLayerUsageMaterial.uasset" 4186
"../../../Engine/Content/Functions/Engine_MaterialFunctions01/Debug/DebugIntValues.uasset" 4187
"../../../Engine/Content/Functions/Engine_MaterialFunctions01/Texturing/ScaleUVsByCenter.uasset" 4188
"../../../Engine/Content/Functions/Engine_MaterialFunctions01/Texturing/TextureCropping.uasset" 4189
"../../../Engine/Content/Functions/Engine_MaterialFunctions02/ExampleContent/DebugNumberStrip.uasset" 4190
"C:/Users/varghesechac/AppData/Local/UnrealEngine/Editor/UInteractiveToolsPresetCollectionAsset_DefaultCollection.json" 4191
"/Engine/EngineMaterials/NaniteHiddenSectionMaterial" 4192
"../../../Engine/Content/EngineMaterials/NaniteHiddenSectionMaterial.uasset" 4193
"/Engine/EngineMaterials/RemoveSurfaceMaterial" 4194
"../../../Engine/Content/EngineMaterials/RemoveSurfaceMaterial.uasset" 4195
"/Engine/EngineDebugMaterials/DebugMeshMaterial" 4196
"../../../Engine/Content/EngineDebugMaterials/DebugMeshMaterial.uasset" 4197
"/Engine/EngineMaterials/EmissiveMeshMaterial" 4198
"../../../Engine/Content/EngineMaterials/EmissiveMeshMaterial.uasset" 4199
"../../../Engine/Content/EngineMaterials/DefaultWhiteGrid_Low.uasset" 4200
"/Engine/EngineMaterials/M_InvalidLightmapSettings" 4201
"../../../Engine/Content/EngineMaterials/M_InvalidLightmapSettings.uasset" 4202
"../../../Engine/Content/EngineMaterials/InvalidLightmapSettings.uasset" 4203
"/Engine/EngineMaterials/PhAT_JointLimitMaterial" 4204
"../../../Engine/Content/EngineMaterials/PhAT_JointLimitMaterial.uasset" 4205
"/Engine/EngineMaterials/FlattenMaterial" 4206
"../../../Engine/Content/EngineMaterials/FlattenMaterial.uasset" 4207
"../../../Engine/Content/EngineMaterials/BaseFlattenDiffuseMap.uasset" 4208
"../../../Engine/Content/EngineMaterials/BaseFlattenEmissiveMap.uasset" 4209
"../../../Engine/Content/EngineMaterials/BaseFlattenGrayscaleMap.uasset" 4210
"../../../Engine/Content/EngineMaterials/BaseFlattenLinearColor.uasset" 4211
"/Engine/EngineMaterials/FlattenMaterial_VT" 4212
"../../../Engine/Content/EngineMaterials/FlattenMaterial_VT.uasset" 4213
"../../../Engine/Content/EngineMaterials/BaseFlattenDiffuseMap_VT.uasset" 4214
"../../../Engine/Content/EngineMaterials/BaseFlattenEmissiveMap_VT.uasset" 4215
"../../../Engine/Content/EngineMaterials/BaseFlattenGrayscaleMap_VT.uasset" 4216
"../../../Engine/Content/EngineMaterials/BaseFlattenLinearColor_VT.uasset" 4217
"../../../Engine/Content/EngineMaterials/BaseFlattenNormalMap_VT.uasset" 4218
"../../../Engine/Content/EngineMaterials/Black_1x1_EXR_Texture_VT.uasset" 4219
"/Engine/EngineMaterials/FlattenMaterial_WS_Normal_VT" 4220
"../../../Engine/Content/EngineMaterials/FlattenMaterial_WS_Normal_VT.uasset" 4221
"/Engine/EngineMaterials/Good64x64TilingNoiseHighFreq" 4222
"../../../Engine/Content/EngineMaterials/Good64x64TilingNoiseHighFreq.uasset" 4223
"/Engine/EngineMaterials/DefaultBokeh" 4224
"../../../Engine/Content/EngineMaterials/DefaultBokeh.uasset" 4225
"/Engine/EngineMaterials/MiniFont" 4226
"../../../Engine/Content/EngineMaterials/MiniFont.uasset" 4227
"/Engine/EngineMaterials/WeightMapPlaceholderTexture" 4228
"../../../Engine/Content/EngineMaterials/WeightMapPlaceholderTexture.uasset" 4229
"/Engine/EngineMaterials/WeightMapArrayPlaceholderTexture" 4230
"../../../Engine/Content/EngineMaterials/WeightMapArrayPlaceholderTexture.uasset" 4231
"/Engine/EngineMaterials/DefaultWhiteGrid" 4232
"../../../Engine/Content/EngineMaterials/DefaultWhiteGrid.uasset" 4233
"/Engine/EngineMaterials/PreintegratedSkinBRDF" 4234
"../../../Engine/Content/EngineMaterials/PreintegratedSkinBRDF.uasset" 4235
"/Engine/EngineMaterials/LTC/GGX_LTCAmp" 4236
"../../../Engine/Content/EngineMaterials/LTC/GGX_LTCAmp.uasset" 4237
"/Engine/EngineMaterials/LTC/GGX_LTCMat" 4238
"../../../Engine/Content/EngineMaterials/LTC/GGX_LTCMat.uasset" 4239
"/Engine/EngineMaterials/LTC/Sheen_LTC" 4240
"../../../Engine/Content/EngineMaterials/LTC/Sheen_LTC.uasset" 4241
"/Engine/EngineMaterials/EnergyConservation/GGX_ReflectionEnergy" 4242
"../../../Engine/Content/EngineMaterials/EnergyConservation/GGX_ReflectionEnergy.uasset" 4243
"/Engine/EngineMaterials/EnergyConservation/GGX_MaxSpecEnergy" 4244
"../../../Engine/Content/EngineMaterials/EnergyConservation/GGX_MaxSpecEnergy.uasset" 4245
"/Engine/EngineMaterials/EnergyConservation/GGX_TransmissionEnergyArray" 4246
"../../../Engine/Content/EngineMaterials/EnergyConservation/GGX_TransmissionEnergyArray.uasset" 4247
"/Engine/EngineMaterials/EnergyConservation/Sheen_Energy" 4248
"../../../Engine/Content/EngineMaterials/EnergyConservation/Sheen_Energy.uasset" 4249
"/Engine/EngineMaterials/EnergyConservation/Diffuse_Energy" 4250
"../../../Engine/Content/EngineMaterials/EnergyConservation/Diffuse_Energy.uasset" 4251
"/Engine/EngineMaterials/DefaultPhysicalMaterial" 4252
"../../../Engine/Content/EngineMaterials/DefaultPhysicalMaterial.uasset" 4253
"/Engine/EngineMaterials/DefaultDestructiblePhysicalMaterial" 4254
"../../../Engine/Content/EngineMaterials/DefaultDestructiblePhysicalMaterial.uasset" 4255
"/Water/Materials/MPC/MPC_Water" 4256
"../../Plugins/Experimental/Water/Content/Materials/MPC/MPC_Water.uasset" 4257
"/Niagara/ParameterDefinitions/CoreParameters" 4258
"../../Plugins/FX/Niagara/Content/ParameterDefinitions/CoreParameters.uasset" 4259
"/Niagara/ParameterDefinitions/DecalRenderer" 4260
"../../Plugins/FX/Niagara/Content/ParameterDefinitions/DecalRenderer.uasset" 4261
"/Niagara/ParameterDefinitions/LightRenderer" 4262
"../../Plugins/FX/Niagara/Content/ParameterDefinitions/LightRenderer.uasset" 4263
"/Niagara/ParameterDefinitions/MeshRenderer" 4264
"../../Plugins/FX/Niagara/Content/ParameterDefinitions/MeshRenderer.uasset" 4265
"/Niagara/ParameterDefinitions/RibbonRenderer" 4266
"../../Plugins/FX/Niagara/Content/ParameterDefinitions/RibbonRenderer.uasset" 4267
"/Niagara/ParameterDefinitions/SpriteRenderer" 4268
"../../Plugins/FX/Niagara/Content/ParameterDefinitions/SpriteRenderer.uasset" 4269
"/DeformerGraph/Deformers/DG_LinearBlendSkin_Morph_Cloth" 4270
"../../Plugins/Animation/DeformerGraph/Content/Deformers/DG_LinearBlendSkin_Morph_Cloth.uasset" 4271
"../../Plugins/Animation/DeformerGraph/Content/DeformerFunctions/DG_Function_LinearBlendSkin_Morph_Cloth.uasset" 4272
"/DeformerGraph/Deformers/DG_LinearBlendSkin_Morph_Cloth_RecomputeNormals" 4273
"../../Plugins/Animation/DeformerGraph/Content/Deformers/DG_LinearBlendSkin_Morph_Cloth_RecomputeNormals.uasset" 4274
"../../Plugins/Animation/DeformerGraph/Content/DeformerFunctions/DG_Function_ComputeNormalsTangents.uasset" 4275
"../../Plugins/Animation/DeformerGraph/Content/DeformerFunctions/DG_Function_LinearBlendSkin_Morph_Cloth_PositionOnly.uasset" 4276
"/HDRIBackdrop/Blueprints/HDRIBackdrop" 4277
"../../Plugins/Runtime/HDRIBackdrop/Content/Blueprints/HDRIBackdrop.uasset" 4278
"../../Plugins/Runtime/HDRIBackdrop/Content/Materials/MI_HDRI_Floor.uasset" 4279
"../../Plugins/Runtime/HDRIBackdrop/Content/Materials/MI_HDRI_Sky.uasset" 4280
"../../Plugins/Runtime/HDRIBackdrop/Content/Meshes/EnviroDome.uasset" 4281
"../../Plugins/Runtime/HDRIBackdrop/Content/Textures/approaching_storm_4k.uasset" 4282
"../../Plugins/Runtime/HDRIBackdrop/Content/Materials/HDRI_Projection_Floor.uasset" 4283
"../../Plugins/Runtime/HDRIBackdrop/Content/Materials/HDRI_Projection_Sky.uasset" 4284
"../../../Engine/Content/Functions/Engine_MaterialFunctions02/WorldPositionOffset/ObjectPivotPoint.uasset" 4285
"../../Plugins/Runtime/HDRIBackdrop/Content/Materials/HDRI_Attributes.uasset" 4286
"C:/Users/varghesechac/AppData/Local/UnrealEngine/Common/DerivedDataCache/Buckets/LegacyDIST/5b/35/e3201c4d8d01de0e8dc832abc43b54ff6502.udd" 4287
"C:/Users/varghesechac/AppData/Local/UnrealEngine/Common/DerivedDataCache/Buckets/LegacyCARD/f9/61/994724be96703d3fabf321763e994e95d9aa.udd" 4288
"/SunPosition/SunSky" 4289
"../../Plugins/Runtime/SunPosition/Content/SunSky.uasset" 4290
"../../../Engine/Content/EditorBlueprintResources/StandardMacros.uasset" 4291
"../../../Engine/Content/EngineSky/BP_Sky_Sphere.uasset" 4292
"../../Plugins/Runtime/SunPosition/Content/Editor/SM_Compass.uasset" 4293
"../../../Engine/Content/EngineSky/C_Sky_Cloud_Color.uasset" 4294
"../../../Engine/Content/EngineSky/C_Sky_Horizon_Color.uasset" 4295
"../../../Engine/Content/EngineSky/C_Sky_Zenith_Color.uasset" 4296
"../../../Engine/Content/EngineSky/M_Sky_Panning_Clouds2.uasset" 4297
"../../../Engine/Content/EngineSky/SM_SkySphere.uasset" 4298
"../../Plugins/Runtime/SunPosition/Content/Editor/MI_ArrowColorGrey.uasset" 4299
"../../Plugins/Runtime/SunPosition/Content/Editor/MI_ArrowColorRed.uasset" 4300
"../../../Engine/Content/EngineSky/T_Sky_Blue.uasset" 4301
"../../../Engine/Content/EngineSky/T_Sky_Clouds_M.uasset" 4302
"../../../Engine/Content/EngineSky/T_Sky_Stars.uasset" 4303
"../../Plugins/Runtime/SunPosition/Content/Editor/M_ArrowColor.uasset" 4304
"/Water/Curves/FloatCurve" 4305
"../../Plugins/Experimental/Water/Content/Curves/FloatCurve.uasset" 4306
"/Water/Curves/FloatCurve_WaterBodyIsland" 4307
"../../Plugins/Experimental/Water/Content/Curves/FloatCurve_WaterBodyIsland.uasset" 4308
"/Water/Waves/GerstnerWaves_Lake" 4309
"../../Plugins/Experimental/Water/Content/Waves/GerstnerWaves_Lake.uasset" 4310
"/Water/Waves/GerstnerWaves_Ocean" 4311
"../../Plugins/Experimental/Water/Content/Waves/GerstnerWaves_Ocean.uasset" 4312
"/Water/Icons/WaterSprite" 4313
"../../Plugins/Experimental/Water/Content/Icons/WaterSprite.uasset" 4314
"/Water/Icons/WaterErrorSprite" 4315
"../../Plugins/Experimental/Water/Content/Icons/WaterErrorSprite.uasset" 4316
"/Water/Icons/WaterLandscapeBrushSprite" 4317
"../../Plugins/Experimental/Water/Content/Icons/WaterLandscapeBrushSprite.uasset" 4318
"/VirtualCamera/VCamActor" 4319
"/Engine/EditorResources/SequenceRecorder/Countdown" 4320
"../../../Engine/Content/EditorResources/SequenceRecorder/Countdown.uasset" 4321
"/Engine/EditorResources/SequenceRecorder/RecordingIndicator" 4322
"../../../Engine/Content/EditorResources/SequenceRecorder/RecordingIndicator.uasset" 4323
"/Engine/EditorMaterials/PhAT_UnselectedMaterial" 4324
"../../../Engine/Content/EditorMaterials/PhAT_UnselectedMaterial.uasset" 4325
"/Engine/EditorMaterials/PhAT_NoCollisionMaterial" 4326
"../../../Engine/Content/EditorMaterials/PhAT_NoCollisionMaterial.uasset" 4327
"../../../Engine/Plugins/FX/Niagara/Shaders/Private/NiagaraDataInterfaceTexture2DArrayTemplate.ush" 4328
"../../../Engine/Plugins/FX/Niagara/Shaders/Private/NiagaraDataInterfaceActorComponentTemplate.ush" 4329
"../../../Engine/Plugins/FX/Niagara/Shaders/Private/NiagaraDataInterfaceArrayTemplate.ush" 4330
"../../../Engine/Plugins/FX/Niagara/Shaders/Private/NiagaraDataInterfaceArrayRWTemplate.ush" 4331
"../../../Engine/Plugins/FX/Niagara/Shaders/Private/NiagaraDataInterfaceArrayDistributionIntTemplate.ush" 4332
"../../../Engine/Plugins/FX/Niagara/Shaders/Private/NiagaraDataInterfaceAsyncGpuTrace.ush" 4333
"../../../Engine/Shaders/Public/Platform/Metal/MetalCommon.ush" 4334
"../../../Engine/Shaders/Public/Platform/Vulkan/VulkanCommon.ush" 4335
"../../../Engine/Shaders/Public/Platform/GL/GLCommon.ush" 4336
"../../../Engine/Plugins/FX/Niagara/Shaders/Private/NiagaraDataInterfaceAsyncGpuTraceTemplate.ush" 4337
"../../../Engine/Plugins/FX/Niagara/Shaders/Private/NiagaraDataInterfaceAudioCommon.ush" 4338
"../../../Engine/Plugins/FX/Niagara/Shaders/Private/NiagaraDataInterfaceAudioOscilloscopeTemplate.ush" 4339
"../../../Engine/Plugins/FX/Niagara/Shaders/Private/NiagaraDataInterfaceAudioSpectrumTemplate.ush" 4340
"../../../Engine/Plugins/FX/Niagara/Shaders/Private/NiagaraDataInterfaceCamera.ush" 4341
"../../../Engine/Plugins/Experimental/ChaosNiagara/Shaders/NiagaraDataInterfaceChaosDestruction.ush" 4342
"../../../Engine/Plugins/FX/Niagara/Shaders/Private/NiagaraDataInterfaceCollisionQuery.ush" 4343
"../../../Engine/Shaders/Public/Platform/Vulkan/VulkanSubpassSupport.ush" 4344
"../../../Engine/Shaders/Public/Platform/GL/GLSubpassSupport.ush" 4345
"../../../Engine/Shaders/Public/Platform/Metal/MetalSubpassSupport.ush" 4346
"../../../Engine/Plugins/FX/Niagara/Shaders/Private/NiagaraDataInterfaceCollisionQueryTemplate.ush" 4347
"../../../Engine/Plugins/FX/Niagara/Shaders/Private/NiagaraDataInterfaceCurveTemplate.ush" 4348
"../../../Engine/Plugins/FX/Niagara/Shaders/Private/NiagaraDataInterfaceCubeTextureTemplate.ush" 4349
"../../../Engine/Plugins/FX/Niagara/Shaders/Private/DataChannel/NiagaraDataInterfaceDataChannelCommon.ush" 4350
"../../../Engine/Plugins/FX/Niagara/Shaders/Private/DataChannel/NiagaraDataInterfaceDataChannelTemplateCommon.ush" 4351
"../../../Engine/Plugins/FX/Niagara/Shaders/Private/DataChannel/NiagaraDataInterfaceDataChannelTemplateReadCommon.ush" 4352
"../../../Engine/Plugins/FX/Niagara/Shaders/Private/DataChannel/NiagaraDataInterfaceDataChannelTemplate_Read.ush" 4353
"../../../Engine/Plugins/FX/Niagara/Shaders/Private/DataChannel/NiagaraDataInterfaceDataChannelTemplate_Consume.ush" 4354
"../../../Engine/Plugins/FX/Niagara/Shaders/Private/DataChannel/NiagaraDataInterfaceDataChannelTemplateWriteCommon.ush" 4355
"../../../Engine/Plugins/FX/Niagara/Shaders/Private/DataChannel/NiagaraDataInterfaceDataChannelTemplate_Append.ush" 4356
"../../../Engine/Plugins/FX/Niagara/Shaders/Private/NiagaraDataInterfaceDataTableTemplate.ush" 4357
"../../../Engine/Plugins/FX/Niagara/Shaders/Private/NiagaraDataInterfaceDebugDraw.ush" 4358
"../../../Engine/Plugins/FX/Niagara/Shaders/Private/NiagaraDataInterfaceDebugDrawTemplate.ush" 4359
"../../../Engine/Plugins/FX/Niagara/Shaders/Private/NiagaraDataInterfaceDynamicMeshTemplate.ush" 4360
"../../../Engine/Plugins/FX/Niagara/Shaders/Private/NiagaraDataInterfaceEmitterPropertiesTemplate.ush" 4361
"../../../Engine/Plugins/FX/Niagara/Shaders/Private/NiagaraDataInterfaceExportTemplate.ush" 4362
"../../../Engine/Plugins/FX/Niagara/Shaders/Private/NiagaraDataInterfaceGBufferTemplate.ush" 4363
"../../../Engine/Plugins/Experimental/ChaosNiagara/Shaders/NiagaraDataInterfaceGeometryCollection.ush" 4364
"../../../Engine/Plugins/FX/Niagara/Shaders/Private/NiagaraTransformUtils.ush" 4365
"../../../Engine/Plugins/Runtime/HairStrands/Shaders/Private/NiagaraStrandsExternalForce.ush" 4366
"../../../Engine/Plugins/Runtime/HairStrands/Shaders/Private/NiagaraHookeSpringMaterial.ush" 4367
"../../../Engine/Plugins/Runtime/HairStrands/Shaders/Private/NiagaraAngularSpringMaterial.ush" 4368
"../../../Engine/Plugins/Runtime/HairStrands/Shaders/Private/NiagaraConstantVolumeMaterial.ush" 4369
"../../../Engine/Plugins/Runtime/HairStrands/Shaders/Private/NiagaraCosseratRodMaterial.ush" 4370
"../../../Engine/Plugins/Runtime/HairStrands/Shaders/Private/NiagaraStaticCollisionConstraint.ush" 4371
"../../../Engine/Plugins/Runtime/HairStrands/Shaders/Private/NiagaraDataInterfaceHairStrands.ush" 4372
"../../../Engine/Plugins/Runtime/HairStrands/Shaders/Private/NiagaraDataInterfaceHairStrandsTemplate.ush" 4373
"../../../Engine/Plugins/FX/Niagara/Shaders/Private/NiagaraDataInterfaceIntRenderTarget2D.ush" 4374
"../../../Engine/Plugins/FX/Niagara/Shaders/Private/NiagaraDataInterfaceLandscape.ush" 4375
"../../../Engine/Plugins/FX/Niagara/Shaders/Private/NiagaraDataInterfaceMemoryBufferTemplate.ush" 4376
"../../../Engine/Plugins/FX/Niagara/Shaders/Private/NiagaraDataInterfaceMeshRendererInfoTemplate.ush" 4377
"../../../Engine/Plugins/FX/Niagara/Shaders/Private/NiagaraDataInterfaceNeighborQuery.ush" 4378
"../../../Engine/Plugins/FX/Niagara/Shaders/Private/NiagaraDataInterfaceOcclusion.ush" 4379
"../../../Engine/Plugins/FX/Niagara/Shaders/Private/NiagaraDataInterfacePhysicsAsset.ush" 4380
"../../../Engine/Plugins/Experimental/ChaosNiagara/Shaders/NiagaraDataInterfacePhysicsField.ush" 4381
"../../../Engine/Plugins/FX/Niagara/Shaders/Private/NiagaraDataInterfacePlatformSetTemplate.ush" 4382
"../../../Engine/Plugins/Runtime/HairStrands/Shaders/Private/NiagaraDataInterfaceVelocityGrid.ush" 4383
"../../../Engine/Plugins/Runtime/HairStrands/Shaders/Private/NiagaraDataInterfaceVelocityGridTemplate.ush" 4384
"../../../Engine/Plugins/Runtime/HairStrands/Shaders/Private/NiagaraDataInterfacePressureGrid.ush" 4385
"../../../Engine/Plugins/Runtime/HairStrands/Shaders/Private/NiagaraDataInterfacePressureGridTemplate.ush" 4386
"../../../Engine/Plugins/FX/Niagara/Shaders/Private/NiagaraDataInterfacePropertyInterfaceTemplate.ush" 4387
"../../../Engine/Plugins/FX/Niagara/Shaders/Private/NiagaraDataInterfaceRenderTarget2DTemplate.ush" 4388
"../../../Engine/Plugins/FX/Niagara/Shaders/Private/NiagaraDataInterfaceRenderTarget2DArrayTemplate.ush" 4389
"../../../Engine/Plugins/FX/Niagara/Shaders/Private/NiagaraDataInterfaceRenderTargetCubeTemplate.ush" 4390
"../../../Engine/Plugins/FX/Niagara/Shaders/Private/NiagaraDataInterfaceRenderTargetVolumeTemplate.ush" 4391
"../../../Engine/Plugins/FX/Niagara/Shaders/Private/NiagaraDataInterfaceRigidMeshCollisionQuery.ush" 4392
"../../../Engine/Plugins/FX/Niagara/Shaders/Private/NiagaraDistanceFieldQueries.ush" 4393
"../../../Engine/Plugins/FX/Niagara/Shaders/Private/NiagaraDataInterfaceSceneCapture2DTemplate.ush" 4394
"../../../Engine/Plugins/FX/Niagara/Shaders/Private/NiagaraDataInterfaceSimCacheReaderTemplate.ush" 4395
"../../../Engine/Plugins/FX/Niagara/Shaders/Private/NiagaraDataInterfaceSimpleCounterTemplate.ush" 4396
"../../../Engine/Plugins/FX/Niagara/Shaders/Private/NiagaraDataInterfaceSkeletalMesh.ush" 4397
"../../../Engine/Plugins/FX/Niagara/Shaders/Private/NiagaraBaryCentricUtils.ush" 4398
"../../../Engine/Plugins/FX/Niagara/Shaders/Private/NiagaraDataInterfaceSkeletalMeshTemplate.ush" 4399
"../../../Engine/Plugins/FX/Niagara/Shaders/Private/NiagaraDataInterfaceSocketReaderTemplate.ush" 4400
"../../../Engine/Plugins/FX/Niagara/Shaders/Private/NiagaraDataInterfaceSparseVolumeTextureTemplate.ush" 4401
"../../../Engine/Plugins/FX/Niagara/Shaders/Private/NiagaraDataInterfaceSplineTemplate.ush" 4402
"../../../Engine/Plugins/FX/Niagara/Shaders/Private/NiagaraDataInterfaceSpriteRendererInfoTemplate.ush" 4403
"../../../Engine/Plugins/FX/Niagara/Shaders/Private/NiagaraDataInterfaceStaticMeshTemplate.ush" 4404
"../../../Engine/Plugins/FX/Niagara/Shaders/Private/NiagaraDataInterfaceStaticMeshIndirectTemplate.ush" 4405
"../../../Engine/Plugins/FX/Niagara/Shaders/Private/NiagaraSharedDataGPU_StaticMesh.ush" 4406
"../../../Engine/Plugins/FX/Niagara/Shaders/Private/NiagaraDataInterfaceTextureTemplate.ush" 4407
"../../../Engine/Plugins/FX/Niagara/Shaders/Private/NiagaraDataInterfaceVirtualTexture.ush" 4408
"../../../Engine/Plugins/FX/Niagara/Shaders/Private/NiagaraDataInterfaceVirtualTextureTemplate.ush" 4409
"../../../Engine/Plugins/FX/Niagara/Shaders/Private/NiagaraDataInterfaceVirtualTextureSampleTemplate.ush" 4410
"../../../Engine/Plugins/FX/Niagara/Shaders/Private/NiagaraDataInterfaceVolumeCache.ush" 4411
"../../../Engine/Plugins/FX/Niagara/Shaders/Private/NiagaraDataInterfaceVolumeTextureTemplate.ush" 4412
"/VirtualScouting/Core/XRCreativeMode_Base" 4413
"../../Plugins/VirtualProduction/VirtualScouting/Content/Core/XRCreativeMode_Base.uasset" 4414
"/VirtualScouting/Core/Scouting_Basic" 4415
"../../Plugins/VirtualProduction/VirtualScouting/Content/Core/Scouting_Basic.uasset" 4416
"/VirtualScouting/Core/Scouting_Default" 4417
"../../Plugins/VirtualProduction/VirtualScouting/Content/Core/Scouting_Default.uasset" 4418
"C:/Users/varghesechac/AppData/Local/UnrealEngine/Common/DerivedDataCache/Buckets/FShaderJobCacheShaders/81/67/0a8d1cd3bae99cea7e205d5196e6939f3182.udd" 4419
"C:/Users/varghesechac/AppData/Local/UnrealEngine/Common/DerivedDataCache/Buckets/FShaderJobCacheShaders/c6/95/ac1db3f735348f433a4855a0ae5e65b6f8a6.udd" 4420
"C:/Users/varghesechac/AppData/Local/UnrealEngine/Common/DerivedDataCache/Buckets/FShaderJobCacheShaders/99/f6/4623947aaa69183e57c86fd4f6c828928e2a.udd" 4421
"C:/Users/varghesechac/AppData/Local/UnrealEngine/Common/DerivedDataCache/Buckets/FShaderJobCacheShaders/24/1d/2441856da6557ed4c98866d29985237a86f2.udd" 4422
"C:/Users/varghesechac/AppData/Local/UnrealEngine/Common/DerivedDataCache/Buckets/FShaderJobCacheShaders/11/93/fbda3b419356a82503cfafecbb9ead708177.udd" 4423
"C:/Users/varghesechac/AppData/Local/UnrealEngine/Common/DerivedDataCache/Buckets/FShaderJobCacheShaders/a3/37/e8da49763d5196392c195822ef0f37720914.udd" 4424
"C:/Users/varghesechac/AppData/Local/UnrealEngine/Common/DerivedDataCache/Buckets/FShaderJobCacheShaders/c4/68/ccef7897434d20484bab581f44e6b124462b.udd" 4425
"C:/Users/varghesechac/AppData/Local/UnrealEngine/Common/DerivedDataCache/Buckets/FShaderJobCacheShaders/9f/de/2540fd698f14750eb78f4bde8abf72cc0554.udd" 4426
"C:/Users/varghesechac/AppData/Local/UnrealEngine/Common/DerivedDataCache/Buckets/FShaderJobCacheShaders/ab/f9/d08ba3e13b0183cce5dc1ab13b997e6f5b9c.udd" 4427
"C:/Users/varghesechac/AppData/Local/UnrealEngine/Common/DerivedDataCache/Buckets/FShaderJobCacheShaders/77/d6/f9d774ea8a6075ead93034c2f7d929765792.udd" 4428
"C:/Users/varghesechac/AppData/Local/UnrealEngine/Common/DerivedDataCache/Buckets/FShaderJobCacheShaders/a1/b7/2220d6a0c75f81f2f709fb850c2388a2bfa5.udd" 4429
"C:/Users/varghesechac/AppData/Local/UnrealEngine/Common/DerivedDataCache/Buckets/FShaderJobCacheShaders/9b/9c/6a5f7499aa1cba38e70ec106b4984ebc4da3.udd" 4430
"C:/Users/varghesechac/AppData/Local/UnrealEngine/Common/DerivedDataCache/Buckets/FShaderJobCacheShaders/27/19/bbabb0696707e2c3ed220490c8cfccca2a78.udd" 4431
"C:/Users/varghesechac/AppData/Local/UnrealEngine/Common/DerivedDataCache/Buckets/FShaderJobCacheShaders/a2/0a/5b4e23eb509fdff242e71305a5b849755e13.udd" 4432
"C:/Users/varghesechac/AppData/Local/UnrealEngine/Common/DerivedDataCache/Buckets/FShaderJobCacheShaders/37/9f/df10cb9f4dab3f8bf829ef7f5599c426999a.udd" 4433
"C:/Users/varghesechac/AppData/Local/UnrealEngine/Common/DerivedDataCache/Buckets/FShaderJobCacheShaders/47/48/a6003a41e487eb4f67a62f08bf6372c41179.udd" 4434
"C:/Users/varghesechac/AppData/Local/UnrealEngine/Common/DerivedDataCache/Buckets/FShaderJobCacheShaders/42/d3/760cce2511576792228fd7760ae9a7a3e664.udd" 4435
"C:/Users/varghesechac/AppData/Local/UnrealEngine/Common/DerivedDataCache/Buckets/FShaderJobCacheShaders/78/d4/6349fed0f52afc603d1cb8bddf3f29d159d9.udd" 4436
"C:/Users/varghesechac/AppData/Local/UnrealEngine/Common/DerivedDataCache/Buckets/FShaderJobCacheShaders/77/38/847d39476c6f2e742687dcfd910e5dec3165.udd" 4437
"C:/Users/varghesechac/AppData/Local/UnrealEngine/Common/DerivedDataCache/Buckets/FShaderJobCacheShaders/4e/e5/c95edf4871376b1be1f9aa29213b27790689.udd" 4438
"C:/Users/varghesechac/AppData/Local/UnrealEngine/Common/DerivedDataCache/Buckets/FShaderJobCacheShaders/23/1b/2903a664ddd4b4e324c08f3c6121f5f2b142.udd" 4439
"C:/Users/varghesechac/AppData/Local/UnrealEngine/Common/DerivedDataCache/Buckets/FShaderJobCacheShaders/9e/03/6f7f95bb1b65bbb36af49be33341657f3437.udd" 4440
"C:/Users/varghesechac/AppData/Local/UnrealEngine/Common/DerivedDataCache/Buckets/FShaderJobCacheShaders/93/12/c3ed553d5bdd74d493b5c47a92e805b316e7.udd" 4441
"C:/Users/varghesechac/AppData/Local/UnrealEngine/Common/DerivedDataCache/Buckets/FShaderJobCacheShaders/df/dc/75d860f33cce48bad6e90a19d3b79887e5d7.udd" 4442
"C:/Users/varghesechac/AppData/Local/UnrealEngine/Common/DerivedDataCache/Buckets/FShaderJobCacheShaders/fd/3a/8418fafafac3da281f9148c5a0432019d29a.udd" 4443
"C:/Users/varghesechac/AppData/Local/UnrealEngine/Common/DerivedDataCache/Buckets/FShaderJobCacheShaders/49/d6/3598f84cf8c50a85599b39039a5694bea719.udd" 4444
"C:/Users/varghesechac/AppData/Local/UnrealEngine/Common/DerivedDataCache/Buckets/FShaderJobCacheShaders/8c/17/df4152d5056118e383e4e0697e1bee4d8f23.udd" 4445
"C:/Users/varghesechac/AppData/Local/UnrealEngine/Common/DerivedDataCache/Buckets/FShaderJobCacheShaders/ce/a2/f252142f556cd0a613d120a98e933acedd6e.udd" 4446
"C:/Users/varghesechac/AppData/Local/UnrealEngine/Common/DerivedDataCache/Buckets/FShaderJobCacheShaders/fd/50/b2e562f6afea75ef0673912ea0ecaca3ea91.udd" 4447
"C:/Users/varghesechac/AppData/Local/UnrealEngine/Common/DerivedDataCache/Buckets/FShaderJobCacheShaders/88/e9/79ed6083839675d237db2ca02015e6deae5a.udd" 4448
"C:/Users/varghesechac/AppData/Local/UnrealEngine/Common/DerivedDataCache/Buckets/FShaderJobCacheShaders/cb/63/fbe5ec29fec4ef5e3bc4e3e4feb1fabeba02.udd" 4449
"C:/Users/varghesechac/AppData/Local/UnrealEngine/Common/DerivedDataCache/Buckets/FShaderJobCacheShaders/8d/3f/3127e764f4db1eb05c0a1f468d32d458625c.udd" 4450
"C:/Users/varghesechac/AppData/Local/UnrealEngine/Common/DerivedDataCache/Buckets/FShaderJobCacheShaders/68/84/3c49367c7ceede273554c38f4be2677ea0c5.udd" 4451
"C:/Users/varghesechac/AppData/Local/UnrealEngine/Common/DerivedDataCache/Buckets/FShaderJobCacheShaders/e2/94/47bb45d136995587784629cd63baa3f9b536.udd" 4452
"C:/Users/varghesechac/AppData/Local/UnrealEngine/Common/DerivedDataCache/Buckets/FShaderJobCacheShaders/c4/6c/ccf4a76197967688ea3494c393a42de44c7e.udd" 4453
"C:/Users/varghesechac/AppData/Local/UnrealEngine/Common/DerivedDataCache/Buckets/FShaderJobCacheShaders/51/db/88c851bff050c77c6337411a33c56f1374b7.udd" 4454
"C:/Users/varghesechac/AppData/Local/UnrealEngine/Common/DerivedDataCache/Buckets/FShaderJobCacheShaders/9f/aa/b4b74af9fdf11acf8ad983a12661e7534851.udd" 4455
"C:/Users/varghesechac/AppData/Local/UnrealEngine/Common/DerivedDataCache/Buckets/FShaderJobCacheShaders/3f/bb/7a30077de0e99f61378c58f2e73a9f341f60.udd" 4456
"C:/Users/varghesechac/AppData/Local/UnrealEngine/Common/DerivedDataCache/Buckets/FShaderJobCacheShaders/32/53/7fe5b72600956077a60993ea7e98003992a6.udd" 4457
"C:/Users/varghesechac/AppData/Local/UnrealEngine/Common/DerivedDataCache/Buckets/FShaderJobCacheShaders/93/3d/dd5e12bafdd36dc91d60359aebf9207934ce.udd" 4458
"C:/Users/varghesechac/AppData/Local/UnrealEngine/Common/DerivedDataCache/Buckets/FShaderJobCacheShaders/c5/d3/b6238d612fbc2d607858537120895b84ddea.udd" 4459
"C:/Users/varghesechac/AppData/Local/UnrealEngine/Common/DerivedDataCache/Buckets/FShaderJobCacheShaders/f3/80/6bfbe1ad406b9d9825a07e4cee3c3c853ff8.udd" 4460
"C:/Users/varghesechac/AppData/Local/UnrealEngine/Common/DerivedDataCache/Buckets/FShaderJobCacheShaders/a6/d9/46355f70ff8cfb18077e1302354fd658632a.udd" 4461
"C:/Users/varghesechac/AppData/Local/UnrealEngine/Common/DerivedDataCache/Buckets/FShaderJobCacheShaders/fc/20/14774746764ef02fd25d05fc0796aa201270.udd" 4462
"C:/Users/varghesechac/AppData/Local/UnrealEngine/Common/DerivedDataCache/Buckets/FShaderJobCacheShaders/d3/96/0ac653ef958cafacd49ce60935ef54033372.udd" 4463
"C:/Users/varghesechac/AppData/Local/UnrealEngine/Common/DerivedDataCache/Buckets/FShaderJobCacheShaders/90/5b/e2d76dfab4089d28cc70c809b3273f124a72.udd" 4464
"C:/Users/varghesechac/AppData/Local/UnrealEngine/Common/DerivedDataCache/Buckets/FShaderJobCacheShaders/c1/a2/930be66953ff0a270822d04523fd475dad3d.udd" 4465
"C:/Users/varghesechac/AppData/Local/UnrealEngine/Common/DerivedDataCache/Buckets/FShaderJobCacheShaders/9b/e4/da7099cf07aa8f8806cef5f129d7e603b723.udd" 4466
"C:/Users/varghesechac/AppData/Local/UnrealEngine/Common/DerivedDataCache/Buckets/FShaderJobCacheShaders/5c/be/1a14285805134608f7152dc96d5235840697.udd" 4467
"C:/Users/varghesechac/AppData/Local/UnrealEngine/Common/DerivedDataCache/Buckets/FShaderJobCacheShaders/e5/10/4745d8478bdb5fc06404196eb8acad3e1c1d.udd" 4468
"C:/Users/varghesechac/AppData/Local/UnrealEngine/Common/DerivedDataCache/Buckets/FShaderJobCacheShaders/2f/68/344068e510d8e6b264763cf73b7fb8e64916.udd" 4469
"C:/Users/varghesechac/AppData/Local/UnrealEngine/Common/DerivedDataCache/Buckets/FShaderJobCacheShaders/a6/da/6bd6e1ae5f119d9df6169d622db452425554.udd" 4470
"C:/Users/varghesechac/AppData/Local/UnrealEngine/Common/DerivedDataCache/Buckets/FShaderJobCacheShaders/2f/5a/fe87493caf4233055e453d33a2bb078d99db.udd" 4471
"C:/Users/varghesechac/AppData/Local/UnrealEngine/Common/DerivedDataCache/Buckets/FShaderJobCacheShaders/06/d7/6a4f000cc7cd1acd64cba95a74dec2a17ff2.udd" 4472
"C:/Users/varghesechac/AppData/Local/UnrealEngine/Common/DerivedDataCache/Buckets/FShaderJobCacheShaders/b6/c8/9f60c1ca258c3a5835b7033cb35893c676a7.udd" 4473
"C:/Users/varghesechac/AppData/Local/UnrealEngine/Common/DerivedDataCache/Buckets/FShaderJobCacheShaders/9a/22/7b1529298ebd6d4ccbda96e00abb646d1557.udd" 4474
"C:/Users/varghesechac/AppData/Local/UnrealEngine/Common/DerivedDataCache/Buckets/FShaderJobCacheShaders/43/1a/3784be42748bb4b9702c0fb5393a2f56a166.udd" 4475
"C:/Users/varghesechac/AppData/Local/UnrealEngine/Common/DerivedDataCache/Buckets/FShaderJobCacheShaders/59/d5/5b1bc4a79270dfe82b04a584e275a9a57c84.udd" 4476
"C:/Users/varghesechac/AppData/Local/UnrealEngine/Common/DerivedDataCache/Buckets/FShaderJobCacheShaders/c2/eb/cb1061cba9d04edbc9a37c804d211ca07d12.udd" 4477
"C:/Users/varghesechac/AppData/Local/UnrealEngine/Common/DerivedDataCache/Buckets/FShaderJobCacheShaders/8b/89/0b50c0082f75e807edfa044fcde7c21aa118.udd" 4478
"C:/Users/varghesechac/AppData/Local/UnrealEngine/Common/DerivedDataCache/Buckets/FShaderJobCacheShaders/39/b9/f78083c6253ff81f00190784c40b10166ed9.udd" 4479
"C:/Users/varghesechac/AppData/Local/UnrealEngine/Common/DerivedDataCache/Buckets/FShaderJobCacheShaders/ca/49/6b8aa1f19518926adca3ca3b27d447d50c1a.udd" 4480
"C:/Users/varghesechac/AppData/Local/UnrealEngine/Common/DerivedDataCache/Buckets/FShaderJobCacheShaders/9a/02/6b9699d91af3ccfe8661a90819afa5160a1c.udd" 4481
"C:/Users/varghesechac/AppData/Local/UnrealEngine/Common/DerivedDataCache/Buckets/FShaderJobCacheShaders/db/49/abca09005bc62050fb29d5ebfb33a73541b2.udd" 4482
"C:/Users/varghesechac/AppData/Local/UnrealEngine/Common/DerivedDataCache/Buckets/FShaderJobCacheShaders/a0/1d/9daab81ae9b4d1ef246a5947ed59dfb9752d.udd" 4483
"C:/Users/varghesechac/AppData/Local/UnrealEngine/Common/DerivedDataCache/Buckets/FShaderJobCacheShaders/fe/71/62710c05cbbf5a45a7c50284d90b363742e9.udd" 4484
"C:/Users/varghesechac/AppData/Local/UnrealEngine/Common/DerivedDataCache/Buckets/FShaderJobCacheShaders/e8/5f/fe0f98449b4d9fee409a1f3fd349ab2ace14.udd" 4485
"C:/Users/varghesechac/AppData/Local/UnrealEngine/Common/DerivedDataCache/Buckets/FShaderJobCacheShaders/2c/d2/32095ecc26d4c945fdf572c001d9a346a020.udd" 4486
"C:/Users/varghesechac/AppData/Local/UnrealEngine/Common/DerivedDataCache/Buckets/FShaderJobCacheShaders/50/a2/9b30ac0b6be6297ab0831f1796886ec12d24.udd" 4487
"C:/Users/varghesechac/AppData/Local/UnrealEngine/Common/DerivedDataCache/Buckets/FShaderJobCacheShaders/50/9e/97a572283e313059b889ffe001268f1da6e1.udd" 4488
"C:/Users/varghesechac/AppData/Local/UnrealEngine/Common/DerivedDataCache/Buckets/FShaderJobCacheShaders/41/d0/b4984b6dbd80f2dc2e5b0a816e4d699284ed.udd" 4489
"C:/Users/varghesechac/AppData/Local/UnrealEngine/Common/DerivedDataCache/Buckets/FShaderJobCacheShaders/49/42/4d1674be4b07230e4736e4a56a3b3819d3ca.udd" 4490
"C:/Users/varghesechac/AppData/Local/UnrealEngine/Common/DerivedDataCache/Buckets/FShaderJobCacheShaders/0d/e5/24f75b4de7d15553063666794feba70457d4.udd" 4491
"C:/Users/varghesechac/AppData/Local/UnrealEngine/Common/DerivedDataCache/Buckets/FShaderJobCacheShaders/54/0e/e3adabcb7450b43a2633611e43f1281e3d76.udd" 4492
"C:/Users/varghesechac/AppData/Local/UnrealEngine/Common/DerivedDataCache/Buckets/FShaderJobCacheShaders/27/3c/022913c2eaa2928c84dc9f8acee49cf0d8be.udd" 4493
"C:/Users/varghesechac/AppData/Local/UnrealEngine/Common/DerivedDataCache/Buckets/FShaderJobCacheShaders/f4/3c/1f7c6dc1f824c53188ef36636fee26a962e9.udd" 4494
"C:/Users/varghesechac/AppData/Local/UnrealEngine/Common/DerivedDataCache/Buckets/FShaderJobCacheShaders/71/21/cfa78f85254354ec36f339a822574e99fe13.udd" 4495
"C:/Users/varghesechac/AppData/Local/UnrealEngine/Common/DerivedDataCache/Buckets/FShaderJobCacheShaders/7e/9e/b624e513f5e0d4b2b2804e9a24b9aa096652.udd" 4496
"C:/Users/varghesechac/AppData/Local/UnrealEngine/Common/DerivedDataCache/Buckets/FShaderJobCacheShaders/18/5f/ec4bf0e36cd43a12c67218f7d31ab6092e8f.udd" 4497
"C:/Users/varghesechac/AppData/Local/UnrealEngine/Common/DerivedDataCache/Buckets/FShaderJobCacheShaders/ad/57/877d414ddad23f8ac6062a6332498a0b87e2.udd" 4498
"C:/Users/varghesechac/AppData/Local/UnrealEngine/Common/DerivedDataCache/Buckets/FShaderJobCacheShaders/33/c2/7cb3b5ee3ba599b4b2df6401434e36f77669.udd" 4499
"C:/Users/varghesechac/AppData/Local/UnrealEngine/Common/DerivedDataCache/Buckets/FShaderJobCacheShaders/15/4b/ff5f785881a72897cc3e73e6843ebf1405cb.udd" 4500
"C:/Users/varghesechac/AppData/Local/UnrealEngine/Common/DerivedDataCache/Buckets/FShaderJobCacheShaders/bb/90/f4a41b1f838ac601bc260e8e29c59c831100.udd" 4501
"C:/Users/varghesechac/AppData/Local/UnrealEngine/Common/DerivedDataCache/Buckets/FShaderJobCacheShaders/f0/3b/820bff586b0ad83bc4e967587b7484a24e64.udd" 4502
"C:/Users/varghesechac/AppData/Local/UnrealEngine/Common/DerivedDataCache/Buckets/FShaderJobCacheShaders/20/14/2837568e8ab0d5013ab45c7dd783c75a2700.udd" 4503
"C:/Users/varghesechac/AppData/Local/UnrealEngine/Common/DerivedDataCache/Buckets/FShaderJobCacheShaders/9f/42/83dd95444e1823c1e8359230fc436f421899.udd" 4504
"C:/Users/varghesechac/AppData/Local/UnrealEngine/Common/DerivedDataCache/Buckets/FShaderJobCacheShaders/f7/6b/e71db285eb8c01a7de5f93d6ef259b889242.udd" 4505
"C:/Users/varghesechac/AppData/Local/UnrealEngine/Common/DerivedDataCache/Buckets/FShaderJobCacheShaders/c6/02/143c8515ee6b76a1cb5a5afedfe63dcff470.udd" 4506
"C:/Users/varghesechac/AppData/Local/UnrealEngine/Common/DerivedDataCache/Buckets/FShaderJobCacheShaders/30/b7/2c275f504fa76c1a1db2f0cd089b8a0c35d2.udd" 4507
"C:/Users/varghesechac/AppData/Local/UnrealEngine/Common/DerivedDataCache/Buckets/FShaderJobCacheShaders/7f/a7/4b0141c08a570f8c350641f85ee03e90f93a.udd" 4508
"C:/Users/varghesechac/AppData/Local/UnrealEngine/Common/DerivedDataCache/Buckets/FShaderJobCacheShaders/13/28/3211aa198e26a274cad204ca29ed9697fb4e.udd" 4509
"C:/Users/varghesechac/AppData/Local/UnrealEngine/Common/DerivedDataCache/Buckets/FShaderJobCacheShaders/b2/b3/4c65efe2a07f7c527ffc33d76c71aac65940.udd" 4510
"C:/Users/varghesechac/AppData/Local/UnrealEngine/Common/DerivedDataCache/Buckets/FShaderJobCacheShaders/7a/00/91eeaa4abb4f6a35cba0985a5c2f87837bba.udd" 4511
"C:/Users/varghesechac/AppData/Local/UnrealEngine/Common/DerivedDataCache/Buckets/FShaderJobCacheShaders/d7/43/bfc67dd715b87cd66b0bf29fbd7a3efa9469.udd" 4512
"C:/Users/varghesechac/AppData/Local/UnrealEngine/Common/DerivedDataCache/Buckets/FShaderJobCacheShaders/e1/c6/721219dc7be0ffe5613214327d27f617c711.udd" 4513
"C:/Users/varghesechac/AppData/Local/UnrealEngine/Common/DerivedDataCache/Buckets/FShaderJobCacheShaders/51/52/ae4accae6b5c1ba323ae62779dca603ded70.udd" 4514
"C:/Users/varghesechac/AppData/Local/UnrealEngine/Common/DerivedDataCache/Buckets/FShaderJobCacheShaders/e4/a9/6ee8883ac1c3e29eb3b6c70a442b18273031.udd" 4515
"C:/Users/varghesechac/AppData/Local/UnrealEngine/Common/DerivedDataCache/Buckets/FShaderJobCacheShaders/b3/ee/9a790049a3dc2e44dbe2b740b9ea1f8f6617.udd" 4516
"C:/Users/varghesechac/AppData/Local/UnrealEngine/Common/DerivedDataCache/Buckets/FShaderJobCacheShaders/76/e9/24aa0747827a68e26760e666cc1845acad1e.udd" 4517
"C:/Users/varghesechac/AppData/Local/UnrealEngine/Common/DerivedDataCache/Buckets/FShaderJobCacheShaders/7a/22/6dbb697535ceb756da247114d8e61bd487e2.udd" 4518
"C:/Users/varghesechac/AppData/Local/UnrealEngine/Common/DerivedDataCache/Buckets/FShaderJobCacheShaders/04/bb/f857405df733c7609a759235577a5478582e.udd" 4519
"C:/Users/varghesechac/AppData/Local/UnrealEngine/Common/DerivedDataCache/Buckets/FShaderJobCacheShaders/2d/8b/89ac5e1be4b3ef261f8ed7663117473715e3.udd" 4520
"C:/Users/varghesechac/AppData/Local/UnrealEngine/Common/DerivedDataCache/Buckets/FShaderJobCacheShaders/9d/8d/12815b15db63bed1ab6b80135a60c2086f92.udd" 4521
"C:/Users/varghesechac/AppData/Local/UnrealEngine/Common/DerivedDataCache/Buckets/FShaderJobCacheShaders/51/c1/d0d2d22912d30bdec2ac767eb8889b224bfe.udd" 4522
"C:/Users/varghesechac/AppData/Local/UnrealEngine/Common/DerivedDataCache/Buckets/FShaderJobCacheShaders/04/ca/bacd067464ef2c02135f5f14909caa3fb9cf.udd" 4523
"C:/Users/varghesechac/AppData/Local/UnrealEngine/Common/DerivedDataCache/Buckets/FShaderJobCacheShaders/f9/28/e13c8e3d90b54aa6f97188a7de5f71ee8453.udd" 4524
"C:/Users/varghesechac/AppData/Local/UnrealEngine/Common/DerivedDataCache/Buckets/FShaderJobCacheShaders/94/0e/6975777ba0aefa227fcd4f1beb925e34e4c6.udd" 4525
"C:/Users/varghesechac/AppData/Local/UnrealEngine/Common/DerivedDataCache/Buckets/FShaderJobCacheShaders/d3/8a/9106e7c932a5489a38cc0696fa538bb30f91.udd" 4526
"C:/Users/varghesechac/AppData/Local/UnrealEngine/Common/DerivedDataCache/Buckets/FShaderJobCacheShaders/09/a7/1eaaf8650ab842e2f23f25fc9d19600470b8.udd" 4527
"C:/Users/varghesechac/AppData/Local/UnrealEngine/Common/DerivedDataCache/Buckets/FShaderJobCacheShaders/83/a6/4befaa48d4efe4397f8190207c7549382a25.udd" 4528
"C:/Users/varghesechac/AppData/Local/UnrealEngine/Common/DerivedDataCache/Buckets/FShaderJobCacheShaders/5a/ac/69c1a88f3f1c1434cd6897664d6ad351c950.udd" 4529
"C:/Users/varghesechac/AppData/Local/UnrealEngine/Common/DerivedDataCache/Buckets/FShaderJobCacheShaders/83/f6/76b96dd651ac95541f6ac6bde3d74137027a.udd" 4530
"C:/Users/varghesechac/AppData/Local/UnrealEngine/Common/DerivedDataCache/Buckets/FShaderJobCacheShaders/09/b0/5b49a7cdb5abfb6ea0f4ad7b4fecfc905c24.udd" 4531
"C:/Users/varghesechac/AppData/Local/UnrealEngine/Common/DerivedDataCache/Buckets/FShaderJobCacheShaders/8f/b2/2b88f572d9138137f094329ab894e4f97620.udd" 4532
"C:/Users/varghesechac/AppData/Local/UnrealEngine/Common/DerivedDataCache/Buckets/FShaderJobCacheShaders/05/6b/5416604e046939fda59f25ecf916f2bec01a.udd" 4533
"C:/Users/varghesechac/AppData/Local/UnrealEngine/Common/DerivedDataCache/Buckets/FShaderJobCacheShaders/c8/30/cabe610b8be2b57bc1820bb010e435bbda20.udd" 4534
"C:/Users/varghesechac/AppData/Local/UnrealEngine/Common/DerivedDataCache/Buckets/FShaderJobCacheShaders/6f/a5/069c247372d38e9e76b25695847dec4899ab.udd" 4535
"C:/Users/varghesechac/AppData/Local/UnrealEngine/Common/DerivedDataCache/Buckets/FShaderJobCacheShaders/e5/b0/a8c10abfc34342f832259aba31a6e4d50f87.udd" 4536
"C:/Users/varghesechac/AppData/Local/UnrealEngine/Common/DerivedDataCache/Buckets/FShaderJobCacheShaders/2b/3f/22a9fc33df4dd84b8a5a4d6118a0c6a967ef.udd" 4537
"C:/Users/varghesechac/AppData/Local/UnrealEngine/Common/DerivedDataCache/Buckets/FShaderJobCacheShaders/e4/c7/a16abf928ce5d98d5b00379575a0fa8ec5f1.udd" 4538
"C:/Users/varghesechac/AppData/Local/UnrealEngine/Common/DerivedDataCache/Buckets/FShaderJobCacheShaders/f0/04/3cdc494b798a4ba2487d804f8b4ac58a2c56.udd" 4539
"C:/Users/varghesechac/AppData/Local/UnrealEngine/Common/DerivedDataCache/Buckets/FShaderJobCacheShaders/ee/7b/5fd478dc03ca1afa4c7120a8c1c29033d665.udd" 4540
"C:/Users/varghesechac/AppData/Local/UnrealEngine/Common/DerivedDataCache/Buckets/FShaderJobCacheShaders/72/06/8524290a354631205f72f9928ba1a85cd82c.udd" 4541
"C:/Users/varghesechac/AppData/Local/UnrealEngine/Common/DerivedDataCache/Buckets/FShaderJobCacheShaders/b8/f1/efe593fd026a98bd4b34b639d40eb759c0c0.udd" 4542
"C:/Users/varghesechac/AppData/Local/UnrealEngine/Common/DerivedDataCache/Buckets/FShaderJobCacheShaders/33/93/6b2c06baf4abb6a41fc008fe4fd96bbb1ce3.udd" 4543
"C:/Users/varghesechac/AppData/Local/UnrealEngine/Common/DerivedDataCache/Buckets/FShaderJobCacheShaders/0a/a6/3fd32b165e79c24021d1a665da9efd0a24c7.udd" 4544
"C:/Users/varghesechac/AppData/Local/UnrealEngine/Common/DerivedDataCache/Buckets/FShaderJobCacheShaders/07/e2/6fe11ef0d34113a02c395b686abe8e488a36.udd" 4545
"C:/Users/varghesechac/AppData/Local/UnrealEngine/Common/DerivedDataCache/Buckets/FShaderJobCacheShaders/35/8e/3b2992cd4641d1663a2e99824bc94264618c.udd" 4546
"C:/Users/varghesechac/AppData/Local/UnrealEngine/Common/DerivedDataCache/Buckets/FShaderJobCacheShaders/6f/dd/93ba487c8c94df95becbf781cf4fa5c1ae78.udd" 4547
"C:/Users/varghesechac/AppData/Local/UnrealEngine/Common/DerivedDataCache/Buckets/FShaderJobCacheShaders/de/dc/dd98e205804f448957d3707ce30d3fbdf588.udd" 4548
"C:/Users/varghesechac/AppData/Local/UnrealEngine/Common/DerivedDataCache/Buckets/FShaderJobCacheShaders/58/17/96b86b28dcd6313df4e4984b9bbee57c0aea.udd" 4549
"C:/Users/varghesechac/AppData/Local/UnrealEngine/Common/DerivedDataCache/Buckets/FShaderJobCacheShaders/24/78/5c35cb8cc31a0018f93ccd32b8a7ef7994b4.udd" 4550
"C:/Users/varghesechac/AppData/Local/UnrealEngine/Common/DerivedDataCache/Buckets/FShaderJobCacheShaders/45/da/dddb5be3a9c2c92d5f8c9c6dbe1db57523b8.udd" 4551
"C:/Users/varghesechac/AppData/Local/UnrealEngine/Common/DerivedDataCache/Buckets/FShaderJobCacheShaders/47/42/e2b6ca00af3d6f307a254bd678bf0e66ad86.udd" 4552
"C:/Users/varghesechac/AppData/Local/UnrealEngine/Common/DerivedDataCache/Buckets/FShaderJobCacheShaders/11/62/c174682c2052323730284e79570732e3c0e5.udd" 4553
"C:/Users/varghesechac/AppData/Local/UnrealEngine/Common/DerivedDataCache/Buckets/FShaderJobCacheShaders/22/dd/7d311a4c5dd8fd870695fe03d45984ad1a3e.udd" 4554
"C:/Users/varghesechac/AppData/Local/UnrealEngine/Common/DerivedDataCache/Buckets/FShaderJobCacheShaders/09/1f/569d0bc2dfbbcb306b195a64f45b49e31d1d.udd" 4555
"C:/Users/varghesechac/AppData/Local/UnrealEngine/Common/DerivedDataCache/Buckets/FShaderJobCacheShaders/4e/d9/a764294f5f0f87b6930a97a4282350b019e5.udd" 4556
"C:/Users/varghesechac/AppData/Local/UnrealEngine/Common/DerivedDataCache/Buckets/FShaderJobCacheShaders/39/78/6f635fdb5706e9d2d523edf386e3f8ff4dfc.udd" 4557
"C:/Users/varghesechac/AppData/Local/UnrealEngine/Common/DerivedDataCache/Buckets/FShaderJobCacheShaders/6c/cb/b39aa7be0d5960dded39b9e6d75a9f8c6fd4.udd" 4558
"C:/Users/varghesechac/AppData/Local/UnrealEngine/Common/DerivedDataCache/Buckets/FShaderJobCacheShaders/14/ed/9e5329f91d979ea421c1b0bbb595202c0ef7.udd" 4559
"C:/Users/varghesechac/AppData/Local/UnrealEngine/Common/DerivedDataCache/Buckets/FShaderJobCacheShaders/29/a2/2e89af167036bd2ac9120b268339e788e3e8.udd" 4560
"C:/Users/varghesechac/AppData/Local/UnrealEngine/Common/DerivedDataCache/Buckets/FShaderJobCacheShaders/57/70/861dafdcef243b235a9aa197281e6c580b64.udd" 4561
"C:/Users/varghesechac/AppData/Local/UnrealEngine/Common/DerivedDataCache/Buckets/FShaderJobCacheShaders/88/c7/1c77e85a1fa901684104cb34af9a3c6df668.udd" 4562
"C:/Users/varghesechac/AppData/Local/UnrealEngine/Common/DerivedDataCache/Buckets/FShaderJobCacheShaders/e2/9e/670ad0216341aafe5c1478e0ac585b07af26.udd" 4563
"C:/Users/varghesechac/AppData/Local/UnrealEngine/Common/DerivedDataCache/Buckets/FShaderJobCacheShaders/1f/c3/b05d3e3f40cefa70c39307be4ab7190ba3c8.udd" 4564
"C:/Users/varghesechac/AppData/Local/UnrealEngine/Common/DerivedDataCache/Buckets/FShaderJobCacheShaders/3c/f9/e0b73c02b8eb80426cc576e6d9eacb7ca675.udd" 4565
"C:/Users/varghesechac/AppData/Local/UnrealEngine/Common/DerivedDataCache/Buckets/FShaderJobCacheShaders/55/57/a389ec9e94da0c23d33ff2ab92950618f1fe.udd" 4566
"C:/Users/varghesechac/AppData/Local/UnrealEngine/Common/DerivedDataCache/Buckets/FShaderJobCacheShaders/84/6a/4ef8497156427d700da3b54d33dd4d15411b.udd" 4567
"C:/Users/varghesechac/AppData/Local/UnrealEngine/Common/DerivedDataCache/Buckets/FShaderJobCacheShaders/50/32/e50aade6fbfefcc5bd7a240574f0567a4562.udd" 4568
"C:/Users/varghesechac/AppData/Local/UnrealEngine/Common/DerivedDataCache/Buckets/FShaderJobCacheShaders/86/a7/9f70af9492b5f04b1221c7665a8e7baab7cb.udd" 4569
"C:/Users/varghesechac/AppData/Local/UnrealEngine/Common/DerivedDataCache/Buckets/FShaderJobCacheShaders/a3/19/dee437f0bbffacf065ea78cb4be02b6c61c0.udd" 4570
"C:/Users/varghesechac/AppData/Local/UnrealEngine/Common/DerivedDataCache/Buckets/FShaderJobCacheShaders/58/d0/6a322c149bc88275fe0f5a6e928a89f53b64.udd" 4571
"C:/Users/varghesechac/AppData/Local/UnrealEngine/Common/DerivedDataCache/Buckets/FShaderJobCacheShaders/12/3a/9a9d1e79e63798f3350b983c656a39003f00.udd" 4572
"C:/Users/varghesechac/AppData/Local/UnrealEngine/Common/DerivedDataCache/Buckets/FShaderJobCacheShaders/62/b9/4f4493c6353cab5196c207ba216dce48ff34.udd" 4573
"C:/Users/varghesechac/AppData/Local/UnrealEngine/Common/DerivedDataCache/Buckets/FShaderJobCacheShaders/06/43/4a2a92207259c4c4955fa18dae9cd11ebd43.udd" 4574
"C:/Users/varghesechac/AppData/Local/UnrealEngine/Common/DerivedDataCache/Buckets/FShaderJobCacheShaders/8e/32/6b8543a962979508d332f1ef92a2975ec8ec.udd" 4575
"C:/Users/varghesechac/AppData/Local/UnrealEngine/Common/DerivedDataCache/Buckets/FShaderJobCacheShaders/4d/e4/ec1da52b083e9dfe5f61eb869125b242fdd8.udd" 4576
"C:/Users/varghesechac/AppData/Local/UnrealEngine/Common/DerivedDataCache/Buckets/FShaderJobCacheShaders/39/be/d966c32894eb06dcb4d4c71e4d0a15acc000.udd" 4577
"C:/Users/varghesechac/AppData/Local/UnrealEngine/Common/DerivedDataCache/Buckets/FShaderJobCacheShaders/a3/20/f6228f1ce309839a41f51321c29142ff90f3.udd" 4578
"C:/Users/varghesechac/AppData/Local/UnrealEngine/Common/DerivedDataCache/Buckets/FShaderJobCacheShaders/22/11/26d71a54efc90c4a5617e4cd29cc38416ed2.udd" 4579
"C:/Users/varghesechac/AppData/Local/UnrealEngine/Common/DerivedDataCache/Buckets/FShaderJobCacheShaders/01/cb/90d8708171f000c34b369a804701bdfb1400.udd" 4580
"C:/Users/varghesechac/AppData/Local/UnrealEngine/Common/DerivedDataCache/Buckets/FShaderJobCacheShaders/36/c2/d469d1ca50c0daa33358e1b965753b8fbb5a.udd" 4581
"C:/Users/varghesechac/AppData/Local/UnrealEngine/Common/DerivedDataCache/Buckets/FShaderJobCacheShaders/59/b1/e7a2bf6c242bbe0539e892df9623935a1801.udd" 4582
"C:/Users/varghesechac/AppData/Local/UnrealEngine/Common/DerivedDataCache/Buckets/FShaderJobCacheShaders/86/12/c5555af5a977fdaa75ac98a2b069eb46f09e.udd" 4583
"C:/Users/varghesechac/AppData/Local/UnrealEngine/Common/DerivedDataCache/Buckets/FShaderJobCacheShaders/f8/ff/2ff1819dfb90fc221012fad401f1cc46f165.udd" 4584
"C:/Users/varghesechac/AppData/Local/UnrealEngine/Common/DerivedDataCache/Buckets/FShaderJobCacheShaders/8f/41/f12b351377e4626d01472851bf0dbd01baf8.udd" 4585
"C:/Users/varghesechac/AppData/Local/UnrealEngine/Common/DerivedDataCache/Buckets/FShaderJobCacheShaders/c4/15/069c46abc1542db6a414c9813b9e8bfa6580.udd" 4586
"C:/Users/varghesechac/AppData/Local/UnrealEngine/Common/DerivedDataCache/Buckets/FShaderJobCacheShaders/33/83/bda078972a17b176793de2754f7e000eb84f.udd" 4587
"C:/Users/varghesechac/AppData/Local/UnrealEngine/Common/DerivedDataCache/Buckets/FShaderJobCacheShaders/4f/9a/f9e9ef96845e1ad075ddf40e566dd04c5e4e.udd" 4588
"C:/Users/varghesechac/AppData/Local/UnrealEngine/Common/DerivedDataCache/Buckets/FShaderJobCacheShaders/01/60/cbb1396c1fc62b9352928d206be2369f934b.udd" 4589
"C:/Users/varghesechac/AppData/Local/UnrealEngine/Common/DerivedDataCache/Buckets/FShaderJobCacheShaders/c9/ef/717c5d52b95f2fb683b83a1f3490dff0fc01.udd" 4590
"C:/Users/varghesechac/AppData/Local/UnrealEngine/Common/DerivedDataCache/Buckets/FShaderJobCacheShaders/6b/cc/11f9558660a552833ca2b80e3da4e681f7b9.udd" 4591
"C:/Users/varghesechac/AppData/Local/UnrealEngine/Common/DerivedDataCache/Buckets/FShaderJobCacheShaders/ea/76/c007ef845458c08c396cfa1de899189afb3e.udd" 4592
"C:/Users/varghesechac/AppData/Local/UnrealEngine/Common/DerivedDataCache/Buckets/FShaderJobCacheShaders/92/9a/869d88c31ff6190faaf595e1e21a2d026174.udd" 4593
"C:/Users/varghesechac/AppData/Local/UnrealEngine/Common/DerivedDataCache/Buckets/FShaderJobCacheShaders/8e/cb/bf3248843501db7b60277ad74ad2b2a3d7c5.udd" 4594
"C:/Users/varghesechac/AppData/Local/UnrealEngine/Common/DerivedDataCache/Buckets/FShaderJobCacheShaders/a9/48/abba77f74733875580e3428ebddc5193d6a9.udd" 4595
"C:/Users/varghesechac/AppData/Local/UnrealEngine/Common/DerivedDataCache/Buckets/FShaderJobCacheShaders/8c/7f/1f64b0897a0be333a5ffa0b95b8bd44e8261.udd" 4596
"C:/Users/varghesechac/AppData/Local/UnrealEngine/Common/DerivedDataCache/Buckets/FShaderJobCacheShaders/62/da/9d8a3ccdf9bf5241a1cc93681a85362e5a54.udd" 4597
"C:/Users/varghesechac/AppData/Local/UnrealEngine/Common/DerivedDataCache/Buckets/FShaderJobCacheShaders/2a/0c/a7a0ea05846bc4b296b3de2fafb60ca0fa81.udd" 4598
"C:/Users/varghesechac/AppData/Local/UnrealEngine/Common/DerivedDataCache/Buckets/FShaderJobCacheShaders/bc/5b/0db51679f0e158b71f54a6282eee22784524.udd" 4599
"C:/Users/varghesechac/AppData/Local/UnrealEngine/Common/DerivedDataCache/Buckets/FShaderJobCacheShaders/3c/e9/40d4f07a0e307cd14ed32dd48fceb66fcd3f.udd" 4600
"C:/Users/varghesechac/AppData/Local/UnrealEngine/Common/DerivedDataCache/Buckets/FShaderJobCacheShaders/1b/d0/cdb569387eea49cdb5d5034c69b8c51d3c7e.udd" 4601
"C:/Users/varghesechac/AppData/Local/UnrealEngine/Common/DerivedDataCache/Buckets/FShaderJobCacheShaders/23/66/0acbbebab0d73a72d93254f8200c03783e3c.udd" 4602
"C:/Users/varghesechac/AppData/Local/UnrealEngine/Common/DerivedDataCache/Buckets/FShaderJobCacheShaders/fb/12/4d66ce624fd87b6b88ccc6c1e716bf83f01b.udd" 4603
"C:/Users/varghesechac/AppData/Local/UnrealEngine/Common/DerivedDataCache/Buckets/FShaderJobCacheShaders/9a/62/f41a9599a332e97bc3d4e57722537bf92b84.udd" 4604
"C:/Users/varghesechac/AppData/Local/UnrealEngine/Common/DerivedDataCache/Buckets/FShaderJobCacheShaders/34/84/61b96e847edc29b5946973d464fff8b21960.udd" 4605
"C:/Users/varghesechac/AppData/Local/UnrealEngine/Common/DerivedDataCache/Buckets/FShaderJobCacheShaders/97/8e/c5b50b19eb6e9e2e7b3d3611f75fe9ee808e.udd" 4606
"C:/Users/varghesechac/AppData/Local/UnrealEngine/Common/DerivedDataCache/Buckets/FShaderJobCacheShaders/d7/e9/aea8a309dce9e143774713ba412bf157eeea.udd" 4607
"C:/Users/varghesechac/AppData/Local/UnrealEngine/Common/DerivedDataCache/Buckets/FShaderJobCacheShaders/f0/d9/4884364cdc5f464ac9d272530f6b2ecc26f6.udd" 4608
"C:/Users/varghesechac/AppData/Local/UnrealEngine/Common/DerivedDataCache/Buckets/FShaderJobCacheShaders/3f/4a/31fd9f45040e4c8551d6f77355e82e0cbb4d.udd" 4609
"C:/Users/varghesechac/AppData/Local/UnrealEngine/Common/DerivedDataCache/Buckets/FShaderJobCacheShaders/30/17/7c90b21223596666393abcff10613bc97855.udd" 4610
"C:/Users/varghesechac/AppData/Local/UnrealEngine/Common/DerivedDataCache/Buckets/FShaderJobCacheShaders/d2/33/591cb5521a444e3625589a64e4f940691c95.udd" 4611
"C:/Users/varghesechac/AppData/Local/UnrealEngine/Common/DerivedDataCache/Buckets/FShaderJobCacheShaders/0f/f3/7bead8d4a32e7c57ad33b87b23a94b5c262e.udd" 4612
"C:/Users/varghesechac/AppData/Local/UnrealEngine/Common/DerivedDataCache/Buckets/FShaderJobCacheShaders/5e/b5/653aff5633b62ef42bbdc3a627d94ebf1df8.udd" 4613
"C:/Users/varghesechac/AppData/Local/UnrealEngine/Common/DerivedDataCache/Buckets/FShaderJobCacheShaders/c5/ec/703cbff5e099aacfaa4acd6fc52873886038.udd" 4614
"C:/Users/varghesechac/AppData/Local/UnrealEngine/Common/DerivedDataCache/Buckets/FShaderJobCacheShaders/4a/37/87a5a62d2fb5700a3d5d3b740b0cd1b834ee.udd" 4615
"C:/Users/varghesechac/AppData/Local/UnrealEngine/Common/DerivedDataCache/Buckets/FShaderJobCacheShaders/eb/0b/dd1369395b014fa16d638296f498648322c3.udd" 4616
"C:/Users/varghesechac/AppData/Local/UnrealEngine/Common/DerivedDataCache/Buckets/FShaderJobCacheShaders/9f/26/5ed758301f67136eb8dbeab0b521b7a22b2a.udd" 4617
"C:/Users/varghesechac/AppData/Local/UnrealEngine/Common/DerivedDataCache/Buckets/FShaderJobCacheShaders/41/95/f3c7c44c3a6b1c81811dc6f101162823d745.udd" 4618
"C:/Users/varghesechac/AppData/Local/UnrealEngine/Common/DerivedDataCache/Buckets/FShaderJobCacheShaders/93/af/b1fae3fdbfb88257658fff1657ae8db88a75.udd" 4619
"C:/Users/varghesechac/AppData/Local/UnrealEngine/Common/DerivedDataCache/Buckets/FShaderJobCacheShaders/dc/b0/0f70aacae0261587a73e1d0f83bc5abad8ae.udd" 4620
"C:/Users/varghesechac/AppData/Local/UnrealEngine/Common/DerivedDataCache/Buckets/FShaderJobCacheShaders/4e/1a/d7820d5a35ccc72fe54cc406403cd40bbd26.udd" 4621
"C:/Users/varghesechac/AppData/Local/UnrealEngine/Common/DerivedDataCache/Buckets/FShaderJobCacheShaders/54/12/1289f1952ef4464a50623b5e8454f8ff469c.udd" 4622
"C:/Users/varghesechac/AppData/Local/UnrealEngine/Common/DerivedDataCache/Buckets/FShaderJobCacheShaders/a0/8e/3de5b3bfc56809919e77224df35705aada40.udd" 4623
"C:/Users/varghesechac/AppData/Local/UnrealEngine/Common/DerivedDataCache/Buckets/FShaderJobCacheShaders/54/01/3235a3d973797db9c354503cd44b51db31b1.udd" 4624
"C:/Users/varghesechac/AppData/Local/UnrealEngine/Common/DerivedDataCache/Buckets/FShaderJobCacheShaders/53/28/65256ac92055e034b02dd54f52d29fcbfa7f.udd" 4625
"C:/Users/varghesechac/AppData/Local/UnrealEngine/Common/DerivedDataCache/Buckets/FShaderJobCacheShaders/5c/21/ceda75693405627d71831ae1ceccd6fbb88a.udd" 4626
"C:/Users/varghesechac/AppData/Local/UnrealEngine/Common/DerivedDataCache/Buckets/FShaderJobCacheShaders/0f/4c/dcd7e84d54d9f3ece4d5fa419da454a2498c.udd" 4627
"C:/Users/varghesechac/AppData/Local/UnrealEngine/Common/DerivedDataCache/Buckets/FShaderJobCacheShaders/d4/6a/c6c7655be847774c3c6329b18d6fbdfb42b6.udd" 4628
"C:/Users/varghesechac/AppData/Local/UnrealEngine/Common/DerivedDataCache/Buckets/FShaderJobCacheShaders/5a/bd/213287a3a4e2e6f895307419c66f86f9ae40.udd" 4629
"C:/Users/varghesechac/AppData/Local/UnrealEngine/Common/DerivedDataCache/Buckets/FShaderJobCacheShaders/2d/54/1f797523a112d09d621aa690fd98adbff441.udd" 4630
"C:/Users/varghesechac/AppData/Local/UnrealEngine/Common/DerivedDataCache/Buckets/FShaderJobCacheShaders/ce/ec/bfa6a992b8700d1c183adbcca6be55c844a5.udd" 4631
"C:/Users/varghesechac/AppData/Local/UnrealEngine/Common/DerivedDataCache/Buckets/FShaderJobCacheShaders/1c/76/316ad718a04b18179c9907cfcd8f6c7e66e5.udd" 4632
"C:/Users/varghesechac/AppData/Local/UnrealEngine/Common/DerivedDataCache/Buckets/FShaderJobCacheShaders/fc/16/7b760783142418540d5b4e353399fa462d01.udd" 4633
"C:/Users/varghesechac/AppData/Local/UnrealEngine/Common/DerivedDataCache/Buckets/FShaderJobCacheShaders/99/be/6c9bf6fac285c08f2dfd4d07cba6cd719c04.udd" 4634
"C:/Users/varghesechac/AppData/Local/UnrealEngine/Common/DerivedDataCache/Buckets/FShaderJobCacheShaders/99/00/fd018e3b9983756f6d6d67a3c4e9dcc7cee1.udd" 4635
"C:/Users/varghesechac/AppData/Local/UnrealEngine/Common/DerivedDataCache/Buckets/FShaderJobCacheShaders/13/e7/7a2074e67e1063b9d6484bf7268c16917fea.udd" 4636
"C:/Users/varghesechac/AppData/Local/UnrealEngine/Common/DerivedDataCache/Buckets/FShaderJobCacheShaders/c0/e3/a45467329615cceaae838c28d12dbf058cbe.udd" 4637
"C:/Users/varghesechac/AppData/Local/UnrealEngine/Common/DerivedDataCache/Buckets/FShaderJobCacheShaders/79/a0/8ea54eedbba7d3c317a6aa82a46c22b8440b.udd" 4638
"C:/Users/varghesechac/AppData/Local/UnrealEngine/Common/DerivedDataCache/Buckets/FShaderJobCacheShaders/1f/2c/5882be89fecbaad6c86493cebaae22325779.udd" 4639
"C:/Users/varghesechac/AppData/Local/UnrealEngine/Common/DerivedDataCache/Buckets/FShaderJobCacheShaders/a0/7f/a01fa9f2d75393f456addd55a35eb1d374a3.udd" 4640
"C:/Users/varghesechac/AppData/Local/UnrealEngine/Common/DerivedDataCache/Buckets/FShaderJobCacheShaders/0d/b0/a55696fd7394edb8e115cc60a7d17e0b4f68.udd" 4641
"C:/Users/varghesechac/AppData/Local/UnrealEngine/Common/DerivedDataCache/Buckets/FShaderJobCacheShaders/62/ca/5ad3014a0b5709704bffacb6af65f3d6eb5f.udd" 4642
"C:/Users/varghesechac/AppData/Local/UnrealEngine/Common/DerivedDataCache/Buckets/FShaderJobCacheShaders/08/3b/34d3732f847e77dae214ab61e8ed426f9ff8.udd" 4643
"C:/Users/varghesechac/AppData/Local/UnrealEngine/Common/DerivedDataCache/Buckets/FShaderJobCacheShaders/53/b6/caf782f54fa520435a9369b873ac58e21847.udd" 4644
"C:/Users/varghesechac/AppData/Local/UnrealEngine/Common/DerivedDataCache/Buckets/FShaderJobCacheShaders/0e/92/f9c48f43d49ec06d77901fab72e36837ecc2.udd" 4645
"C:/Users/varghesechac/AppData/Local/UnrealEngine/Common/DerivedDataCache/Buckets/FShaderJobCacheShaders/41/0f/46a6b9e0f3cc1a8d28959c5147fd16869858.udd" 4646
"C:/Users/varghesechac/AppData/Local/UnrealEngine/Common/DerivedDataCache/Buckets/FShaderJobCacheShaders/af/1a/462bad010989b342ec25a513eda20c3b6f0b.udd" 4647
"C:/Users/varghesechac/AppData/Local/UnrealEngine/Common/DerivedDataCache/Buckets/FShaderJobCacheShaders/62/78/d3fd806ed78c4bb81ecf866eb586bb0e5504.udd" 4648
"C:/Users/varghesechac/AppData/Local/UnrealEngine/Common/DerivedDataCache/Buckets/FShaderJobCacheShaders/9d/43/befd11fe2da967a2a60f93a5186240337530.udd" 4649
"C:/Users/varghesechac/AppData/Local/UnrealEngine/Common/DerivedDataCache/Buckets/FShaderJobCacheShaders/bd/6a/dbbc43ace12660a2c29e640497baebd5e05e.udd" 4650
"C:/Users/varghesechac/AppData/Local/UnrealEngine/Common/DerivedDataCache/Buckets/FShaderJobCacheShaders/45/6a/6aa822a184a54a4c048498cb17dca63fab9d.udd" 4651
"C:/Users/varghesechac/AppData/Local/UnrealEngine/Common/DerivedDataCache/Buckets/FShaderJobCacheShaders/dd/88/41563bdcd3e1a7388e3758ff3b6acee89399.udd" 4652
"C:/Users/varghesechac/AppData/Local/UnrealEngine/Common/DerivedDataCache/Buckets/FShaderJobCacheShaders/ad/71/c1bfc20e4397b2b04ac79b3e69a3d858a26a.udd" 4653
"C:/Users/varghesechac/AppData/Local/UnrealEngine/Common/DerivedDataCache/Buckets/FShaderJobCacheShaders/31/a2/a800ca31c1de1574fbb9a91fd2959d6e3c63.udd" 4654
"C:/Users/varghesechac/AppData/Local/UnrealEngine/Common/DerivedDataCache/Buckets/FShaderJobCacheShaders/3e/b4/5bb5042fd3e0f16b49a9bc033c2aa1a20978.udd" 4655
"C:/Users/varghesechac/AppData/Local/UnrealEngine/Common/DerivedDataCache/Buckets/FShaderJobCacheShaders/9e/c6/8e9445b266c5e88fc11ed6925e662ca582f2.udd" 4656
"C:/Users/varghesechac/AppData/Local/UnrealEngine/Common/DerivedDataCache/Buckets/FShaderJobCacheShaders/68/05/07e0723f1007a316ffee3c0a709abebe8fdf.udd" 4657
"C:/Users/varghesechac/AppData/Local/UnrealEngine/Common/DerivedDataCache/Buckets/FShaderJobCacheShaders/37/9a/917030752ac4e708ab8b1d0e2c12860d3f4c.udd" 4658
"C:/Users/varghesechac/AppData/Local/UnrealEngine/Common/DerivedDataCache/Buckets/FShaderJobCacheShaders/0f/f7/e5b02c8746321dfd9f222ac3f17fbcc31890.udd" 4659
"C:/Users/varghesechac/AppData/Local/UnrealEngine/Common/DerivedDataCache/Buckets/FShaderJobCacheShaders/6f/56/70b0235f58696d39172899aba354a82116ec.udd" 4660
"C:/Users/varghesechac/AppData/Local/UnrealEngine/Common/DerivedDataCache/Buckets/FShaderJobCacheShaders/c5/ae/6366bbabb232fcc4ec66e4ff6d6a05bce664.udd" 4661
"C:/Users/varghesechac/AppData/Local/UnrealEngine/Common/DerivedDataCache/Buckets/FShaderJobCacheShaders/86/63/b28d8556583609fe194d7bc09f37a6fe87ee.udd" 4662
"C:/Users/varghesechac/AppData/Local/UnrealEngine/Common/DerivedDataCache/Buckets/FShaderJobCacheShaders/a0/a8/e63812a3264d46acf9236dca08056a9d4c2f.udd" 4663
"C:/Users/varghesechac/AppData/Local/UnrealEngine/Common/DerivedDataCache/Buckets/FShaderJobCacheShaders/81/af/938a8e7f7248d8d50becd2d22a27ca4c2f2e.udd" 4664
"C:/Users/varghesechac/AppData/Local/UnrealEngine/Common/DerivedDataCache/Buckets/FShaderJobCacheShaders/29/72/a9302f09f65ca08905960bffc1148f74a8a5.udd" 4665
"C:/Users/varghesechac/AppData/Local/UnrealEngine/Common/DerivedDataCache/Buckets/FShaderJobCacheShaders/c2/9c/c006fcbd9644428ad7880fc123835e3dd6db.udd" 4666
"C:/Users/varghesechac/AppData/Local/UnrealEngine/Common/DerivedDataCache/Buckets/FShaderJobCacheShaders/96/73/922615cf84845afac6d950bf74bc0584d591.udd" 4667
"C:/Users/varghesechac/AppData/Local/UnrealEngine/Common/DerivedDataCache/Buckets/FShaderJobCacheShaders/4a/a2/bdf307029daf35e2fe54561a133e35c5d357.udd" 4668
"C:/Users/varghesechac/AppData/Local/UnrealEngine/Common/DerivedDataCache/Buckets/FShaderJobCacheShaders/9a/26/87f63a9051217047d3eb128b2d695d817f5b.udd" 4669
"C:/Users/varghesechac/AppData/Local/UnrealEngine/Common/DerivedDataCache/Buckets/FShaderJobCacheShaders/39/c0/08ae70dd07b70e9c14d786c13b57c5adef03.udd" 4670
"C:/Users/varghesechac/AppData/Local/UnrealEngine/Common/DerivedDataCache/Buckets/FShaderJobCacheShaders/b8/78/fbe57e0e77845bf7ab8021c3d739fd022f8f.udd" 4671
"C:/Users/varghesechac/AppData/Local/UnrealEngine/Common/DerivedDataCache/Buckets/FShaderJobCacheShaders/8a/55/876e136793087fbd16ac29852b99cafa5fee.udd" 4672
"C:/Users/varghesechac/AppData/Local/UnrealEngine/Common/DerivedDataCache/Buckets/FShaderJobCacheShaders/c0/fd/11a9686de3b54dd79c587c67ccdcbfac57c7.udd" 4673
"C:/Users/varghesechac/AppData/Local/UnrealEngine/Common/DerivedDataCache/Buckets/FShaderJobCacheShaders/ba/14/01f046fc2694c5500b9d7dd317cfd3bb169f.udd" 4674
"C:/Users/varghesechac/AppData/Local/UnrealEngine/Common/DerivedDataCache/Buckets/FShaderJobCacheShaders/ef/1f/c22c33eada57c33cc485147a4f0cb90fd719.udd" 4675
"C:/Users/varghesechac/AppData/Local/UnrealEngine/Common/DerivedDataCache/Buckets/FShaderJobCacheShaders/f4/c2/2511dcf33e963c70aac0e4b35ac94f323746.udd" 4676
"C:/Users/varghesechac/AppData/Local/UnrealEngine/Common/DerivedDataCache/Buckets/FShaderJobCacheShaders/93/2a/071f2041d662861a94d35ed8755799a9e3db.udd" 4677
"C:/Users/varghesechac/AppData/Local/UnrealEngine/Common/DerivedDataCache/Buckets/FShaderJobCacheShaders/22/83/5a56c529d66dfa27b9c86fd91af5f6c43ae7.udd" 4678
"C:/Users/varghesechac/AppData/Local/UnrealEngine/Common/DerivedDataCache/Buckets/FShaderJobCacheShaders/03/5c/e161261691b9b57e7127efbc154b9e6dbd1e.udd" 4679
"C:/Users/varghesechac/AppData/Local/UnrealEngine/Common/DerivedDataCache/Buckets/FShaderJobCacheShaders/22/7a/d5bba882a670c39071bb7f426ebd70016e9f.udd" 4680
"C:/Users/varghesechac/AppData/Local/UnrealEngine/Common/DerivedDataCache/Buckets/FShaderJobCacheShaders/e1/3c/c264e9e4700aadcaf432b64bdf6ec3f88e63.udd" 4681
"C:/Users/varghesechac/AppData/Local/UnrealEngine/Common/DerivedDataCache/Buckets/FShaderJobCacheShaders/85/a6/3bcb75a6492bb5f6fbdb527d20f41e9a97e2.udd" 4682
"C:/Users/varghesechac/AppData/Local/UnrealEngine/Common/DerivedDataCache/Buckets/FShaderJobCacheShaders/e8/b5/5b0268f2c3bdfc52330755bda367c2b4648a.udd" 4683
"C:/Users/varghesechac/AppData/Local/UnrealEngine/Common/DerivedDataCache/Buckets/FShaderJobCacheShaders/4e/18/a4323b54ab958156974a3acd29d8f0cc5ec6.udd" 4684
"C:/Users/varghesechac/AppData/Local/UnrealEngine/Common/DerivedDataCache/Buckets/FShaderJobCacheShaders/c3/9c/63b1ed0fc6d05f5c2e575fe52143fcc30dac.udd" 4685
"C:/Users/varghesechac/AppData/Local/UnrealEngine/Common/DerivedDataCache/Buckets/FShaderJobCacheShaders/b2/70/bc9306a9e0531d24aa3958ccb31c9ab0d7dd.udd" 4686
"C:/Users/varghesechac/AppData/Local/UnrealEngine/Common/DerivedDataCache/Buckets/FShaderJobCacheShaders/ac/ed/8b1f403635d0d4a0bc67cbb7a4dbeb9d12f5.udd" 4687
"C:/Users/varghesechac/AppData/Local/UnrealEngine/Common/DerivedDataCache/Buckets/FShaderJobCacheShaders/f6/d1/c938f51165c10bfa99735d56c0e7530d8cc1.udd" 4688
"C:/Users/varghesechac/AppData/Local/UnrealEngine/Common/DerivedDataCache/Buckets/FShaderJobCacheShaders/21/2d/9a773736a057fafaf5ea3d725371df4684fc.udd" 4689
"C:/Users/varghesechac/AppData/Local/UnrealEngine/Common/DerivedDataCache/Buckets/FShaderJobCacheShaders/bc/e5/9c6408657a298aa05f77dbc326530099913f.udd" 4690
"C:/Users/varghesechac/AppData/Local/UnrealEngine/Common/DerivedDataCache/Buckets/FShaderJobCacheShaders/f3/e8/30324e10bd10a9088b381f27fcd10d940724.udd" 4691
"C:/Users/varghesechac/AppData/Local/UnrealEngine/Common/DerivedDataCache/Buckets/FShaderJobCacheShaders/ce/6b/971f40c0f0afaef54bffa119445f15b2b6a2.udd" 4692
"C:/Users/varghesechac/AppData/Local/UnrealEngine/Common/DerivedDataCache/Buckets/FShaderJobCacheShaders/23/7b/53ad92b609bb815fec2277ec23268c420d09.udd" 4693
"C:/Users/varghesechac/AppData/Local/UnrealEngine/Common/DerivedDataCache/Buckets/FShaderJobCacheShaders/a4/b1/041c6e92c0506b04f95f5f4784e43b75e189.udd" 4694
"C:/Users/varghesechac/AppData/Local/UnrealEngine/Common/DerivedDataCache/Buckets/FShaderJobCacheShaders/a1/a6/6032fa73a0cb92bfd17447b0da2a728d3d4c.udd" 4695
"C:/Users/varghesechac/AppData/Local/UnrealEngine/Common/DerivedDataCache/Buckets/FShaderJobCacheShaders/65/b8/d33796bd98677212bd0445500ad43f02fad4.udd" 4696
"C:/Users/varghesechac/AppData/Local/UnrealEngine/Common/DerivedDataCache/Buckets/FShaderJobCacheShaders/cf/37/e8a733abd0abd90d4ed4c7ddbca6f84cb6ab.udd" 4697
"C:/Users/varghesechac/AppData/Local/UnrealEngine/Common/DerivedDataCache/Buckets/FShaderJobCacheShaders/d1/de/460b33dcf9fe5805703124ed42cced3604ef.udd" 4698
"C:/Users/varghesechac/AppData/Local/UnrealEngine/Common/DerivedDataCache/Buckets/FShaderJobCacheShaders/3e/99/3d13800246a22054f20d59e2a672d1f9463d.udd" 4699
"C:/Users/varghesechac/AppData/Local/UnrealEngine/Common/DerivedDataCache/Buckets/FShaderJobCacheShaders/63/c2/8e5e9166d81e75839ed97e30695782b77df1.udd" 4700
"C:/Users/varghesechac/AppData/Local/UnrealEngine/Common/DerivedDataCache/Buckets/FShaderJobCacheShaders/33/03/393578b4734fda4fd3bb0a68ff0637f2563f.udd" 4701
"C:/Users/varghesechac/AppData/Local/UnrealEngine/Common/DerivedDataCache/Buckets/FShaderJobCacheShaders/38/58/2aa4d74e8f9580a90e3f0210b0ae9d52888a.udd" 4702
"C:/Users/varghesechac/AppData/Local/UnrealEngine/Common/DerivedDataCache/Buckets/FShaderJobCacheShaders/ae/17/88c5590368020237d7863b1e39c7c697ad1a.udd" 4703
"C:/Users/varghesechac/AppData/Local/UnrealEngine/Common/DerivedDataCache/Buckets/FShaderJobCacheShaders/35/3e/d6899aa37e32cd8d1d24a6f403234e76fbeb.udd" 4704
"C:/Users/varghesechac/AppData/Local/UnrealEngine/Common/DerivedDataCache/Buckets/FShaderJobCacheShaders/6f/59/448680aae2ee91ecacec54e4fbf5a1b33ed7.udd" 4705
"C:/Users/varghesechac/AppData/Local/UnrealEngine/Common/DerivedDataCache/Buckets/FShaderJobCacheShaders/6e/16/cc5a687fafa8ed422de9f91f4ecbf5d3e91e.udd" 4706
"C:/Users/varghesechac/AppData/Local/UnrealEngine/Common/DerivedDataCache/Buckets/FShaderJobCacheShaders/f2/cc/2046537d647dd376c72d055acddcb7c57518.udd" 4707
"C:/Users/varghesechac/AppData/Local/UnrealEngine/Common/DerivedDataCache/Buckets/FShaderJobCacheShaders/a5/3d/8d13679e202e897605fa481f40843c7f4293.udd" 4708
"C:/Users/varghesechac/AppData/Local/UnrealEngine/Common/DerivedDataCache/Buckets/FShaderJobCacheShaders/e8/d0/abf554dfa92c25adda432f366d49138ad557.udd" 4709
"C:/Users/varghesechac/AppData/Local/UnrealEngine/Common/DerivedDataCache/Buckets/FShaderJobCacheShaders/07/88/ac6577e9b60acf151bf9bcc3febbc5907a06.udd" 4710
"C:/Users/varghesechac/AppData/Local/UnrealEngine/Common/DerivedDataCache/Buckets/FShaderJobCacheShaders/e4/83/801d9dbb19e911c0a3eae74dc1baf90aae50.udd" 4711
"C:/Users/varghesechac/AppData/Local/UnrealEngine/Common/DerivedDataCache/Buckets/FShaderJobCacheShaders/96/85/bf95c50587cca557a7af8804c25d3aa96dc8.udd" 4712
"C:/Users/varghesechac/AppData/Local/UnrealEngine/Common/DerivedDataCache/Buckets/FShaderJobCacheShaders/74/6c/360cb8d21340b058c4e93757045f78f1fbc5.udd" 4713
"C:/Users/varghesechac/AppData/Local/UnrealEngine/Common/DerivedDataCache/Buckets/FShaderJobCacheShaders/a2/52/0abe66feab7e5fd9a2cbac0f4514a42d7666.udd" 4714
"C:/Users/varghesechac/AppData/Local/UnrealEngine/Common/DerivedDataCache/Buckets/FShaderJobCacheShaders/32/37/9b31486881f9a080a6aaeeaac01fe619b426.udd" 4715
"C:/Users/varghesechac/AppData/Local/UnrealEngine/Common/DerivedDataCache/Buckets/FShaderJobCacheShaders/3e/e5/b5da4ff854a57b518ce4b85554415be4fa70.udd" 4716
"C:/Users/varghesechac/AppData/Local/UnrealEngine/Common/DerivedDataCache/Buckets/FShaderJobCacheShaders/e9/18/6f16a994265ce3795bfa69a85ab2120862d6.udd" 4717
"C:/Users/varghesechac/AppData/Local/UnrealEngine/Common/DerivedDataCache/Buckets/FShaderJobCacheShaders/6e/df/3ed8dec7b867d4ebce0ea4e1c06373902e6a.udd" 4718
"C:/Users/varghesechac/AppData/Local/UnrealEngine/Common/DerivedDataCache/Buckets/FShaderJobCacheShaders/83/23/7f415f7bc046d4bda5e0dba5c5d2368295b2.udd" 4719
"C:/Users/varghesechac/AppData/Local/UnrealEngine/Common/DerivedDataCache/Buckets/FShaderJobCacheShaders/31/6f/cafa5c51367ab487095edc6dfea5571a1718.udd" 4720
"C:/Users/varghesechac/AppData/Local/UnrealEngine/Common/DerivedDataCache/Buckets/FShaderJobCacheShaders/d4/86/411b6d937451cf5e751a5e9129ff5640ea5f.udd" 4721
"C:/Users/varghesechac/AppData/Local/UnrealEngine/Common/DerivedDataCache/Buckets/FShaderJobCacheShaders/48/aa/20109aca9c984e28c03d5ec6f366626d8ce8.udd" 4722
"C:/Users/varghesechac/AppData/Local/UnrealEngine/Common/DerivedDataCache/Buckets/FShaderJobCacheShaders/b8/5c/cab0dcb7ec37170d647e95264da51344667b.udd" 4723
"C:/Users/varghesechac/AppData/Local/UnrealEngine/Common/DerivedDataCache/Buckets/FShaderJobCacheShaders/13/9a/714c85fe1ea05b271f5831a7d86ae0706875.udd" 4724
"C:/Users/varghesechac/AppData/Local/UnrealEngine/Common/DerivedDataCache/Buckets/FShaderJobCacheShaders/91/90/092a95847c1da4e5f62a7d647cf457c8c620.udd" 4725
"C:/Users/varghesechac/AppData/Local/UnrealEngine/Common/DerivedDataCache/Buckets/FShaderJobCacheShaders/cf/bd/cba77eafad0bbb884ea0ab25b9055b7af009.udd" 4726
"C:/Users/varghesechac/AppData/Local/UnrealEngine/Common/DerivedDataCache/Buckets/FShaderJobCacheShaders/e7/ec/be9b49c698d24a929c0efe18ca4c0bc1b7a4.udd" 4727
"C:/Users/varghesechac/AppData/Local/UnrealEngine/Common/DerivedDataCache/Buckets/FShaderJobCacheShaders/81/36/e54886ebf0c55092a91316ef7ed81e44d5d4.udd" 4728
"C:/Users/varghesechac/AppData/Local/UnrealEngine/Common/DerivedDataCache/Buckets/FShaderJobCacheShaders/19/c5/ccb0dd150bbcc07f355dc921253d2560cc7d.udd" 4729
"C:/Users/varghesechac/AppData/Local/UnrealEngine/Common/DerivedDataCache/Buckets/FShaderJobCacheShaders/f5/cf/46c45e36a9ea8a2597854bb9e8042d7fe347.udd" 4730
"C:/Users/varghesechac/AppData/Local/UnrealEngine/Common/DerivedDataCache/Buckets/FShaderJobCacheShaders/3b/2f/a007730cc8c388a67aec0d2b9953da7fb73c.udd" 4731
"C:/Users/varghesechac/AppData/Local/UnrealEngine/Common/DerivedDataCache/Buckets/FShaderJobCacheShaders/64/e8/5fcb5a8f328607161ea4c764c224f70cd20d.udd" 4732
"C:/Users/varghesechac/AppData/Local/UnrealEngine/Common/DerivedDataCache/Buckets/FShaderJobCacheShaders/a7/d4/5c57ed488cab915141152f15b48531ba13cb.udd" 4733
"C:/Users/varghesechac/AppData/Local/UnrealEngine/Common/DerivedDataCache/Buckets/FShaderJobCacheShaders/03/9c/68d92b2c5218cd6d8fd58112224332c8679c.udd" 4734
"C:/Users/varghesechac/AppData/Local/UnrealEngine/Common/DerivedDataCache/Buckets/FShaderJobCacheShaders/9a/66/5eb9be7576c8d269bbead4250420548191e9.udd" 4735
"C:/Users/varghesechac/AppData/Local/UnrealEngine/Common/DerivedDataCache/Buckets/FShaderJobCacheShaders/21/da/03e8dc2335fa5b9dd5c73e18dc93c6735f9a.udd" 4736
"C:/Users/varghesechac/AppData/Local/UnrealEngine/Common/DerivedDataCache/Buckets/FShaderJobCacheShaders/60/e7/632f4a809da2441229deb014bc0cf29cd68c.udd" 4737
"C:/Users/varghesechac/AppData/Local/UnrealEngine/Common/DerivedDataCache/Buckets/FShaderJobCacheShaders/39/da/bc6c345a795a107de4ed88c9f43c1b719cc8.udd" 4738
"C:/Users/varghesechac/AppData/Local/UnrealEngine/Common/DerivedDataCache/Buckets/FShaderJobCacheShaders/4b/92/90e33539af44cc0641f84011a6d52b85378d.udd" 4739
"C:/Users/varghesechac/AppData/Local/UnrealEngine/Common/DerivedDataCache/Buckets/FShaderJobCacheShaders/25/d6/b7f92678472fc00690acb6f1fcd909acf910.udd" 4740
"C:/Users/varghesechac/AppData/Local/UnrealEngine/Common/DerivedDataCache/Buckets/FShaderJobCacheShaders/5a/e9/0d161d53739b1c7aa547a8978e69ee2ff851.udd" 4741
"C:/Users/varghesechac/AppData/Local/UnrealEngine/Common/DerivedDataCache/Buckets/FShaderJobCacheShaders/3c/b2/a41ca23139e633e234ae5badf915621d8f3d.udd" 4742
"C:/Users/varghesechac/AppData/Local/UnrealEngine/Common/DerivedDataCache/Buckets/FShaderJobCacheShaders/a6/96/33afd2e688efcce6077d39ec5577d74ba5f2.udd" 4743
"C:/Users/varghesechac/AppData/Local/UnrealEngine/Common/DerivedDataCache/Buckets/FShaderJobCacheShaders/e7/21/db957d5eae207def04f54bd8c7b81eeef86b.udd" 4744
"C:/Users/varghesechac/AppData/Local/UnrealEngine/Common/DerivedDataCache/Buckets/FShaderJobCacheShaders/fc/54/8e91da4e0e4a2d6f5f4740bb299daf7eebc4.udd" 4745
"C:/Users/varghesechac/AppData/Local/UnrealEngine/Common/DerivedDataCache/Buckets/FShaderJobCacheShaders/ec/c6/a6e29d0e090705856334ec1c1decfe50ba96.udd" 4746
"C:/Users/varghesechac/AppData/Local/UnrealEngine/Common/DerivedDataCache/Buckets/FShaderJobCacheShaders/10/7d/42b12edbc593a87460f5a8997429e897aa1e.udd" 4747
"C:/Users/varghesechac/AppData/Local/UnrealEngine/Common/DerivedDataCache/Buckets/FShaderJobCacheShaders/bd/e1/c4c1a4a9ceebe3b145dcc8c26ead6087f6ab.udd" 4748
"C:/Users/varghesechac/AppData/Local/UnrealEngine/Common/DerivedDataCache/Buckets/FShaderJobCacheShaders/57/ae/f18c60806607b5f18c3d8bbff266dc8bbb9d.udd" 4749
"C:/Users/varghesechac/AppData/Local/UnrealEngine/Common/DerivedDataCache/Buckets/FShaderJobCacheShaders/7c/c9/6db4e7fc5420ca86ef84b521c1c0ac4b57bc.udd" 4750
"C:/Users/varghesechac/AppData/Local/UnrealEngine/Common/DerivedDataCache/Buckets/FShaderJobCacheShaders/47/1b/6720e1c32ba243e9272233bee3b072a0c1ce.udd" 4751
"C:/Users/varghesechac/AppData/Local/UnrealEngine/Common/DerivedDataCache/Buckets/FShaderJobCacheShaders/3c/2b/6824766e67b4f6dc39ad323109d103d36edf.udd" 4752
"C:/Users/varghesechac/AppData/Local/UnrealEngine/Common/DerivedDataCache/Buckets/FShaderJobCacheShaders/2e/9f/573816af4e28f0aec30573ab99dfb6ccdea5.udd" 4753
"C:/Users/varghesechac/AppData/Local/UnrealEngine/Common/DerivedDataCache/Buckets/FShaderJobCacheShaders/77/91/fafdfae9e38f04ea6e23bb08f22b9a6ea53f.udd" 4754
"C:/Users/varghesechac/AppData/Local/UnrealEngine/Common/DerivedDataCache/Buckets/FShaderJobCacheShaders/11/e8/96be36e8870a14ae87601bca6815b364e4dd.udd" 4755
"C:/Users/varghesechac/AppData/Local/UnrealEngine/Common/DerivedDataCache/Buckets/FShaderJobCacheShaders/a1/30/306b9eb7805dfd0fa9f7720c9c0739643767.udd" 4756
"C:/Users/varghesechac/AppData/Local/UnrealEngine/Common/DerivedDataCache/Buckets/FShaderJobCacheShaders/d3/be/28597b5a1da5f1fb55b74af6950b3bc1a7f5.udd" 4757
"C:/Users/varghesechac/AppData/Local/UnrealEngine/Common/DerivedDataCache/Buckets/FShaderJobCacheShaders/72/72/770abf2f2e523ef819a90efcaf4948c373ab.udd" 4758
"C:/Users/varghesechac/AppData/Local/UnrealEngine/Common/DerivedDataCache/Buckets/FShaderJobCacheShaders/89/25/9a7dc741cde4a040593732338f5c75459f0a.udd" 4759
"C:/Users/varghesechac/AppData/Local/UnrealEngine/Common/DerivedDataCache/Buckets/FShaderJobCacheShaders/37/af/3ce1b58b4b0e564d205d89f4c7ecf82b2008.udd" 4760
"C:/Users/varghesechac/AppData/Local/UnrealEngine/Common/DerivedDataCache/Buckets/FShaderJobCacheShaders/4a/f1/4d3f5154191f77db424e2e61adb4f99c7c7c.udd" 4761
"C:/Users/varghesechac/AppData/Local/UnrealEngine/Common/DerivedDataCache/Buckets/FShaderJobCacheShaders/14/25/138cb36cc4311c81381f196f5e84c7691ce9.udd" 4762
"C:/Users/varghesechac/AppData/Local/UnrealEngine/Common/DerivedDataCache/Buckets/FShaderJobCacheShaders/bd/de/712550c77a828884b5fa2c0c1403e1fe884f.udd" 4763
"C:/Users/varghesechac/AppData/Local/UnrealEngine/Common/DerivedDataCache/Buckets/FShaderJobCacheShaders/7a/9f/c3a8d3d1093050526989bb2b0d8da81617df.udd" 4764
"C:/Users/varghesechac/AppData/Local/UnrealEngine/Common/DerivedDataCache/Buckets/FShaderJobCacheShaders/d9/72/d9b3e2e0b82b3185edc46a0e0dc39169630b.udd" 4765
"C:/Users/varghesechac/AppData/Local/UnrealEngine/Common/DerivedDataCache/Buckets/FShaderJobCacheShaders/23/4f/d5ee29252c3fe1e7574b0f49e55368fa797a.udd" 4766
"C:/Users/varghesechac/AppData/Local/UnrealEngine/Common/DerivedDataCache/Buckets/FShaderJobCacheShaders/cd/4f/0c2fb7722a93ca46a976a1c87f4f55d83e86.udd" 4767
"C:/Users/varghesechac/AppData/Local/UnrealEngine/Common/DerivedDataCache/Buckets/FShaderJobCacheShaders/ee/d8/d97a49eccef58599b5588339aed9f203d05c.udd" 4768
"C:/Users/varghesechac/AppData/Local/UnrealEngine/Common/DerivedDataCache/Buckets/FShaderJobCacheShaders/47/94/b57a83fa22c8eb29fdab8189e7735a464497.udd" 4769
"C:/Users/varghesechac/AppData/Local/UnrealEngine/Common/DerivedDataCache/Buckets/FShaderJobCacheShaders/e7/ec/116774914a42a6f3099674aff09a850726dc.udd" 4770
"C:/Users/varghesechac/AppData/Local/UnrealEngine/Common/DerivedDataCache/Buckets/FShaderJobCacheShaders/b6/73/e2345f7f0199a2698459b7cb667f550aacb5.udd" 4771
"C:/Users/varghesechac/AppData/Local/UnrealEngine/Common/DerivedDataCache/Buckets/FShaderJobCacheShaders/7b/94/6499694d8ed919a85156f234ea3c7b2067da.udd" 4772
"C:/Users/varghesechac/AppData/Local/UnrealEngine/Common/DerivedDataCache/Buckets/FShaderJobCacheShaders/68/4a/7e22175e6d20c68990ac9cda7a990e32769e.udd" 4773
"C:/Users/varghesechac/AppData/Local/UnrealEngine/Common/DerivedDataCache/Buckets/FShaderJobCacheShaders/3f/c6/f796ae056ba46d11b7c9c6e00a619994e291.udd" 4774
"C:/Users/varghesechac/AppData/Local/UnrealEngine/Common/DerivedDataCache/Buckets/FShaderJobCacheShaders/c7/e4/ceef40b2f300731e3b98410c0684f2144713.udd" 4775
"C:/Users/varghesechac/AppData/Local/UnrealEngine/Common/DerivedDataCache/Buckets/FShaderJobCacheShaders/74/8e/62803016482f6625d76cd1ad08e299aeacee.udd" 4776
"C:/Users/varghesechac/AppData/Local/UnrealEngine/Common/DerivedDataCache/Buckets/FShaderJobCacheShaders/5f/e6/0f57e6a125f22644974648e0526acce8d69a.udd" 4777
"C:/Users/varghesechac/AppData/Local/UnrealEngine/Common/DerivedDataCache/Buckets/FShaderJobCacheShaders/a8/27/357341b1708473c50d4d85f12f81a8d1b1cb.udd" 4778
"C:/Users/varghesechac/AppData/Local/UnrealEngine/Common/DerivedDataCache/Buckets/FShaderJobCacheShaders/75/72/31d1fcba54097053c1c774f3ff8a27e907a4.udd" 4779
"C:/Users/varghesechac/AppData/Local/UnrealEngine/Common/DerivedDataCache/Buckets/FShaderJobCacheShaders/a3/ae/0fafbb0c60d79794e705e30a8643bff8a497.udd" 4780
"C:/Users/varghesechac/AppData/Local/UnrealEngine/Common/DerivedDataCache/Buckets/FShaderJobCacheShaders/d0/7a/d24d80f6f013d4ef921e17daddea3bd52305.udd" 4781
"C:/Users/varghesechac/AppData/Local/UnrealEngine/Common/DerivedDataCache/Buckets/FShaderJobCacheShaders/ad/1d/6ae46a1dfe7ed7d7e7cf2c7780309a142d6c.udd" 4782
"C:/Users/varghesechac/AppData/Local/UnrealEngine/Common/DerivedDataCache/Buckets/FShaderJobCacheShaders/41/b7/84b87c08f42bb082ac0720dbc2e6c67e5bce.udd" 4783
"C:/Users/varghesechac/AppData/Local/UnrealEngine/Common/DerivedDataCache/Buckets/FShaderJobCacheShaders/82/59/ec12bdd6f8e978e9393bc2a91c12e1e71b71.udd" 4784
"C:/Users/varghesechac/AppData/Local/UnrealEngine/Common/DerivedDataCache/Buckets/FShaderJobCacheShaders/0b/bb/1a75188b36f61903a85e9ce13999464c6fcc.udd" 4785
"C:/Users/varghesechac/AppData/Local/UnrealEngine/Common/DerivedDataCache/Buckets/FShaderJobCacheShaders/65/84/559e3de11b2c81ce5cd28f25e3d12888907a.udd" 4786
"C:/Users/varghesechac/AppData/Local/UnrealEngine/Common/DerivedDataCache/Buckets/FShaderJobCacheShaders/b1/13/8b214bf9fc2ce1041fa41e11544163e80df3.udd" 4787
"C:/Users/varghesechac/AppData/Local/UnrealEngine/Common/DerivedDataCache/Buckets/FShaderJobCacheShaders/14/b4/d88440f57b314ebddb1c521541bad9dd78e5.udd" 4788
"C:/Users/varghesechac/AppData/Local/UnrealEngine/Common/DerivedDataCache/Buckets/FShaderJobCacheShaders/fc/03/66570a84d7b0f19bc4d6d3c87a371f5110af.udd" 4789
"C:/Users/varghesechac/AppData/Local/UnrealEngine/Common/DerivedDataCache/Buckets/FShaderJobCacheShaders/de/ce/f471367a12d2740ff1467eb11a9f594b5465.udd" 4790
"C:/Users/varghesechac/AppData/Local/UnrealEngine/Common/DerivedDataCache/Buckets/FShaderJobCacheShaders/e2/d6/7184e80b799ddc513a021272c137bcdd855b.udd" 4791
"C:/Users/varghesechac/AppData/Local/UnrealEngine/Common/DerivedDataCache/Buckets/FShaderJobCacheShaders/13/75/63031206f0c04a815ba24a3dbce369027aaa.udd" 4792
"C:/Users/varghesechac/AppData/Local/UnrealEngine/Common/DerivedDataCache/Buckets/FShaderJobCacheShaders/a4/08/aba26774c72200571ff0bd4beb2805e17d1a.udd" 4793
"C:/Users/varghesechac/AppData/Local/UnrealEngine/Common/DerivedDataCache/Buckets/FShaderJobCacheShaders/ce/9e/3280fcf18f1b4b008be31c3e46a5b91bc52f.udd" 4794
"C:/Users/varghesechac/AppData/Local/UnrealEngine/Common/DerivedDataCache/Buckets/FShaderJobCacheShaders/31/fb/8528635fddf2216b0e7c1c1a57c82ac89db9.udd" 4795
"C:/Users/varghesechac/AppData/Local/UnrealEngine/Common/DerivedDataCache/Buckets/FShaderJobCacheShaders/dc/ae/c5efe15ba1c776134e8b7b72bbc18cc00d68.udd" 4796
"C:/Users/varghesechac/AppData/Local/UnrealEngine/Common/DerivedDataCache/Buckets/FShaderJobCacheShaders/67/bf/a9f487436d7aaa27bbf5f5f3ea7111cb6cf6.udd" 4797
"C:/Users/varghesechac/AppData/Local/UnrealEngine/Common/DerivedDataCache/Buckets/FShaderJobCacheShaders/1b/19/9af75e33711cdd84e6d8a3918fca111a2a98.udd" 4798
"C:/Users/varghesechac/AppData/Local/UnrealEngine/Common/DerivedDataCache/Buckets/FShaderJobCacheShaders/98/cd/311849aa4f0bc46ac70d693832316432daf5.udd" 4799
"C:/Users/varghesechac/AppData/Local/UnrealEngine/Common/DerivedDataCache/Buckets/FShaderJobCacheShaders/dd/be/f9ec9b6b10707d50d2dfa12dc9f7ddd59f09.udd" 4800
"C:/Users/varghesechac/AppData/Local/UnrealEngine/Common/DerivedDataCache/Buckets/FShaderJobCacheShaders/d6/a7/19e41934e765ab5b663071ee6a1abb3c2c78.udd" 4801
"C:/Users/varghesechac/AppData/Local/UnrealEngine/Common/DerivedDataCache/Buckets/FShaderJobCacheShaders/b2/c4/c84e2b2c363113e028f458656a9756a603e0.udd" 4802
"C:/Users/varghesechac/AppData/Local/UnrealEngine/Common/DerivedDataCache/Buckets/FShaderJobCacheShaders/02/93/827602536608767cac3d58c0f294e263953e.udd" 4803
"C:/Users/varghesechac/AppData/Local/UnrealEngine/Common/DerivedDataCache/Buckets/FShaderJobCacheShaders/ee/4c/dac8f917596aa8c0d743c6448f317fc424f4.udd" 4804
"C:/Users/varghesechac/AppData/Local/UnrealEngine/Common/DerivedDataCache/Buckets/FShaderJobCacheShaders/17/86/b8aa6b5e7a0c6f7eab06196a5fb8dda0db09.udd" 4805
"C:/Users/varghesechac/AppData/Local/UnrealEngine/Common/DerivedDataCache/Buckets/FShaderJobCacheShaders/a2/d2/a426444dcaa5502d479c3d5fa95e3acff6c8.udd" 4806
"C:/Users/varghesechac/AppData/Local/UnrealEngine/Common/DerivedDataCache/Buckets/FShaderJobCacheShaders/7a/59/c94c84c5cd885b81f3d8a3af49d0de36b5bd.udd" 4807
"C:/Users/varghesechac/AppData/Local/UnrealEngine/Common/DerivedDataCache/Buckets/FShaderJobCacheShaders/f3/2d/168e74193184b72f86aac8698b0d882472c5.udd" 4808
"C:/Users/varghesechac/AppData/Local/UnrealEngine/Common/DerivedDataCache/Buckets/FShaderJobCacheShaders/3f/5c/b43cd96d9d183c55fd0fbf4da800b637c8c2.udd" 4809
"C:/Users/varghesechac/AppData/Local/UnrealEngine/Common/DerivedDataCache/Buckets/FShaderJobCacheShaders/64/8a/17fdfe034fd687adb6badc8e82ed2d1a74b2.udd" 4810
"C:/Users/varghesechac/AppData/Local/UnrealEngine/Common/DerivedDataCache/Buckets/FShaderJobCacheShaders/c1/bd/fd18cfd65d3b60c07ecc7581728123dcf4f3.udd" 4811
"C:/Users/varghesechac/AppData/Local/UnrealEngine/Common/DerivedDataCache/Buckets/FShaderJobCacheShaders/4a/5a/5d5465c6fbb7fc5006489d5303299f56fbef.udd" 4812
"C:/Users/varghesechac/AppData/Local/UnrealEngine/Common/DerivedDataCache/Buckets/FShaderJobCacheShaders/5f/ce/427be23f47883d1acf9c1f78a8027baecddc.udd" 4813
"C:/Users/varghesechac/AppData/Local/UnrealEngine/Common/DerivedDataCache/Buckets/FShaderJobCacheShaders/f0/72/8730cf5e9dde40623cf3180a337e9c5893f0.udd" 4814
"C:/Users/varghesechac/AppData/Local/UnrealEngine/Common/DerivedDataCache/Buckets/FShaderJobCacheShaders/d4/89/e3529ff5574dae0b6c4dd1da14d008f93fdf.udd" 4815
"C:/Users/varghesechac/AppData/Local/UnrealEngine/Common/DerivedDataCache/Buckets/FShaderJobCacheShaders/0a/33/f3991b91cd49f4d3e4385b3e3b04807d1c5a.udd" 4816
"C:/Users/varghesechac/AppData/Local/UnrealEngine/Common/DerivedDataCache/Buckets/FShaderJobCacheShaders/8f/de/18e679de3751d7aab796d3b79e63e0f020a8.udd" 4817
"C:/Users/varghesechac/AppData/Local/UnrealEngine/Common/DerivedDataCache/Buckets/FShaderJobCacheShaders/3a/20/b9420770dcc802a58b5771022000f41930f7.udd" 4818
"C:/Users/varghesechac/AppData/Local/UnrealEngine/Common/DerivedDataCache/Buckets/FShaderJobCacheShaders/e3/62/059b44529bbfb332c1a7e76a04f08d5e6dd7.udd" 4819
"C:/Users/varghesechac/AppData/Local/UnrealEngine/Common/DerivedDataCache/Buckets/FShaderJobCacheShaders/67/1b/effd1a980ab3a806b0ac72970aa362817f3f.udd" 4820
"C:/Users/varghesechac/AppData/Local/UnrealEngine/Common/DerivedDataCache/Buckets/FShaderJobCacheShaders/13/81/bec38d7101bd15d0f4c66a6f9fd6052f3653.udd" 4821
"C:/Users/varghesechac/AppData/Local/UnrealEngine/Common/DerivedDataCache/Buckets/FShaderJobCacheShaders/e9/ab/2d0268378e628a498a19f667e103b25ab950.udd" 4822
"C:/Users/varghesechac/AppData/Local/UnrealEngine/Common/DerivedDataCache/Buckets/FShaderJobCacheShaders/30/6c/e6907a63ebc3a00f92ac8128439653b3c3af.udd" 4823
"C:/Users/varghesechac/AppData/Local/UnrealEngine/Common/DerivedDataCache/Buckets/FShaderJobCacheShaders/dd/0d/2f9f0bff2546d3f3b633f6a70d8a01f7b84c.udd" 4824
"C:/Users/varghesechac/AppData/Local/UnrealEngine/Common/DerivedDataCache/Buckets/FShaderJobCacheShaders/12/1f/f63631e77689c4572cf3bbeda8a237d599bf.udd" 4825
"C:/Users/varghesechac/AppData/Local/UnrealEngine/Common/DerivedDataCache/Buckets/FShaderJobCacheShaders/9e/ff/1fe6e396b629dd2b8fe68328c92856dfa228.udd" 4826
"C:/Users/varghesechac/AppData/Local/UnrealEngine/Common/DerivedDataCache/Buckets/FShaderJobCacheShaders/37/02/6ffe09f3cdacf78b8694294af6aa90da7981.udd" 4827
"C:/Users/varghesechac/AppData/Local/UnrealEngine/Common/DerivedDataCache/Buckets/FShaderJobCacheShaders/3e/a2/aac3905e5dd54031d21b116c7cabae1cb356.udd" 4828
"C:/Users/varghesechac/AppData/Local/UnrealEngine/Common/DerivedDataCache/Buckets/FShaderJobCacheShaders/40/56/8688175aece6a8439e9b3c38a25076d3ff57.udd" 4829
"C:/Users/varghesechac/AppData/Local/UnrealEngine/Common/DerivedDataCache/Buckets/FShaderJobCacheShaders/b5/fe/30eca969b38a1888f3055860d71d2c83450b.udd" 4830
"C:/Users/varghesechac/AppData/Local/UnrealEngine/Common/DerivedDataCache/Buckets/FShaderJobCacheShaders/80/79/9109ebad4e2bb08e8e048e3ec6589da59400.udd" 4831
"C:/Users/varghesechac/AppData/Local/UnrealEngine/Common/DerivedDataCache/Buckets/FShaderJobCacheShaders/6b/7c/7e0a7baf956de670536ea85b350d5a3c0cfd.udd" 4832
"C:/Users/varghesechac/AppData/Local/UnrealEngine/Common/DerivedDataCache/Buckets/FShaderJobCacheShaders/4e/92/e999f0e2ea6ffea74f30e4b452aedab60474.udd" 4833
"C:/Users/varghesechac/AppData/Local/UnrealEngine/Common/DerivedDataCache/Buckets/FShaderJobCacheShaders/32/52/2f74fe137fa85d69fed94951fb9c1b632739.udd" 4834
"C:/Users/varghesechac/AppData/Local/UnrealEngine/Common/DerivedDataCache/Buckets/FShaderJobCacheShaders/5b/64/f65f7a9d9f698fee92fdbca5eaaa5215ea41.udd" 4835
"C:/Users/varghesechac/AppData/Local/UnrealEngine/Common/DerivedDataCache/Buckets/FShaderJobCacheShaders/13/0c/ada5da74258646bb1583a6c108f16dd4968e.udd" 4836
"C:/Users/varghesechac/AppData/Local/UnrealEngine/Common/DerivedDataCache/Buckets/FShaderJobCacheShaders/f2/37/bab94f724137c48ae3da5bb7cef3b632a030.udd" 4837
"C:/Users/varghesechac/AppData/Local/UnrealEngine/Common/DerivedDataCache/Buckets/FShaderJobCacheShaders/f7/73/246463c5da269656c6e6537e30e1b8487014.udd" 4838
"C:/Users/varghesechac/AppData/Local/UnrealEngine/Common/DerivedDataCache/Buckets/FShaderJobCacheShaders/59/cd/d00594eedb04f4ca2dbab47166d60dab7062.udd" 4839
"C:/Users/varghesechac/AppData/Local/UnrealEngine/Common/DerivedDataCache/Buckets/FShaderJobCacheShaders/93/d3/eb6c028ec5895ec51504c01ea5f3df4e7470.udd" 4840
"C:/Users/varghesechac/AppData/Local/UnrealEngine/Common/DerivedDataCache/Buckets/FShaderJobCacheShaders/a8/40/e61f5a18161eadb7f4ebf345687ee4db0b2d.udd" 4841
"C:/Users/varghesechac/AppData/Local/UnrealEngine/Common/DerivedDataCache/Buckets/FShaderJobCacheShaders/13/70/a70f7d96f81d7e6bbcaaf74c2496fba8bb71.udd" 4842
"C:/Users/varghesechac/AppData/Local/UnrealEngine/Common/DerivedDataCache/Buckets/FShaderJobCacheShaders/1b/83/3bb43b6e2c159fa4b2f092494a144601c338.udd" 4843
"C:/Users/varghesechac/AppData/Local/UnrealEngine/Common/DerivedDataCache/Buckets/FShaderJobCacheShaders/d2/be/80c67a0c0baa0de5542e9fabcca15d1f021f.udd" 4844
"C:/Users/varghesechac/AppData/Local/UnrealEngine/Common/DerivedDataCache/Buckets/FShaderJobCacheShaders/01/a7/263f8a89830836ad787b2d753fcf2d0ca86c.udd" 4845
"C:/Users/varghesechac/AppData/Local/UnrealEngine/Common/DerivedDataCache/Buckets/FShaderJobCacheShaders/f7/4e/f47e7d14b6fb7c9b58cef4c1a7144dce111e.udd" 4846
"C:/Users/varghesechac/AppData/Local/UnrealEngine/Common/DerivedDataCache/Buckets/FShaderJobCacheShaders/bb/aa/09815f1458b1a91c28f931fb74f6e4d08f66.udd" 4847
"C:/Users/varghesechac/AppData/Local/UnrealEngine/Common/DerivedDataCache/Buckets/FShaderJobCacheShaders/01/88/45c6665ea4101d198f4a79d33ca480f8f28c.udd" 4848
"C:/Users/varghesechac/AppData/Local/UnrealEngine/Common/DerivedDataCache/Buckets/FShaderJobCacheShaders/7e/9f/e7f710fc95a6f4abba771c8863dcbdb87f31.udd" 4849
"C:/Users/varghesechac/AppData/Local/UnrealEngine/Common/DerivedDataCache/Buckets/FShaderJobCacheShaders/26/07/c40f044e6eb04feacd79bafa27a16510562b.udd" 4850
"C:/Users/varghesechac/AppData/Local/UnrealEngine/Common/DerivedDataCache/Buckets/FShaderJobCacheShaders/f6/20/51714883f12207f79da2ec532efae4cea847.udd" 4851
"C:/Users/varghesechac/AppData/Local/UnrealEngine/Common/DerivedDataCache/Buckets/FShaderJobCacheShaders/46/2a/3c67f06397ac517f559bdb003e19332e7135.udd" 4852
"C:/Users/varghesechac/AppData/Local/UnrealEngine/Common/DerivedDataCache/Buckets/FShaderJobCacheShaders/b4/fb/dec861d10abb8f4799ec0c0954891deed789.udd" 4853
"C:/Users/varghesechac/AppData/Local/UnrealEngine/Common/DerivedDataCache/Buckets/FShaderJobCacheShaders/36/07/e36cc44070e018b5d9838b4640a13ee6d204.udd" 4854
"C:/Users/varghesechac/AppData/Local/UnrealEngine/Common/DerivedDataCache/Buckets/FShaderJobCacheShaders/fe/59/50397ed74ff78c0a9e819c04f11336b7cbf9.udd" 4855
"C:/Users/varghesechac/AppData/Local/UnrealEngine/Common/DerivedDataCache/Buckets/FShaderJobCacheShaders/7e/4a/4757483f84e77d1b4dfba65bd7b8af802501.udd" 4856
"C:/Users/varghesechac/AppData/Local/UnrealEngine/Common/DerivedDataCache/Buckets/FShaderJobCacheShaders/d9/40/692867471b760ee9ab40ad46fe3c714ed406.udd" 4857
"C:/Users/varghesechac/AppData/Local/UnrealEngine/Common/DerivedDataCache/Buckets/FShaderJobCacheShaders/c8/11/1e57ffcf86f397a7f55f41a99c02fe478a68.udd" 4858
"C:/Users/varghesechac/AppData/Local/UnrealEngine/Common/DerivedDataCache/Buckets/FShaderJobCacheShaders/c2/f3/7ce7a7efe647a1e5afd844769808d94fb6fb.udd" 4859
"C:/Users/varghesechac/AppData/Local/UnrealEngine/Common/DerivedDataCache/Buckets/FShaderJobCacheShaders/b2/7c/a2c04e00bad28c4d3043293b15d8f8a70201.udd" 4860
"C:/Users/varghesechac/AppData/Local/UnrealEngine/Common/DerivedDataCache/Buckets/FShaderJobCacheShaders/e6/d6/96a1b14261439d068f91b95f5bbe5b312eac.udd" 4861
"C:/Users/varghesechac/AppData/Local/UnrealEngine/Common/DerivedDataCache/Buckets/FShaderJobCacheShaders/67/e7/f15f95de6c93d779d3855c600fe6d7364f2d.udd" 4862
"C:/Users/varghesechac/AppData/Local/UnrealEngine/Common/DerivedDataCache/Buckets/FShaderJobCacheShaders/6e/53/353f6991706f43537b5af40b0cb6fedb9eea.udd" 4863
"C:/Users/varghesechac/AppData/Local/UnrealEngine/Common/DerivedDataCache/Buckets/FShaderJobCacheShaders/56/d6/7f1ac3bcce1d83b04293f9f987d1b85a6f1b.udd" 4864
"C:/Users/varghesechac/AppData/Local/UnrealEngine/Common/DerivedDataCache/Buckets/FShaderJobCacheShaders/89/fe/f8b16fb26aad8457051f43eb1bd68a6c097b.udd" 4865
"C:/Users/varghesechac/AppData/Local/UnrealEngine/Common/DerivedDataCache/Buckets/FShaderJobCacheShaders/50/bf/bd58197f3eacee50edd67c3fa92e782abbc2.udd" 4866
"C:/Users/varghesechac/AppData/Local/UnrealEngine/Common/DerivedDataCache/Buckets/FShaderJobCacheShaders/59/8a/edf92c36734b2a733b380ad1e1f7e54363ec.udd" 4867
"C:/Users/varghesechac/AppData/Local/UnrealEngine/Common/DerivedDataCache/Buckets/FShaderJobCacheShaders/01/98/774366f011543ab9897eaa88d6bcfd523421.udd" 4868
"C:/Users/varghesechac/AppData/Local/UnrealEngine/Common/DerivedDataCache/Buckets/FShaderJobCacheShaders/70/aa/b194d5ef4b191cda30ee1d2996aafc111077.udd" 4869
"C:/Users/varghesechac/AppData/Local/UnrealEngine/Common/DerivedDataCache/Buckets/FShaderJobCacheShaders/c8/64/02876bd230709d4cf328c47a090afe9c8ddf.udd" 4870
"C:/Users/varghesechac/AppData/Local/UnrealEngine/Common/DerivedDataCache/Buckets/FShaderJobCacheShaders/ba/c5/e8a9f1f8de30e2b0128ea32d90f108396135.udd" 4871
"C:/Users/varghesechac/AppData/Local/UnrealEngine/Common/DerivedDataCache/Buckets/FShaderJobCacheShaders/87/39/7c3f61e1361baf603cf71dee43d582c0c77f.udd" 4872
"C:/Users/varghesechac/AppData/Local/UnrealEngine/Common/DerivedDataCache/Buckets/FShaderJobCacheShaders/ba/c6/23b2020cc0f320b725e1c0a958ea03b5b4c2.udd" 4873
"C:/Users/varghesechac/AppData/Local/UnrealEngine/Common/DerivedDataCache/Buckets/FShaderJobCacheShaders/ce/5b/fd19bfb28e80a808d1cdd3169674c2469164.udd" 4874
"C:/Users/varghesechac/AppData/Local/UnrealEngine/Common/DerivedDataCache/Buckets/FShaderJobCacheShaders/c7/ca/a89c39239dc4499c8589b6302ac0b06857d2.udd" 4875
"C:/Users/varghesechac/AppData/Local/UnrealEngine/Common/DerivedDataCache/Buckets/FShaderJobCacheShaders/a2/fe/92f3599d0df64059f74b1eeaeac02aaed789.udd" 4876
"C:/Users/varghesechac/AppData/Local/UnrealEngine/Common/DerivedDataCache/Buckets/FShaderJobCacheShaders/ac/ee/a0c94dc3e36cef9305d5dfb914d0c25a977f.udd" 4877
"C:/Users/varghesechac/AppData/Local/UnrealEngine/Common/DerivedDataCache/Buckets/FShaderJobCacheShaders/76/8a/4a93378b88b55c7193664ab5213ad30085a9.udd" 4878
"C:/Users/varghesechac/AppData/Local/UnrealEngine/Common/DerivedDataCache/Buckets/FShaderJobCacheShaders/ca/c7/84a5b1bd36dfaf6c8cc9e5372430ae7e2dda.udd" 4879
"C:/Users/varghesechac/AppData/Local/UnrealEngine/Common/DerivedDataCache/Buckets/FShaderJobCacheShaders/85/8b/0950e20f698597846a6ca7695acce9594aa0.udd" 4880
"C:/Users/varghesechac/AppData/Local/UnrealEngine/Common/DerivedDataCache/Buckets/FShaderJobCacheShaders/fa/18/f1d8391bb6b82489a1714e2ea52ad7d74e50.udd" 4881
"C:/Users/varghesechac/AppData/Local/UnrealEngine/Common/DerivedDataCache/Buckets/FShaderJobCacheShaders/5d/65/dcbbadd24c46024630f219628f3989991a96.udd" 4882
"C:/Users/varghesechac/AppData/Local/UnrealEngine/Common/DerivedDataCache/Buckets/FShaderJobCacheShaders/cc/f7/214089e9c88955b49b0ac465a798e3927d93.udd" 4883
"C:/Users/varghesechac/AppData/Local/UnrealEngine/Common/DerivedDataCache/Buckets/FShaderJobCacheShaders/2d/21/5b5a4a8eac9ce3e2803906f4824906f05103.udd" 4884
"C:/Users/varghesechac/AppData/Local/UnrealEngine/Common/DerivedDataCache/Buckets/FShaderJobCacheShaders/b9/b8/4fd2989b7d130ef52c22069855d6de50d8a8.udd" 4885
"C:/Users/varghesechac/AppData/Local/UnrealEngine/Common/DerivedDataCache/Buckets/FShaderJobCacheShaders/7f/3d/3b118589eed1c2532fab5da00e8cfde31ac5.udd" 4886
"C:/Users/varghesechac/AppData/Local/UnrealEngine/Common/DerivedDataCache/Buckets/FShaderJobCacheShaders/e5/7f/ddebf38ef330844753432becd5f1def7cc0a.udd" 4887
"C:/Users/varghesechac/AppData/Local/UnrealEngine/Common/DerivedDataCache/Buckets/FShaderJobCacheShaders/32/2e/0bec3859bac7f53c26c4e4238449c0d1ca04.udd" 4888
"C:/Users/varghesechac/AppData/Local/UnrealEngine/Common/DerivedDataCache/Buckets/FShaderJobCacheShaders/61/45/26476aebc58c2dfbfcb6c3726eaf49863ba4.udd" 4889
"C:/Users/varghesechac/AppData/Local/UnrealEngine/Common/DerivedDataCache/Buckets/FShaderJobCacheShaders/15/e4/d7e66ee4a4a1fb7e17cb29f04e6285a5d84f.udd" 4890
"C:/Users/varghesechac/AppData/Local/UnrealEngine/Common/DerivedDataCache/Buckets/FShaderJobCacheShaders/4b/b3/f206d5873b0e1cbd637d7c39b9703f2caa85.udd" 4891
"C:/Users/varghesechac/AppData/Local/UnrealEngine/Common/DerivedDataCache/Buckets/FShaderJobCacheShaders/70/56/e18f280427ac722ad4cf2e05aa9665de661c.udd" 4892
"C:/Users/varghesechac/AppData/Local/UnrealEngine/Common/DerivedDataCache/Buckets/FShaderJobCacheShaders/cb/54/6e5b75157c5f1132a416c705841cf1dd12a4.udd" 4893
"C:/Users/varghesechac/AppData/Local/UnrealEngine/Common/DerivedDataCache/Buckets/FShaderJobCacheShaders/44/bd/738773cea0b4fed01c8fb45491313fc063ed.udd" 4894
"C:/Users/varghesechac/AppData/Local/UnrealEngine/Common/DerivedDataCache/Buckets/FShaderJobCacheShaders/81/56/e7c05913117394647518651eb3a1c81bc39b.udd" 4895
"C:/Users/varghesechac/AppData/Local/UnrealEngine/Common/DerivedDataCache/Buckets/FShaderJobCacheShaders/04/0d/e4e008ef1db0994f6e7e46373209821bb1fc.udd" 4896
"C:/Users/varghesechac/AppData/Local/UnrealEngine/Common/DerivedDataCache/Buckets/FShaderJobCacheShaders/cf/2a/8f3c183ec03092b70fb023bc848ed1ba77dd.udd" 4897
"C:/Users/varghesechac/AppData/Local/UnrealEngine/Common/DerivedDataCache/Buckets/FShaderJobCacheShaders/b8/80/3e40e3283f9b5fb439ea7b2ecfadba03292c.udd" 4898
"C:/Users/varghesechac/AppData/Local/UnrealEngine/Common/DerivedDataCache/Buckets/FShaderJobCacheShaders/59/f2/39d077da565c229bf994646ad35f68e3b3a8.udd" 4899
"C:/Users/varghesechac/AppData/Local/UnrealEngine/Common/DerivedDataCache/Buckets/FShaderJobCacheShaders/ef/5e/0e1a1eb5e1265d89f793ca9be135e205083a.udd" 4900
"C:/Users/varghesechac/AppData/Local/UnrealEngine/Common/DerivedDataCache/Buckets/FShaderJobCacheShaders/6c/1c/665e6091fcc56f7a6fc68a7d745f079c2ddb.udd" 4901
"C:/Users/varghesechac/AppData/Local/UnrealEngine/Common/DerivedDataCache/Buckets/FShaderJobCacheShaders/f9/e0/66a29dfeb4454d2557be63ed010281406104.udd" 4902
"C:/Users/varghesechac/AppData/Local/UnrealEngine/Common/DerivedDataCache/Buckets/FShaderJobCacheShaders/9c/f8/34556716d2066fd2435fb179519e33df10ac.udd" 4903
"C:/Users/varghesechac/AppData/Local/UnrealEngine/Common/DerivedDataCache/Buckets/FShaderJobCacheShaders/a1/53/149053c5a2d51e63c29b9aa7e8dae5674ae3.udd" 4904
"C:/Users/varghesechac/AppData/Local/UnrealEngine/Common/DerivedDataCache/Buckets/FShaderJobCacheShaders/f8/75/8e44f93a9f0d7cd13ed0ab1e98249e3acb77.udd" 4905
"C:/Users/varghesechac/AppData/Local/UnrealEngine/Common/DerivedDataCache/Buckets/FShaderJobCacheShaders/8d/a3/550434386d5606ba2f81dbd58ec50abdf35e.udd" 4906
"C:/Users/varghesechac/AppData/Local/UnrealEngine/Common/DerivedDataCache/Buckets/FShaderJobCacheShaders/ad/b6/621086d0c3fa99f8b5ea3c498c90998cbd9f.udd" 4907
"C:/Users/varghesechac/AppData/Local/UnrealEngine/Common/DerivedDataCache/Buckets/FShaderJobCacheShaders/6f/2e/bfb53880dd8313172c6c5db4ac3b2e80fe4c.udd" 4908
"C:/Users/varghesechac/AppData/Local/UnrealEngine/Common/DerivedDataCache/Buckets/FShaderJobCacheShaders/50/86/821b536bbdecc934abd850bc00184df9d4c8.udd" 4909
"C:/Users/varghesechac/AppData/Local/UnrealEngine/Common/DerivedDataCache/Buckets/FShaderJobCacheShaders/b1/70/049df35a20c614d1a1aec807ad8e28adc3bd.udd" 4910
"C:/Users/varghesechac/AppData/Local/UnrealEngine/Common/DerivedDataCache/Buckets/FShaderJobCacheShaders/63/b3/387b1c38954703310407b64c6e3e241d5086.udd" 4911
"C:/Users/varghesechac/AppData/Local/UnrealEngine/Common/DerivedDataCache/Buckets/FShaderJobCacheShaders/c5/73/18fe0bbebecfbf7f744354bbb8d7e69df91a.udd" 4912
"C:/Users/varghesechac/AppData/Local/UnrealEngine/Common/DerivedDataCache/Buckets/FShaderJobCacheShaders/c9/ba/e35d1139bac403245fee970a0fe12d9e9854.udd" 4913
"C:/Users/varghesechac/AppData/Local/UnrealEngine/Common/DerivedDataCache/Buckets/FShaderJobCacheShaders/75/8b/43f4aa0ae55a604770931e66ba4ed95a8eaa.udd" 4914
"C:/Users/varghesechac/AppData/Local/UnrealEngine/Common/DerivedDataCache/Buckets/FShaderJobCacheShaders/37/33/810a207267557ca350c592a9e7f9f89091d9.udd" 4915
"C:/Users/varghesechac/AppData/Local/UnrealEngine/Common/DerivedDataCache/Buckets/FShaderJobCacheShaders/5f/d4/d86cc64eab138a614d7bf15d3d50e59a6e52.udd" 4916
"C:/Users/varghesechac/AppData/Local/UnrealEngine/Common/DerivedDataCache/Buckets/FShaderJobCacheShaders/54/25/341db220b62fee9841ccb544288eddd6705c.udd" 4917
"C:/Users/varghesechac/AppData/Local/UnrealEngine/Common/DerivedDataCache/Buckets/FShaderJobCacheShaders/e2/91/6ed32fc59f3f75eae5cc9596ddf141bc0f11.udd" 4918
"C:/Users/varghesechac/AppData/Local/UnrealEngine/Common/DerivedDataCache/Content/d4/65/6f0f8bd62ec1e05f4e7df65f7086449b2c9b.udd" 4919
"C:/Users/varghesechac/AppData/Local/UnrealEngine/Common/DerivedDataCache/Content/6f/53/cb20003055e2af5ed20d8c8456ad821710e4.udd" 4920
"C:/Users/varghesechac/AppData/Local/UnrealEngine/Common/DerivedDataCache/Buckets/FShaderJobCacheShaders/ca/27/da061145fe2ae021d2db4431018fbeaf8124.udd" 4921
"C:/Users/varghesechac/AppData/Local/UnrealEngine/Common/DerivedDataCache/Buckets/FShaderJobCacheShaders/21/48/e324338745d88eb2c14db2c40c2035e44dda.udd" 4922
"C:/Users/varghesechac/AppData/Local/UnrealEngine/Common/DerivedDataCache/Buckets/FShaderJobCacheShaders/48/cd/f57fc0c2b571d8be925d103a48d8a4604fef.udd" 4923
"C:/Users/varghesechac/AppData/Local/UnrealEngine/Common/DerivedDataCache/Buckets/FShaderJobCacheShaders/9c/9e/9e9d2437e0ca159b4c88a56459e7529a0f75.udd" 4924
"C:/Users/varghesechac/AppData/Local/UnrealEngine/Common/DerivedDataCache/Buckets/FShaderJobCacheShaders/1e/75/4c5a05d4164c3959f419296025fad05531fd.udd" 4925
"C:/Users/varghesechac/AppData/Local/UnrealEngine/Common/DerivedDataCache/Buckets/FShaderJobCacheShaders/f8/19/36eb2522829799847227934cc9a4e85e8fe4.udd" 4926
"C:/Users/varghesechac/AppData/Local/UnrealEngine/Common/DerivedDataCache/Buckets/FShaderJobCacheShaders/48/62/f6d1c689e2058e37cdd37d9332f1fce65e82.udd" 4927
"C:/Users/varghesechac/AppData/Local/UnrealEngine/Common/DerivedDataCache/Buckets/FShaderJobCacheShaders/44/f5/057f7a0e030e66721ad2abff422e64d2597f.udd" 4928
"C:/Users/varghesechac/AppData/Local/UnrealEngine/Common/DerivedDataCache/Buckets/FShaderJobCacheShaders/b8/23/218c328c11162af0561c962d347f7cc5b91b.udd" 4929
"C:/Users/varghesechac/AppData/Local/UnrealEngine/Common/DerivedDataCache/Buckets/FShaderJobCacheShaders/21/35/452c61912861db49c3f5dc7c9ab58e8be8be.udd" 4930
"C:/Users/varghesechac/AppData/Local/UnrealEngine/Common/DerivedDataCache/Buckets/FShaderJobCacheShaders/ac/59/b96a94f09ee9f6bc1412eba0506ccdb7eb13.udd" 4931
"C:/Users/varghesechac/AppData/Local/UnrealEngine/Common/DerivedDataCache/Buckets/FShaderJobCacheShaders/17/17/3d9d2c0c0107af4cbc22802b11b6a6d89da9.udd" 4932
"C:/Users/varghesechac/AppData/Local/UnrealEngine/Common/DerivedDataCache/Buckets/FShaderJobCacheShaders/8c/91/b266461e6ac2c449d8704f432f0576efe219.udd" 4933
"C:/Users/varghesechac/AppData/Local/UnrealEngine/Common/DerivedDataCache/Content/c5/ec/05c778f09347cb21fbb6b5583c31c7c39df4.udd" 4934
"C:/Users/varghesechac/AppData/Local/UnrealEngine/Common/DerivedDataCache/Buckets/FShaderJobCacheShaders/e5/cd/9fc8bc94145d8d29c48bdf2d320383179dea.udd" 4935
"C:/Users/varghesechac/AppData/Local/UnrealEngine/Common/DerivedDataCache/Buckets/FShaderJobCacheShaders/14/9e/9423c6eac15e53a50c2a6cb4e33de8d7eb70.udd" 4936
"C:/Users/varghesechac/AppData/Local/UnrealEngine/Common/DerivedDataCache/Buckets/FShaderJobCacheShaders/1b/ad/d15d1f3b697db3b0b924cfadc2347dc1be5d.udd" 4937
"C:/Users/varghesechac/AppData/Local/UnrealEngine/Common/DerivedDataCache/Buckets/FShaderJobCacheShaders/6e/e5/1634dcbc9f7aa027a1c8e2fc48ec412c07bc.udd" 4938
"C:/Users/varghesechac/AppData/Local/UnrealEngine/Common/DerivedDataCache/Buckets/FShaderJobCacheShaders/10/81/d2d734e57957432997c0a66b93bbd04738af.udd" 4939
"C:/Users/varghesechac/AppData/Local/UnrealEngine/Common/DerivedDataCache/Buckets/FShaderJobCacheShaders/c5/4e/d881495516da5598dd2e57cf77060a333819.udd" 4940
"C:/Users/varghesechac/AppData/Local/UnrealEngine/Common/DerivedDataCache/Content/60/e7/e261e99dc0e7bd537c4558cc60e7265955d1.udd" 4941
"C:/Users/varghesechac/AppData/Local/UnrealEngine/Common/DerivedDataCache/Buckets/FShaderJobCacheShaders/32/06/f76ef5f0f0f619c1eb0600f2789536690848.udd" 4942
"C:/Users/varghesechac/AppData/Local/UnrealEngine/Common/DerivedDataCache/Buckets/FShaderJobCacheShaders/8f/f5/4cd153452298b8b8ea3f52d2bad160b7146a.udd" 4943
"C:/Users/varghesechac/AppData/Local/UnrealEngine/Common/DerivedDataCache/Buckets/FShaderJobCacheShaders/20/0a/c9e0b0bcf161e921c099f0e916b679e314b0.udd" 4944
"C:/Users/varghesechac/AppData/Local/UnrealEngine/Common/DerivedDataCache/Buckets/FShaderJobCacheShaders/02/ea/ce759a9c08d354d3fe2dc23b41cbb6c2d54d.udd" 4945
"C:/Users/varghesechac/AppData/Local/UnrealEngine/Common/DerivedDataCache/Buckets/FShaderJobCacheShaders/13/61/385b5acae39326219a86e7c3f2e219edf8d2.udd" 4946
"C:/Users/varghesechac/AppData/Local/UnrealEngine/Common/DerivedDataCache/Buckets/FShaderJobCacheShaders/85/27/65d533328dda54f6987764a822f8e31273fb.udd" 4947
"C:/Users/varghesechac/AppData/Local/UnrealEngine/Common/DerivedDataCache/Buckets/FShaderJobCacheShaders/6a/43/750f83e9e3ba9e024df610a7a5e76848b166.udd" 4948
"C:/Users/varghesechac/AppData/Local/UnrealEngine/Common/DerivedDataCache/Buckets/FShaderJobCacheShaders/fb/e5/072daa019cf65aaf1527b966d412dcdb88cd.udd" 4949
"C:/Users/varghesechac/AppData/Local/UnrealEngine/Common/DerivedDataCache/Buckets/FShaderJobCacheShaders/7d/19/d90403e8fbc8214dea3d7c3164b64110746e.udd" 4950
"C:/Users/varghesechac/AppData/Local/UnrealEngine/Common/DerivedDataCache/Buckets/FShaderJobCacheShaders/da/8e/158d448f4a7577c9b1280636c8331f1767dd.udd" 4951
"C:/Users/varghesechac/AppData/Local/UnrealEngine/Common/DerivedDataCache/Buckets/FShaderJobCacheShaders/51/2a/54e1d15cb8be95c6caf8da95565715104c72.udd" 4952
"C:/Users/varghesechac/AppData/Local/UnrealEngine/Common/DerivedDataCache/Buckets/FShaderJobCacheShaders/16/2b/9690e53fc979606adbb61be80233b81d2e48.udd" 4953
"C:/Users/varghesechac/AppData/Local/UnrealEngine/Common/DerivedDataCache/Buckets/FShaderJobCacheShaders/6e/4f/b7935fc30e5f80b281f5f3c926784d5bfe7e.udd" 4954
"C:/Users/varghesechac/AppData/Local/UnrealEngine/Common/DerivedDataCache/Buckets/FShaderJobCacheShaders/03/b6/f7432e3abb7d968daf706e8db79bd2086dd4.udd" 4955
"C:/Users/varghesechac/AppData/Local/UnrealEngine/Common/DerivedDataCache/Buckets/FShaderJobCacheShaders/64/c7/c1639b267a7eb995cf20f4385d4a2f180560.udd" 4956
"C:/Users/varghesechac/AppData/Local/UnrealEngine/Common/DerivedDataCache/Buckets/FShaderJobCacheShaders/15/21/de074454b09a681282a7a029d6a257613ee3.udd" 4957
"C:/Users/varghesechac/AppData/Local/UnrealEngine/Common/DerivedDataCache/Buckets/FShaderJobCacheShaders/c0/03/450fa6d1f27895b9ba6ed8b0a4495ffe5198.udd" 4958
"C:/Users/varghesechac/AppData/Local/UnrealEngine/Common/DerivedDataCache/Buckets/FShaderJobCacheShaders/0f/34/43fa21cefe1cb8c11d5cdc514ac9c24c30fa.udd" 4959
"C:/Users/varghesechac/AppData/Local/UnrealEngine/Common/DerivedDataCache/Buckets/FShaderJobCacheShaders/85/d3/deb7f576eaf8c8dac559fb223165a775ad85.udd" 4960
"C:/Users/varghesechac/AppData/Local/UnrealEngine/Common/DerivedDataCache/Buckets/FShaderJobCacheShaders/d6/02/9695431ae456b38b87cec8c50598bbcc4a7d.udd" 4961
"C:/Users/varghesechac/AppData/Local/UnrealEngine/Common/DerivedDataCache/Buckets/FShaderJobCacheShaders/5f/24/b709f7115729cbd6ce3219d43acb874eec62.udd" 4962
"C:/Users/varghesechac/AppData/Local/UnrealEngine/Common/DerivedDataCache/Buckets/FShaderJobCacheShaders/52/d2/f60344fddf1c08293fcdea71112a77a9a097.udd" 4963
"C:/Users/varghesechac/AppData/Local/UnrealEngine/Common/DerivedDataCache/Buckets/FShaderJobCacheShaders/1d/6d/58b02987f8cd434620f427d828d84886058a.udd" 4964
"C:/Users/varghesechac/AppData/Local/UnrealEngine/Common/DerivedDataCache/Buckets/FShaderJobCacheShaders/b4/6b/0e664f139ac5bfc542af6c281e0870de2649.udd" 4965
"C:/Users/varghesechac/AppData/Local/UnrealEngine/Common/DerivedDataCache/Buckets/FShaderJobCacheShaders/5a/3f/c16e9d8e834c705cd41aa3c7dcbfbf6a5a98.udd" 4966
"C:/Users/varghesechac/AppData/Local/UnrealEngine/Common/DerivedDataCache/Content/ed/ee/810332507690c1dee88bef9fa0f25ba97130.udd" 4967
"C:/Users/varghesechac/AppData/Local/UnrealEngine/Common/DerivedDataCache/Buckets/FShaderJobCacheShaders/79/e7/2952ada66f8588a22b7f5f578af0ed9312d5.udd" 4968
"C:/Users/varghesechac/AppData/Local/UnrealEngine/Common/DerivedDataCache/Buckets/FShaderJobCacheShaders/b9/f0/5074d446e263540a9fb95407f3942bc7b06a.udd" 4969
"C:/Users/varghesechac/AppData/Local/UnrealEngine/Common/DerivedDataCache/Buckets/FShaderJobCacheShaders/e3/d1/9663c36968ac11a357dbf68dd2c070561511.udd" 4970
"C:/Users/varghesechac/AppData/Local/UnrealEngine/Common/DerivedDataCache/Content/a3/f5/929404d94018fcb411b11a578c677c8f673e.udd" 4971
"C:/Users/varghesechac/AppData/Local/UnrealEngine/Common/DerivedDataCache/Buckets/FShaderJobCacheShaders/3b/8b/eda66075df668815465b1b9a5eb0bf578b7d.udd" 4972
"C:/Users/varghesechac/AppData/Local/UnrealEngine/Common/DerivedDataCache/Buckets/FShaderJobCacheShaders/a3/4b/5dc32d53617168fbe12514ad974f2dba2d64.udd" 4973
"C:/Users/varghesechac/AppData/Local/UnrealEngine/Common/DerivedDataCache/Buckets/FShaderJobCacheShaders/78/c4/acea1b3537fee61f7a4027ce7fce5bfcf036.udd" 4974
"C:/Users/varghesechac/AppData/Local/UnrealEngine/Common/DerivedDataCache/Buckets/FShaderJobCacheShaders/a6/ed/4d2e846fa59de173fd33a8f68916c4d3e7e6.udd" 4975
"C:/Users/varghesechac/AppData/Local/UnrealEngine/Common/DerivedDataCache/Content/d4/dc/679b22043a4453dc7897f3137a39c93ef730.udd" 4976
"C:/Users/varghesechac/AppData/Local/UnrealEngine/Common/DerivedDataCache/Content/6f/3f/2a0648e5c2db5fbeed26fb9af1b44a1d5281.udd" 4977
"C:/Users/varghesechac/AppData/Local/UnrealEngine/Common/DerivedDataCache/Buckets/FShaderJobCacheShaders/4c/e8/9fed7d7b49ebf8c8b3b652bc4b59777360df.udd" 4978
"C:/Users/varghesechac/AppData/Local/UnrealEngine/Common/DerivedDataCache/Buckets/FShaderJobCacheShaders/bf/38/913ec0520a7e635c647b112bc4ef7a01174a.udd" 4979
"C:/Users/varghesechac/AppData/Local/UnrealEngine/Common/DerivedDataCache/Content/e8/94/46290c4ed02ab534785a17989dac00edc173.udd" 4980
"C:/Users/varghesechac/AppData/Local/UnrealEngine/Common/DerivedDataCache/Buckets/FShaderJobCacheShaders/dc/ac/02738d7304615cec797225c9e82a82cda61e.udd" 4981
"C:/Users/varghesechac/AppData/Local/UnrealEngine/Common/DerivedDataCache/Buckets/FShaderJobCacheShaders/a1/39/91e45c93511bb7abf817becc87b78362503e.udd" 4982
"C:/Users/varghesechac/AppData/Local/UnrealEngine/Common/DerivedDataCache/Buckets/FShaderJobCacheShaders/cb/a9/12673decaaa1d9cd454ce987ee0854db361b.udd" 4983
"C:/Users/varghesechac/AppData/Local/UnrealEngine/Common/DerivedDataCache/Buckets/FShaderJobCacheShaders/2d/da/fb25e2f2768ac7f31526d69b9f83376578cc.udd" 4984
"C:/Users/varghesechac/AppData/Local/UnrealEngine/Common/DerivedDataCache/Buckets/FShaderJobCacheShaders/ae/44/8b41d34b4b207aae0679a55ba872ac378a90.udd" 4985
"C:/Users/varghesechac/AppData/Local/UnrealEngine/Common/DerivedDataCache/Buckets/FShaderJobCacheShaders/96/e0/cf028bc684eb5fafeb9c14a5bfe34ab95564.udd" 4986
"C:/Users/varghesechac/AppData/Local/UnrealEngine/Common/DerivedDataCache/Buckets/FShaderJobCacheShaders/3e/ba/94b28ba2c1a793b422df2cb8c8b60bdc9914.udd" 4987
"C:/Users/varghesechac/AppData/Local/UnrealEngine/Common/DerivedDataCache/Buckets/FShaderJobCacheShaders/3a/96/0fc143b87a3ec2ce147aa6aba81199784674.udd" 4988
"C:/Users/varghesechac/AppData/Local/UnrealEngine/Common/DerivedDataCache/Buckets/FShaderJobCacheShaders/8a/67/79f81b9344b60d84c2454bb870da3295ca57.udd" 4989
"C:/Users/varghesechac/AppData/Local/UnrealEngine/Common/DerivedDataCache/Buckets/FShaderJobCacheShaders/6c/f6/5c04891adf0ae9c64718d79736c42d651875.udd" 4990
"C:/Users/varghesechac/AppData/Local/UnrealEngine/Common/DerivedDataCache/Buckets/FShaderJobCacheShaders/2b/bc/cb53066ce589d76459a21e0bc326dfee0996.udd" 4991
"C:/Users/varghesechac/AppData/Local/UnrealEngine/Common/DerivedDataCache/Buckets/FShaderJobCacheShaders/6b/cc/bc8cc17c11cf3b37919760c5826667ca1466.udd" 4992
"C:/Users/varghesechac/AppData/Local/UnrealEngine/Common/DerivedDataCache/Buckets/FShaderJobCacheShaders/bb/a1/c60b8a813398a2cd762462675f4451b87348.udd" 4993
"C:/Users/varghesechac/AppData/Local/UnrealEngine/Common/DerivedDataCache/Buckets/FShaderJobCacheShaders/24/75/99a70759c1c94ecf6a5fcc9ad92f00a69e64.udd" 4994
"C:/Users/varghesechac/AppData/Local/UnrealEngine/Common/DerivedDataCache/Buckets/FShaderJobCacheShaders/6e/fc/403b59d3095442b5b28ad256495343a56250.udd" 4995
"C:/Users/varghesechac/AppData/Local/UnrealEngine/Common/DerivedDataCache/Buckets/FShaderJobCacheShaders/42/46/0c5042870d202788c4c7c82ec30a94edacdd.udd" 4996
"C:/Users/varghesechac/AppData/Local/UnrealEngine/Common/DerivedDataCache/Buckets/FShaderJobCacheShaders/6e/c2/5084b8282d1ea485013985fc2c9d314cf56d.udd" 4997
"C:/Users/varghesechac/AppData/Local/UnrealEngine/Common/DerivedDataCache/Buckets/FShaderJobCacheShaders/7f/ed/4aaa3a1925dcbc00d3a08909d066b3278d91.udd" 4998
"C:/Users/varghesechac/AppData/Local/UnrealEngine/Common/DerivedDataCache/Buckets/FShaderJobCacheShaders/77/5c/753da568fca0b6dab6ad3e54ac210a6d9682.udd" 4999
"C:/Users/varghesechac/AppData/Local/UnrealEngine/Common/DerivedDataCache/Buckets/FShaderJobCacheShaders/9a/8e/611b24a548c9617c621665065d813e2f5d58.udd" 5000
"C:/Users/varghesechac/AppData/Local/UnrealEngine/Common/DerivedDataCache/Buckets/FShaderJobCacheShaders/57/74/736428f4bb0ffdec50e5cfd30d2dce28eb60.udd" 5001
"C:/Users/varghesechac/AppData/Local/UnrealEngine/Common/DerivedDataCache/Buckets/FShaderJobCacheShaders/d1/11/ed1d6a46e23bb39b98c326cb2a24c5680655.udd" 5002
"C:/Users/varghesechac/AppData/Local/UnrealEngine/Common/DerivedDataCache/Buckets/FShaderJobCacheShaders/9a/b0/91d5c1ae1d1e5ac1192a4c44cc96d012c462.udd" 5003
"C:/Users/varghesechac/AppData/Local/UnrealEngine/Common/DerivedDataCache/Buckets/FShaderJobCacheShaders/bf/3f/374b255ede8025201e3097df8fc6456843c3.udd" 5004
"C:/Users/varghesechac/AppData/Local/UnrealEngine/Common/DerivedDataCache/Buckets/FShaderJobCacheShaders/b5/d0/92bf27811c3ae766481d76cfd1b280d5a38c.udd" 5005
"C:/Users/varghesechac/AppData/Local/UnrealEngine/Common/DerivedDataCache/Buckets/FShaderJobCacheShaders/d6/8b/626e1c83ef9e6f90fd02c7e6c7eca6d45cb6.udd" 5006
"C:/Users/varghesechac/AppData/Local/UnrealEngine/Common/DerivedDataCache/Buckets/FShaderJobCacheShaders/44/f8/ac84fbf0c11c681851ba523bf2947963ea06.udd" 5007
"C:/Users/varghesechac/AppData/Local/UnrealEngine/Common/DerivedDataCache/Buckets/FShaderJobCacheShaders/a4/3f/4990f5d80f956ea29e96685bfd3afb54207a.udd" 5008
"C:/Users/varghesechac/AppData/Local/UnrealEngine/Common/DerivedDataCache/Buckets/FShaderJobCacheShaders/a7/8f/bbc172b520f86fa6b3276e0cfff0e04f3690.udd" 5009
"C:/Users/varghesechac/AppData/Local/UnrealEngine/Common/DerivedDataCache/Buckets/FShaderJobCacheShaders/52/3c/c26636eae5e2ac59b8df901f761262720ddc.udd" 5010
"C:/Users/varghesechac/AppData/Local/UnrealEngine/Common/DerivedDataCache/Buckets/FShaderJobCacheShaders/52/c3/3329778e52b621dd1869de33f3b1019ab9c5.udd" 5011
"C:/Users/varghesechac/AppData/Local/UnrealEngine/Common/DerivedDataCache/Buckets/FShaderJobCacheShaders/a9/4a/78254d21f97eb8555e2b9ad43c3b167a2f2e.udd" 5012
"C:/Users/varghesechac/AppData/Local/UnrealEngine/Common/DerivedDataCache/Buckets/FShaderJobCacheShaders/63/81/4b77e232fadc9f7f1c6a86340a073aee3c29.udd" 5013
"C:/Users/varghesechac/AppData/Local/UnrealEngine/Common/DerivedDataCache/Buckets/FShaderJobCacheShaders/21/a2/8c1894d5a14fc254ae66243d1d19111cbc5f.udd" 5014
"C:/Users/varghesechac/AppData/Local/UnrealEngine/Common/DerivedDataCache/Buckets/FShaderJobCacheShaders/2f/f8/6840b9cab3267251345bcf0285723ac75194.udd" 5015
"C:/Users/varghesechac/AppData/Local/UnrealEngine/Common/DerivedDataCache/Buckets/FShaderJobCacheShaders/20/93/857632b3bf0281adc55ee4494d94a32c66e1.udd" 5016
"C:/Users/varghesechac/AppData/Local/UnrealEngine/Common/DerivedDataCache/Buckets/FShaderJobCacheShaders/f3/51/b62918b6e11ca15166ea1db7292348a434d5.udd" 5017
"C:/Users/varghesechac/AppData/Local/UnrealEngine/Common/DerivedDataCache/Buckets/FShaderJobCacheShaders/62/90/8b40714c747729dd3b4fcb11bcbbddbfdcfe.udd" 5018
"C:/Users/varghesechac/AppData/Local/UnrealEngine/Common/DerivedDataCache/Buckets/FShaderJobCacheShaders/ac/6e/32e1f81fe3ada2b476bc3c6fbfb508c71dec.udd" 5019
"C:/Users/varghesechac/AppData/Local/UnrealEngine/Common/DerivedDataCache/Buckets/FShaderJobCacheShaders/0e/00/299b79bdaf1196e05631dd0c4dbdb72b26af.udd" 5020
"C:/Users/varghesechac/AppData/Local/UnrealEngine/Common/DerivedDataCache/Buckets/FShaderJobCacheShaders/e7/d2/958719b18f9aef7b219b3e6d5dca2768b20c.udd" 5021
"C:/Users/varghesechac/AppData/Local/UnrealEngine/Common/DerivedDataCache/Buckets/FShaderJobCacheShaders/35/83/40c7799ecf4c4803acd127068044d242476b.udd" 5022
"C:/Users/varghesechac/AppData/Local/UnrealEngine/Common/DerivedDataCache/Buckets/FShaderJobCacheShaders/53/d6/fbc738eac93c960ab1eefb9e031166b63aac.udd" 5023
"C:/Users/varghesechac/AppData/Local/UnrealEngine/Common/DerivedDataCache/Buckets/FShaderJobCacheShaders/67/e6/d0fc203e4bffb870995a833cecdce32ef544.udd" 5024
"C:/Users/varghesechac/AppData/Local/UnrealEngine/Common/DerivedDataCache/Buckets/FShaderJobCacheShaders/16/a5/512ce7c1b46ddee51ac62a56351e1ec711db.udd" 5025
"C:/Users/varghesechac/AppData/Local/UnrealEngine/Common/DerivedDataCache/Buckets/FShaderJobCacheShaders/f8/50/fece6be9180b2fc85f7b23011a7e7d7d45c0.udd" 5026
"C:/Users/varghesechac/AppData/Local/UnrealEngine/Common/DerivedDataCache/Buckets/FShaderJobCacheShaders/2b/a2/7fd45fe166bb8b92bc461047ff36b036d100.udd" 5027
"C:/Users/varghesechac/AppData/Local/UnrealEngine/Common/DerivedDataCache/Buckets/FShaderJobCacheShaders/5a/e5/6cba9a17806981995b6a9a78926e0b7a4458.udd" 5028
"C:/Users/varghesechac/AppData/Local/UnrealEngine/Common/DerivedDataCache/Buckets/FShaderJobCacheShaders/6b/45/973ac7747cfe39cfdccdd29355b5a8b63abf.udd" 5029
"C:/Users/varghesechac/AppData/Local/UnrealEngine/Common/DerivedDataCache/Buckets/FShaderJobCacheShaders/39/16/b4d169c4b240aee4de582e23c684c9c47ce6.udd" 5030
"C:/Users/varghesechac/AppData/Local/UnrealEngine/Common/DerivedDataCache/Buckets/FShaderJobCacheShaders/da/17/629c47b8ce80d57f882751de9cbe6be604e9.udd" 5031
"C:/Users/varghesechac/AppData/Local/UnrealEngine/Common/DerivedDataCache/Buckets/FShaderJobCacheShaders/d7/f6/129ec35a9ac9bd7b78f1fdf6f86fd5233310.udd" 5032
"C:/Users/varghesechac/AppData/Local/UnrealEngine/Common/DerivedDataCache/Buckets/FShaderJobCacheShaders/cd/b0/6f8fc799ff826c58ea0ea072fabb546f3e96.udd" 5033
"C:/Users/varghesechac/AppData/Local/UnrealEngine/Common/DerivedDataCache/Buckets/FShaderJobCacheShaders/f8/cd/631e33720f951710083d448a74a3a828ca5e.udd" 5034
"C:/Users/varghesechac/AppData/Local/UnrealEngine/Common/DerivedDataCache/Buckets/FShaderJobCacheShaders/72/19/41d9306c9b2853a6995c9871600c51833e3d.udd" 5035
"C:/Users/varghesechac/AppData/Local/UnrealEngine/Common/DerivedDataCache/Buckets/FShaderJobCacheShaders/08/71/309b96470cf791de65e3b4aa0a59cd2fa2fe.udd" 5036
"C:/Users/varghesechac/AppData/Local/UnrealEngine/Common/DerivedDataCache/Buckets/FShaderJobCacheShaders/8f/b1/9f611265691433f8a3dbca4f1e1bb729881f.udd" 5037
"C:/Users/varghesechac/AppData/Local/UnrealEngine/Common/DerivedDataCache/Buckets/FShaderJobCacheShaders/5f/4b/eb66501c7786e8936986d406fa3cc455ec11.udd" 5038
"C:/Users/varghesechac/AppData/Local/UnrealEngine/Common/DerivedDataCache/Buckets/FShaderJobCacheShaders/13/62/260ee7d2599b0a6da5809e0494cad75264ba.udd" 5039
"C:/Users/varghesechac/AppData/Local/UnrealEngine/Common/DerivedDataCache/Buckets/FShaderJobCacheShaders/01/f5/e05d4c1ef6fab3c9d06112c44bab08c6e3d0.udd" 5040
"C:/Users/varghesechac/AppData/Local/UnrealEngine/Common/DerivedDataCache/Buckets/FShaderJobCacheShaders/ec/8b/73c1a378d1bf9eca1090003da445e955a34a.udd" 5041
"C:/Users/varghesechac/AppData/Local/UnrealEngine/Common/DerivedDataCache/Buckets/FShaderJobCacheShaders/d0/07/c68d52aef9024fe036318ed3d3d2a439b5c4.udd" 5042
"C:/Users/varghesechac/AppData/Local/UnrealEngine/Common/DerivedDataCache/Buckets/FShaderJobCacheShaders/e8/55/8f40fc7c31f4f953d09c3f6b6623357a77f1.udd" 5043
"C:/Users/varghesechac/AppData/Local/UnrealEngine/Common/DerivedDataCache/Buckets/FShaderJobCacheShaders/fc/2b/6d736882a3e1c1f5f24651dc1b4690e271fe.udd" 5044
"C:/Users/varghesechac/AppData/Local/UnrealEngine/Common/DerivedDataCache/Buckets/FShaderJobCacheShaders/ad/4b/021bb95dcf4d42dbafc15303ba8d591c3c5c.udd" 5045
"C:/Users/varghesechac/AppData/Local/UnrealEngine/Common/DerivedDataCache/Buckets/FShaderJobCacheShaders/76/7c/2bf27383de7806453cfaa94c7167dec401e6.udd" 5046
"C:/Users/varghesechac/AppData/Local/UnrealEngine/Common/DerivedDataCache/Buckets/FShaderJobCacheShaders/e8/3c/8d9ed2e189b0f6841fe3ed1493cf5af3be6b.udd" 5047
"C:/Users/varghesechac/AppData/Local/UnrealEngine/Common/DerivedDataCache/Buckets/FShaderJobCacheShaders/b1/ac/f044a9b9692caa70057f1179c0861e8c322d.udd" 5048
"C:/Users/varghesechac/AppData/Local/UnrealEngine/Common/DerivedDataCache/Buckets/FShaderJobCacheShaders/5b/f4/8df3d06919265a4692f031f34235efbe3dc1.udd" 5049
"C:/Users/varghesechac/AppData/Local/UnrealEngine/Common/DerivedDataCache/Buckets/FShaderJobCacheShaders/79/14/49f784f86c0859beb7b4cfe9446acc642e76.udd" 5050
"C:/Users/varghesechac/AppData/Local/UnrealEngine/Common/DerivedDataCache/Buckets/FShaderJobCacheShaders/a7/82/3d367f62cc07ecb99646fa50de47becd17bd.udd" 5051
"C:/Users/varghesechac/AppData/Local/UnrealEngine/Common/DerivedDataCache/Buckets/FShaderJobCacheShaders/a4/aa/1a600d1af6e904e8eeb0f7fab5312766297f.udd" 5052
"C:/Users/varghesechac/AppData/Local/UnrealEngine/Common/DerivedDataCache/Buckets/FShaderJobCacheShaders/50/3b/29f9160a07a2b12c44e747d1c30140b5378e.udd" 5053
"C:/Users/varghesechac/AppData/Local/UnrealEngine/Common/DerivedDataCache/Buckets/FShaderJobCacheShaders/53/b3/c10507686cced126b693a2ca15b0e56adc91.udd" 5054
"C:/Users/varghesechac/AppData/Local/UnrealEngine/Common/DerivedDataCache/Buckets/FShaderJobCacheShaders/5e/41/6b8779755d9adf11a6c517dd4c1ad508c07e.udd" 5055
"C:/Users/varghesechac/AppData/Local/UnrealEngine/Common/DerivedDataCache/Buckets/FShaderJobCacheShaders/36/c7/e2a91980e2f5656590f9140e00bd687ffe2c.udd" 5056
"C:/Users/varghesechac/AppData/Local/UnrealEngine/Common/DerivedDataCache/Buckets/FShaderJobCacheShaders/a8/ba/645bc84006d7e63128639ae0c00a187ce776.udd" 5057
"C:/Users/varghesechac/AppData/Local/UnrealEngine/Common/DerivedDataCache/Buckets/FShaderJobCacheShaders/3e/f1/3c73d0a8c7b0e002434bd6eb35f27bb81029.udd" 5058
"C:/Users/varghesechac/AppData/Local/UnrealEngine/Common/DerivedDataCache/Buckets/FShaderJobCacheShaders/ea/82/1ad998857254f43b631e4ad045f9df60cbda.udd" 5059
"C:/Users/varghesechac/AppData/Local/UnrealEngine/Common/DerivedDataCache/Buckets/FShaderJobCacheShaders/dc/33/06ee3f004525b1123bdddf34a9631d7845a1.udd" 5060
"C:/Users/varghesechac/AppData/Local/UnrealEngine/Common/DerivedDataCache/Buckets/FShaderJobCacheShaders/71/6d/ba7418596cdb8a90e46e565c19bddfb7a17e.udd" 5061
"C:/Users/varghesechac/AppData/Local/UnrealEngine/Common/DerivedDataCache/Buckets/FShaderJobCacheShaders/51/54/fcee2fa837e62486cfa197736bdf6f2ef94e.udd" 5062
"C:/Users/varghesechac/AppData/Local/UnrealEngine/Common/DerivedDataCache/Buckets/FShaderJobCacheShaders/2c/d2/329a84f5733f0a4109f7dea744ba2596b87b.udd" 5063
"C:/Users/varghesechac/AppData/Local/UnrealEngine/Common/DerivedDataCache/Buckets/FShaderJobCacheShaders/06/42/4797cf8a035c6e3f623eb8f79b344690663a.udd" 5064
"C:/Users/varghesechac/AppData/Local/UnrealEngine/Common/DerivedDataCache/Buckets/FShaderJobCacheShaders/6b/a9/9b00c5a39880a04b4c7e7df90156c43d3d7c.udd" 5065
"C:/Users/varghesechac/AppData/Local/UnrealEngine/Common/DerivedDataCache/Buckets/FShaderJobCacheShaders/50/c7/acba0d21fd98c28fe75b8933f4507c738638.udd" 5066
"C:/Users/varghesechac/AppData/Local/UnrealEngine/Common/DerivedDataCache/Buckets/FShaderJobCacheShaders/12/e1/8dd50be424d1d32d6e4267dd30ffc6b6aabb.udd" 5067
"C:/Users/varghesechac/AppData/Local/UnrealEngine/Common/DerivedDataCache/Buckets/FShaderJobCacheShaders/fd/a7/e85a2a2bc9f37367b599925e48a59a7e8302.udd" 5068
"C:/Users/varghesechac/AppData/Local/UnrealEngine/Common/DerivedDataCache/Buckets/FShaderJobCacheShaders/60/35/1d2376285f54860fe1bc0386a16c0e47346b.udd" 5069
"C:/Users/varghesechac/AppData/Local/UnrealEngine/Common/DerivedDataCache/Buckets/FShaderJobCacheShaders/76/fd/7a35380a55fae7f6dd1b163392978efc2a96.udd" 5070
"C:/Users/varghesechac/AppData/Local/UnrealEngine/Common/DerivedDataCache/Buckets/FShaderJobCacheShaders/2a/49/eccc3986cf51e507c0f17df1f3b61d663888.udd" 5071
"C:/Users/varghesechac/AppData/Local/UnrealEngine/Common/DerivedDataCache/Buckets/FShaderJobCacheShaders/80/46/d41973868833413d3e3f2637098bfa5185ad.udd" 5072
"C:/Users/varghesechac/AppData/Local/UnrealEngine/Common/DerivedDataCache/Buckets/FShaderJobCacheShaders/aa/de/b5162a24e6f8f5aaf16e86d56ba80cb1fc1f.udd" 5073
"C:/Users/varghesechac/AppData/Local/UnrealEngine/Common/DerivedDataCache/Buckets/FShaderJobCacheShaders/a3/1e/402b7a74002ac6002fe453f7070bfdd02ab3.udd" 5074
"C:/Users/varghesechac/AppData/Local/UnrealEngine/Common/DerivedDataCache/Buckets/FShaderJobCacheShaders/ec/39/56e45c22480d86535492ed3b3b073808cc81.udd" 5075
"C:/Users/varghesechac/AppData/Local/UnrealEngine/Common/DerivedDataCache/Buckets/FShaderJobCacheShaders/b2/eb/3eada4cc8e1f13f758832bd22300cc8f0a1e.udd" 5076
"C:/Users/varghesechac/AppData/Local/UnrealEngine/Common/DerivedDataCache/Buckets/FShaderJobCacheShaders/32/4f/b177264187cc63aae7c1906052d6ddb355f5.udd" 5077
"C:/Users/varghesechac/AppData/Local/UnrealEngine/Common/DerivedDataCache/Buckets/FShaderJobCacheShaders/aa/54/6d65be5d46f2899dd4f766ddc48054d6404f.udd" 5078
"C:/Users/varghesechac/AppData/Local/UnrealEngine/Common/DerivedDataCache/Buckets/FShaderJobCacheShaders/94/52/d7bbb69929280dc14b0780eb6ba94ac2ac27.udd" 5079
"C:/Users/varghesechac/AppData/Local/UnrealEngine/Common/DerivedDataCache/Buckets/FShaderJobCacheShaders/70/d9/fe4383858e86930b358874f5ca36449b5329.udd" 5080
"C:/Users/varghesechac/AppData/Local/UnrealEngine/Common/DerivedDataCache/Buckets/FShaderJobCacheShaders/61/93/02bcef78da7cfe8a9c2e6630191697f9c432.udd" 5081
"C:/Users/varghesechac/AppData/Local/UnrealEngine/Common/DerivedDataCache/Buckets/FShaderJobCacheShaders/41/f4/53367f50c386cde998922d632b5164cf36b2.udd" 5082
"C:/Users/varghesechac/AppData/Local/UnrealEngine/Common/DerivedDataCache/Buckets/FShaderJobCacheShaders/8b/fc/d4e4d4bb1dd1b54a36d7799e1bdddc15b89f.udd" 5083
"C:/Users/varghesechac/AppData/Local/UnrealEngine/Common/DerivedDataCache/Buckets/FShaderJobCacheShaders/f8/2f/334faf27fe15148c6e1eafbceeb92d1d0def.udd" 5084
"C:/Users/varghesechac/AppData/Local/UnrealEngine/Common/DerivedDataCache/Buckets/FShaderJobCacheShaders/0d/d1/69f01014c104fa5f7f7ddf71d96348822e0a.udd" 5085
"C:/Users/varghesechac/AppData/Local/UnrealEngine/Common/DerivedDataCache/Buckets/FShaderJobCacheShaders/ed/6b/08e117cc59f431786eae14f2dc2d91fce4a5.udd" 5086
"C:/Users/varghesechac/AppData/Local/UnrealEngine/Common/DerivedDataCache/Buckets/FShaderJobCacheShaders/a9/3e/e3225e997f25496f5d1dc11eb16059c9e631.udd" 5087
"C:/Users/varghesechac/AppData/Local/UnrealEngine/Common/DerivedDataCache/Buckets/FShaderJobCacheShaders/7b/15/058cb81e4c0ee8d066c1e42db2d38bc52cb2.udd" 5088
"C:/Users/varghesechac/AppData/Local/UnrealEngine/Common/DerivedDataCache/Buckets/FShaderJobCacheShaders/c1/2e/afffb6f4f93f2ad4f9be1d53d48cb105ba7e.udd" 5089
"C:/Users/varghesechac/AppData/Local/UnrealEngine/Common/DerivedDataCache/Buckets/FShaderJobCacheShaders/d9/b8/8b0debe370a8fbf05a251466b5e5b9a70961.udd" 5090
"C:/Users/varghesechac/AppData/Local/UnrealEngine/Common/DerivedDataCache/Buckets/FShaderJobCacheShaders/ec/66/bd4a22005b6c42cb6077584cd88849bf876b.udd" 5091
"C:/Users/varghesechac/AppData/Local/UnrealEngine/Common/DerivedDataCache/Buckets/FShaderJobCacheShaders/9f/c5/c03874b501cdf38b2344cd09f14fdf0e62b5.udd" 5092
"C:/Users/varghesechac/AppData/Local/UnrealEngine/Common/DerivedDataCache/Buckets/FShaderJobCacheShaders/61/b4/6f1ccaecddc4bba80ddf2d522bbfb8fd8d9e.udd" 5093
"C:/Users/varghesechac/AppData/Local/UnrealEngine/Common/DerivedDataCache/Buckets/FShaderJobCacheShaders/54/47/7a7b259858f83c5b662eaae5b6efc28dba49.udd" 5094
"C:/Users/varghesechac/AppData/Local/UnrealEngine/Common/DerivedDataCache/Buckets/FShaderJobCacheShaders/48/dd/3460df97e9db09760e0880cccf5025524ff6.udd" 5095
"C:/Users/varghesechac/AppData/Local/UnrealEngine/Common/DerivedDataCache/Buckets/FShaderJobCacheShaders/65/7e/7442d400a5a39e84da84eaea461c142d360e.udd" 5096
"C:/Users/varghesechac/AppData/Local/UnrealEngine/Common/DerivedDataCache/Buckets/FShaderJobCacheShaders/00/26/68d59eb1ea5d0caa7de3d3b4172e2b3b3d61.udd" 5097
"C:/Users/varghesechac/AppData/Local/UnrealEngine/Common/DerivedDataCache/Buckets/FShaderJobCacheShaders/69/6e/dc6ef4e8ebff2b6c0ca8bab5e3879ded89a8.udd" 5098
"C:/Users/varghesechac/AppData/Local/UnrealEngine/Common/DerivedDataCache/Buckets/FShaderJobCacheShaders/5f/a6/53f736d3ef0d211f6766863709bf60778a68.udd" 5099
"C:/Users/varghesechac/AppData/Local/UnrealEngine/Common/DerivedDataCache/Buckets/FShaderJobCacheShaders/ee/ee/3654a3602ea1ca96d680f48e393d9304f882.udd" 5100
"C:/Users/varghesechac/AppData/Local/UnrealEngine/Common/DerivedDataCache/Buckets/FShaderJobCacheShaders/47/55/7eb4e2b190f41d0b8b51a6245a8aa7d6b13f.udd" 5101
"C:/Users/varghesechac/AppData/Local/UnrealEngine/Common/DerivedDataCache/Buckets/FShaderJobCacheShaders/9f/51/2c18725590b9cab52bbfb79c7467f7473e0c.udd" 5102
"C:/Users/varghesechac/AppData/Local/UnrealEngine/Common/DerivedDataCache/Buckets/FShaderJobCacheShaders/0e/47/0f94878d7ea282f44926265473df56f913e9.udd" 5103
"C:/Users/varghesechac/AppData/Local/UnrealEngine/Common/DerivedDataCache/Buckets/FShaderJobCacheShaders/c5/3e/95796c3e4810c0ab179fed305c03842f6853.udd" 5104
"C:/Users/varghesechac/AppData/Local/UnrealEngine/Common/DerivedDataCache/Buckets/FShaderJobCacheShaders/4d/9c/864b33a5d410553ca2f8cf7f738a682c3a03.udd" 5105
"C:/Users/varghesechac/AppData/Local/UnrealEngine/Common/DerivedDataCache/Buckets/FShaderJobCacheShaders/3e/8a/452471c146c8707af36da7a623ec8f69c700.udd" 5106
"C:/Users/varghesechac/AppData/Local/UnrealEngine/Common/DerivedDataCache/Buckets/FShaderJobCacheShaders/20/44/a2c2b87f68cc1e3716b050bfdf5f6d4d1108.udd" 5107
"C:/Users/varghesechac/AppData/Local/UnrealEngine/Common/DerivedDataCache/Buckets/FShaderJobCacheShaders/20/ae/9bb0dcaf140190d4dd46b2224b0725de6ae2.udd" 5108
"C:/Users/varghesechac/AppData/Local/UnrealEngine/Common/DerivedDataCache/Buckets/FShaderJobCacheShaders/45/a0/028f8a8ac9ad6e320e55bd4b749675cc2fa1.udd" 5109
"C:/Users/varghesechac/AppData/Local/UnrealEngine/Common/DerivedDataCache/Buckets/FShaderJobCacheShaders/e1/62/7e5baee59f13ffc05f6602b0f779ec596126.udd" 5110
"C:/Users/varghesechac/AppData/Local/UnrealEngine/Common/DerivedDataCache/Buckets/FShaderJobCacheShaders/48/db/026fda94da0f0b532e426f1708dee37c6093.udd" 5111
"C:/Users/varghesechac/AppData/Local/UnrealEngine/Common/DerivedDataCache/Buckets/FShaderJobCacheShaders/ad/8a/78ae0bc233c30e0ccbc3c1f5c6372fa30909.udd" 5112
"C:/Users/varghesechac/AppData/Local/UnrealEngine/Common/DerivedDataCache/Buckets/FShaderJobCacheShaders/ea/82/a46e51ef315ca36283dbea38aaaf0beead74.udd" 5113
"C:/Users/varghesechac/AppData/Local/UnrealEngine/Common/DerivedDataCache/Buckets/FShaderJobCacheShaders/5c/9a/e8a7605a5241433d5ba6a733383f818ecc95.udd" 5114
"C:/Users/varghesechac/AppData/Local/UnrealEngine/Common/DerivedDataCache/Buckets/FShaderJobCacheShaders/af/df/31d82f9b01a911ecb6a45b3b33dad7ace559.udd" 5115
"C:/Users/varghesechac/AppData/Local/UnrealEngine/Common/DerivedDataCache/Buckets/FShaderJobCacheShaders/73/b6/a3c829297d4d8763a361d8559770fed26999.udd" 5116
"C:/Users/varghesechac/AppData/Local/UnrealEngine/Common/DerivedDataCache/Buckets/FShaderJobCacheShaders/9d/50/44b1151247b5bae71d0d911401e5fc043366.udd" 5117
"C:/Users/varghesechac/AppData/Local/UnrealEngine/Common/DerivedDataCache/Buckets/FShaderJobCacheShaders/f8/e6/082b6e11678f731c90c2a4f19b651dc4e026.udd" 5118
"C:/Users/varghesechac/AppData/Local/UnrealEngine/Common/DerivedDataCache/Buckets/FShaderJobCacheShaders/7a/83/fe04a37d19dc4dcba3fa27c42c9990c40ad0.udd" 5119
"C:/Users/varghesechac/AppData/Local/UnrealEngine/Common/DerivedDataCache/Buckets/FShaderJobCacheShaders/d9/58/544a9276d0aa87482c0fc60745c54de240fe.udd" 5120
"C:/Users/varghesechac/AppData/Local/UnrealEngine/Common/DerivedDataCache/Buckets/FShaderJobCacheShaders/50/4c/6b30ff1bdf2f82e145b1ed424fab96e8be89.udd" 5121
"C:/Users/varghesechac/AppData/Local/UnrealEngine/Common/DerivedDataCache/Buckets/FShaderJobCacheShaders/b0/8d/d16c1912acba98ba6a6b245513b0bc89f5b6.udd" 5122
"C:/Users/varghesechac/AppData/Local/UnrealEngine/Common/DerivedDataCache/Buckets/FShaderJobCacheShaders/d0/96/567c071b6bae5875e1bfff6a53cb88f494d3.udd" 5123
"C:/Users/varghesechac/AppData/Local/UnrealEngine/Common/DerivedDataCache/Buckets/FShaderJobCacheShaders/a9/1b/fd30c6f32dbd5c0bf971808d42ab06ad0caf.udd" 5124
"C:/Users/varghesechac/AppData/Local/UnrealEngine/Common/DerivedDataCache/Buckets/FShaderJobCacheShaders/55/a6/863689a047caef6f952f4677d8d75c8fe8c5.udd" 5125
"C:/Users/varghesechac/AppData/Local/UnrealEngine/Common/DerivedDataCache/Buckets/FShaderJobCacheShaders/a2/c6/962098b1cf8961c3e6a4e1b8f37e74fea70c.udd" 5126
"C:/Users/varghesechac/AppData/Local/UnrealEngine/Common/DerivedDataCache/Buckets/FShaderJobCacheShaders/4c/f7/0e7deeedbcaf584a789f373af0f564d37679.udd" 5127
"C:/Users/varghesechac/AppData/Local/UnrealEngine/Common/DerivedDataCache/Buckets/FShaderJobCacheShaders/c7/8e/718a599330ecd93bb0645f00a26c3434e186.udd" 5128
"C:/Users/varghesechac/AppData/Local/UnrealEngine/Common/DerivedDataCache/Buckets/FShaderJobCacheShaders/39/1e/372f3e5425fd313b42c463ce8df126a40b88.udd" 5129
"C:/Users/varghesechac/AppData/Local/UnrealEngine/Common/DerivedDataCache/Buckets/FShaderJobCacheShaders/25/bf/6893903ad27b8d33afc7c2eba811fa10bfe9.udd" 5130
"C:/Users/varghesechac/AppData/Local/UnrealEngine/Common/DerivedDataCache/Buckets/FShaderJobCacheShaders/4c/87/fc5ff25b44506325c50bdba4a1c631309022.udd" 5131
"C:/Users/varghesechac/AppData/Local/UnrealEngine/Common/DerivedDataCache/Buckets/FShaderJobCacheShaders/2e/b9/814018f9b66520fcf95b2a66c90e4aa1a6ca.udd" 5132
"C:/Users/varghesechac/AppData/Local/UnrealEngine/Common/DerivedDataCache/Buckets/FShaderJobCacheShaders/1c/2c/1eac9b3c6e9e7656d6f8e686413087bc548f.udd" 5133
"C:/Users/varghesechac/AppData/Local/UnrealEngine/Common/DerivedDataCache/Buckets/FShaderJobCacheShaders/2b/c2/d9dbf63e4d0d26a3ac663083ca93dc4079b2.udd" 5134
"C:/Users/varghesechac/AppData/Local/UnrealEngine/Common/DerivedDataCache/Buckets/FShaderJobCacheShaders/31/3c/e368b6f97b866437d433973c327cf8fd9863.udd" 5135
"C:/Users/varghesechac/AppData/Local/UnrealEngine/Common/DerivedDataCache/Buckets/FShaderJobCacheShaders/35/26/9aa11d3ead76417c8b5b0dbc3165863835fb.udd" 5136
"C:/Users/varghesechac/AppData/Local/UnrealEngine/Common/DerivedDataCache/Buckets/FShaderJobCacheShaders/d0/e4/4f6a1378209fc46790457625d06cb2a9742e.udd" 5137
"C:/Users/varghesechac/AppData/Local/UnrealEngine/Common/DerivedDataCache/Buckets/FShaderJobCacheShaders/46/fa/7c98615cf8a84f62776e31ba9c4a97bb2bdb.udd" 5138
"C:/Users/varghesechac/AppData/Local/UnrealEngine/Common/DerivedDataCache/Buckets/FShaderJobCacheShaders/e4/c2/990a92d86802547eb6751ca0551c618b78ed.udd" 5139
"C:/Users/varghesechac/AppData/Local/UnrealEngine/Common/DerivedDataCache/Buckets/FShaderJobCacheShaders/ab/ff/716dfd4cbe5a64041bb76c8c3c873a306946.udd" 5140
"C:/Users/varghesechac/AppData/Local/UnrealEngine/Common/DerivedDataCache/Buckets/FShaderJobCacheShaders/87/5d/e497eae93ebbea69e264f387c179f97adf36.udd" 5141
"C:/Users/varghesechac/AppData/Local/UnrealEngine/Common/DerivedDataCache/Buckets/FShaderJobCacheShaders/f3/91/d8c693a3b7e7b813c5bf3b3d5d1e179bb376.udd" 5142
"C:/Users/varghesechac/AppData/Local/UnrealEngine/Common/DerivedDataCache/Buckets/FShaderJobCacheShaders/4e/df/b0beaba7c05cac3f769089a840b8cb120396.udd" 5143
"C:/Users/varghesechac/AppData/Local/UnrealEngine/Common/DerivedDataCache/Buckets/FShaderJobCacheShaders/06/50/769f157d26f2675136873af4570abff06d10.udd" 5144
"C:/Users/varghesechac/AppData/Local/UnrealEngine/Common/DerivedDataCache/Buckets/FShaderJobCacheShaders/84/fa/b916253bb11f0699a2884f4abf1af0c30fdd.udd" 5145
"C:/Users/varghesechac/AppData/Local/UnrealEngine/Common/DerivedDataCache/Buckets/FShaderJobCacheShaders/8c/f0/735fc2c8e12447998c6ce1936694231e701b.udd" 5146
"C:/Users/varghesechac/AppData/Local/UnrealEngine/Common/DerivedDataCache/Buckets/FShaderJobCacheShaders/d4/bb/c5c7c36cdafaec02ee743c95a261d78a81a3.udd" 5147
"C:/Users/varghesechac/AppData/Local/UnrealEngine/Common/DerivedDataCache/Buckets/FShaderJobCacheShaders/78/67/c815acce9b6ee476ff62dae67f2d5f03ae92.udd" 5148
"C:/Users/varghesechac/AppData/Local/UnrealEngine/Common/DerivedDataCache/Buckets/FShaderJobCacheShaders/3f/24/35731b91b1bedf14f756a850d994e69c35ae.udd" 5149
"C:/Users/varghesechac/AppData/Local/UnrealEngine/Common/DerivedDataCache/Buckets/FShaderJobCacheShaders/6f/fb/7e7149eff8a8a387500cc2ffc06e2c4b74cf.udd" 5150
"C:/Users/varghesechac/AppData/Local/UnrealEngine/Common/DerivedDataCache/Buckets/FShaderJobCacheShaders/d7/d2/5710e02f003c491998b1b6b0fe83bb180dd1.udd" 5151
"C:/Users/varghesechac/AppData/Local/UnrealEngine/Common/DerivedDataCache/Buckets/FShaderJobCacheShaders/df/4a/0584108db52f0a880f02172a6e03b9f3517c.udd" 5152
"C:/Users/varghesechac/AppData/Local/UnrealEngine/Common/DerivedDataCache/Buckets/FShaderJobCacheShaders/6a/d5/b52a5b08554271217d611bc5b780346ba616.udd" 5153
"C:/Users/varghesechac/AppData/Local/UnrealEngine/Common/DerivedDataCache/Buckets/FShaderJobCacheShaders/cf/8e/9881dadbcda4ca32c948fdedc51a700a8ace.udd" 5154
"C:/Users/varghesechac/AppData/Local/UnrealEngine/Common/DerivedDataCache/Buckets/FShaderJobCacheShaders/43/af/300626077d0e84811e67b84fa7763a4fe0ce.udd" 5155
"C:/Users/varghesechac/AppData/Local/UnrealEngine/Common/DerivedDataCache/Buckets/FShaderJobCacheShaders/11/fa/5e767d2b33cbbf56ee8b88532208890d1291.udd" 5156
"C:/Users/varghesechac/AppData/Local/UnrealEngine/Common/DerivedDataCache/Buckets/FShaderJobCacheShaders/6f/07/1e8b16e09e97e1f47cde4ef2479a2643a24a.udd" 5157
"C:/Users/varghesechac/AppData/Local/UnrealEngine/Common/DerivedDataCache/Buckets/FShaderJobCacheShaders/3f/82/ee3cfdaa9ffb7fc853f3258479180d13f04d.udd" 5158
"C:/Users/varghesechac/AppData/Local/UnrealEngine/Common/DerivedDataCache/Buckets/FShaderJobCacheShaders/67/31/2ac2ae4945e4adc378d9d6522fb672d448e8.udd" 5159
"C:/Users/varghesechac/AppData/Local/UnrealEngine/Common/DerivedDataCache/Buckets/FShaderJobCacheShaders/b2/e4/6d8e887fe9f1aec2c1a4de00b55ed6d035d6.udd" 5160
"C:/Users/varghesechac/AppData/Local/UnrealEngine/Common/DerivedDataCache/Buckets/FShaderJobCacheShaders/44/10/1646295871bcbfff8804224d57ee5e2575c2.udd" 5161
"C:/Users/varghesechac/AppData/Local/UnrealEngine/Common/DerivedDataCache/Buckets/FShaderJobCacheShaders/41/14/aa9b4d1bfb98d689dabed39b1c30207954f9.udd" 5162
"C:/Users/varghesechac/AppData/Local/UnrealEngine/Common/DerivedDataCache/Buckets/FShaderJobCacheShaders/ac/eb/1d814bfe1437301bc13ae3f8a8ed76c84628.udd" 5163
"C:/Users/varghesechac/AppData/Local/UnrealEngine/Common/DerivedDataCache/Buckets/FShaderJobCacheShaders/30/3e/3e30f09d38e6653a8cde0b76fb3eafbc10bc.udd" 5164
"C:/Users/varghesechac/AppData/Local/UnrealEngine/Common/DerivedDataCache/Buckets/FShaderJobCacheShaders/cc/7e/84e890c3337be03eb677f8966c4126874fb8.udd" 5165
"C:/Users/varghesechac/AppData/Local/UnrealEngine/Common/DerivedDataCache/Buckets/FShaderJobCacheShaders/1c/1e/eb5b13bd86f04fe6d41c1eb2ed9934db49c4.udd" 5166
"C:/Users/varghesechac/AppData/Local/UnrealEngine/Common/DerivedDataCache/Buckets/FShaderJobCacheShaders/7d/a7/57cf7b6f81627f70edbd7831486328bb77fd.udd" 5167
"C:/Users/varghesechac/AppData/Local/UnrealEngine/Common/DerivedDataCache/Buckets/FShaderJobCacheShaders/6d/67/8576a8b09a79e49218a824a63fe4c79fd195.udd" 5168
"C:/Users/varghesechac/AppData/Local/UnrealEngine/Common/DerivedDataCache/Buckets/FShaderJobCacheShaders/d1/9a/d4e475bacf3a7ef1cd8c495f8ebd3c918560.udd" 5169
"C:/Users/varghesechac/AppData/Local/UnrealEngine/Common/DerivedDataCache/Buckets/FShaderJobCacheShaders/95/47/0e2caa394c2b0b7a07144c50d859d8836a2a.udd" 5170
"C:/Users/varghesechac/AppData/Local/UnrealEngine/Common/DerivedDataCache/Buckets/FShaderJobCacheShaders/fd/44/ac706cd769e44e4b26da57f9d95915265fef.udd" 5171
"C:/Users/varghesechac/AppData/Local/UnrealEngine/Common/DerivedDataCache/Buckets/FShaderJobCacheShaders/33/39/0e2acfd187f212524a16486c89890a717df6.udd" 5172
"C:/Users/varghesechac/AppData/Local/UnrealEngine/Common/DerivedDataCache/Buckets/FShaderJobCacheShaders/8a/53/7b4fc0dca24c0f98d311a2854aea8895c2ef.udd" 5173
"C:/Users/varghesechac/AppData/Local/UnrealEngine/Common/DerivedDataCache/Buckets/FShaderJobCacheShaders/6e/76/5745aeb5299da078f69b6d697ee65fdc2ec4.udd" 5174
"C:/Users/varghesechac/AppData/Local/UnrealEngine/Common/DerivedDataCache/Buckets/FShaderJobCacheShaders/ee/19/74d268bd79329e0335e51956680cc314ab70.udd" 5175
"C:/Users/varghesechac/AppData/Local/UnrealEngine/Common/DerivedDataCache/Buckets/FShaderJobCacheShaders/71/f0/d15d487bff4803b6fe189c409cf416e27de1.udd" 5176
"C:/Users/varghesechac/AppData/Local/UnrealEngine/Common/DerivedDataCache/Buckets/FShaderJobCacheShaders/dd/b9/5e437c9d8e1d5e0d838f61b5e992ed0136c0.udd" 5177
"C:/Users/varghesechac/AppData/Local/UnrealEngine/Common/DerivedDataCache/Buckets/FShaderJobCacheShaders/6c/42/2df31433fdffd04355c8421c867b43d517f1.udd" 5178
"C:/Users/varghesechac/AppData/Local/UnrealEngine/Common/DerivedDataCache/Buckets/FShaderJobCacheShaders/75/ab/231ebefe6805df2eac3668cb2a77afb8e8e4.udd" 5179
"C:/Users/varghesechac/AppData/Local/UnrealEngine/Common/DerivedDataCache/Buckets/FShaderJobCacheShaders/df/e4/965c976d089696f70b18d774bd5558edfc7d.udd" 5180
"C:/Users/varghesechac/AppData/Local/UnrealEngine/Common/DerivedDataCache/Buckets/FShaderJobCacheShaders/ec/2f/efb19e21c8f994dc04d94e7b767c26d123c8.udd" 5181
"C:/Users/varghesechac/AppData/Local/UnrealEngine/Common/DerivedDataCache/Buckets/FShaderJobCacheShaders/79/28/b225f57962c656f0b1e5237232be523aef08.udd" 5182
"C:/Users/varghesechac/AppData/Local/UnrealEngine/Common/DerivedDataCache/Buckets/FShaderJobCacheShaders/9b/0f/d25e498a3a3c3bfe107014d9fb5788192159.udd" 5183
"C:/Users/varghesechac/AppData/Local/UnrealEngine/Common/DerivedDataCache/Buckets/FShaderJobCacheShaders/45/7f/96cd35d3e92399bdd4db90a01ab098bc6bba.udd" 5184
"C:/Users/varghesechac/AppData/Local/UnrealEngine/Common/DerivedDataCache/Buckets/FShaderJobCacheShaders/55/44/0f1959d2c7cd765e0af218054e97b96dea4d.udd" 5185
"C:/Users/varghesechac/AppData/Local/UnrealEngine/Common/DerivedDataCache/Buckets/FShaderJobCacheShaders/81/c1/09ef6ef852e69cf4cfbe706d014fcb6560c8.udd" 5186
"C:/Users/varghesechac/AppData/Local/UnrealEngine/Common/DerivedDataCache/Buckets/FShaderJobCacheShaders/c0/1d/0735f48a6b33eb3e8dd4772838e4e0d2f13f.udd" 5187
"C:/Users/varghesechac/AppData/Local/UnrealEngine/Common/DerivedDataCache/Buckets/FShaderJobCacheShaders/fb/b4/c88ab23996eb337d57a12791308809ae4a1f.udd" 5188
"C:/Users/varghesechac/AppData/Local/UnrealEngine/Common/DerivedDataCache/Buckets/FShaderJobCacheShaders/6b/10/76c0ad39a80e83c458a1571a6bfe564a415f.udd" 5189
"C:/Users/varghesechac/AppData/Local/UnrealEngine/Common/DerivedDataCache/Buckets/FShaderJobCacheShaders/9e/cc/bb6f073b31c5733f58d7a72e0d3acc59f63b.udd" 5190
"C:/Users/varghesechac/AppData/Local/UnrealEngine/Common/DerivedDataCache/Buckets/FShaderJobCacheShaders/e8/b4/41bab40589e4b4511428c74c834e5d7bf4f6.udd" 5191
"C:/Users/varghesechac/AppData/Local/UnrealEngine/Common/DerivedDataCache/Buckets/FShaderJobCacheShaders/5b/d0/47cfc39f32588f6423b9e0f5a8c336a17580.udd" 5192
"C:/Users/varghesechac/AppData/Local/UnrealEngine/Common/DerivedDataCache/Buckets/FShaderJobCacheShaders/23/d1/e5ed29178fd5cfd52436a682cb113b595a16.udd" 5193
"C:/Users/varghesechac/AppData/Local/UnrealEngine/Common/DerivedDataCache/Buckets/FShaderJobCacheShaders/b1/cb/ecaecacbef9a7247ccceb56445ad71b04615.udd" 5194
"C:/Users/varghesechac/AppData/Local/UnrealEngine/Common/DerivedDataCache/Buckets/FShaderJobCacheShaders/6a/64/5ae885cd1d24fec2ad526d5580160060c99b.udd" 5195
"C:/Users/varghesechac/AppData/Local/UnrealEngine/Common/DerivedDataCache/Buckets/FShaderJobCacheShaders/bf/ec/cb87f1682dbe0842d33d00e6242976b91c82.udd" 5196
"C:/Users/varghesechac/AppData/Local/UnrealEngine/Common/DerivedDataCache/Buckets/FShaderJobCacheShaders/8e/21/413bf666f042ab54ebb67c488db7d98a8a59.udd" 5197
"C:/Users/varghesechac/AppData/Local/UnrealEngine/Common/DerivedDataCache/Buckets/FShaderJobCacheShaders/cf/f9/5bd17367a8f3250d2e836d1d69ccb8aa42a0.udd" 5198
"C:/Users/varghesechac/AppData/Local/UnrealEngine/Common/DerivedDataCache/Buckets/FShaderJobCacheShaders/aa/c1/1b25ed7fcea965e2d038172c6be33eb61a7e.udd" 5199
"C:/Users/varghesechac/AppData/Local/UnrealEngine/Common/DerivedDataCache/Buckets/FShaderJobCacheShaders/59/bc/4ffe9759625171db9ec80aff68d8a6b80953.udd" 5200
"C:/Users/varghesechac/AppData/Local/UnrealEngine/Common/DerivedDataCache/Buckets/FShaderJobCacheShaders/64/22/c717c95787a8f95937de33593d24bed12deb.udd" 5201
"C:/Users/varghesechac/AppData/Local/UnrealEngine/Common/DerivedDataCache/Buckets/FShaderJobCacheShaders/db/62/d7081ea02acaaa777b86202d13b2ce544247.udd" 5202
"C:/Users/varghesechac/AppData/Local/UnrealEngine/Common/DerivedDataCache/Buckets/FShaderJobCacheShaders/87/ab/406550082e7c3c7c38370a19a037bd93380f.udd" 5203
"C:/Users/varghesechac/AppData/Local/UnrealEngine/Common/DerivedDataCache/Buckets/FShaderJobCacheShaders/78/58/1efb6db998d0f0dc1d6161aa7964e951ed45.udd" 5204
"C:/Users/varghesechac/AppData/Local/UnrealEngine/Common/DerivedDataCache/Buckets/FShaderJobCacheShaders/f3/26/08c6a6d2f98f8f89e24a1ed5fb795f52b922.udd" 5205
"C:/Users/varghesechac/AppData/Local/UnrealEngine/Common/DerivedDataCache/Buckets/FShaderJobCacheShaders/7c/68/2b14ce4648ba3651a25f7343788ba0edb820.udd" 5206
"C:/Users/varghesechac/AppData/Local/UnrealEngine/Common/DerivedDataCache/Buckets/FShaderJobCacheShaders/0d/01/217f36527a920abc89c6057df697bf09d2d3.udd" 5207
"C:/Users/varghesechac/AppData/Local/UnrealEngine/Common/DerivedDataCache/Buckets/FShaderJobCacheShaders/af/16/fc7817610a2cf358966f6d6a20abdd78f639.udd" 5208
"C:/Users/varghesechac/AppData/Local/UnrealEngine/Common/DerivedDataCache/Buckets/FShaderJobCacheShaders/cb/67/8cfbc3971c21df52aae2b9acfd2acd996762.udd" 5209
"C:/Users/varghesechac/AppData/Local/UnrealEngine/Common/DerivedDataCache/Buckets/FShaderJobCacheShaders/2f/27/79651e8279fce61a6a16e26e2cee2f1b0162.udd" 5210
"C:/Users/varghesechac/AppData/Local/UnrealEngine/Common/DerivedDataCache/Buckets/FShaderJobCacheShaders/e8/2e/9e4359081f0e058f8a1901c91283fb8f3768.udd" 5211
"C:/Users/varghesechac/AppData/Local/UnrealEngine/Common/DerivedDataCache/Buckets/FShaderJobCacheShaders/b6/95/80e31d52062e21c1490d055410efa6b757d8.udd" 5212
"C:/Users/varghesechac/AppData/Local/UnrealEngine/Common/DerivedDataCache/Buckets/FShaderJobCacheShaders/39/74/290c2af6865654de1cf246cd314d5f0a4354.udd" 5213
"C:/Users/varghesechac/AppData/Local/UnrealEngine/Common/DerivedDataCache/Buckets/FShaderJobCacheShaders/77/b2/3041f3b618f5a9f855239e28f26a2eed7153.udd" 5214
"C:/Users/varghesechac/AppData/Local/UnrealEngine/Common/DerivedDataCache/Buckets/FShaderJobCacheShaders/ea/59/1e4d2e2ab8410ecf7b37af0d71e6290167f4.udd" 5215
"C:/Users/varghesechac/AppData/Local/UnrealEngine/Common/DerivedDataCache/Buckets/FShaderJobCacheShaders/73/b1/eb18eaeae15d1df77a9875f78b92d6902d52.udd" 5216
"C:/Users/varghesechac/AppData/Local/UnrealEngine/Common/DerivedDataCache/Buckets/FShaderJobCacheShaders/e6/0a/0bf47d1f197d18cb42a319c7fc07b6d59c29.udd" 5217
"C:/Users/varghesechac/AppData/Local/UnrealEngine/Common/DerivedDataCache/Buckets/FShaderJobCacheShaders/45/6d/eca1bb28fbcba9ea1528d40b0f4cdf7df870.udd" 5218
"C:/Users/varghesechac/AppData/Local/UnrealEngine/Common/DerivedDataCache/Buckets/FShaderJobCacheShaders/8f/12/b69e8c80f5ae3a62c40819d42650d9bdf728.udd" 5219
"C:/Users/varghesechac/AppData/Local/UnrealEngine/Common/DerivedDataCache/Buckets/FShaderJobCacheShaders/c2/f5/7e34d967f1720e306f257637408d1342020d.udd" 5220
"C:/Users/varghesechac/AppData/Local/UnrealEngine/Common/DerivedDataCache/Buckets/FShaderJobCacheShaders/ae/59/a95b5212c77ac2b0f9ca52c1542164c4cacd.udd" 5221
"C:/Users/varghesechac/AppData/Local/UnrealEngine/Common/DerivedDataCache/Buckets/FShaderJobCacheShaders/ae/28/4394da97d0157eab7baf0927f4dbdac270f2.udd" 5222
"C:/Users/varghesechac/AppData/Local/UnrealEngine/Common/DerivedDataCache/Buckets/FShaderJobCacheShaders/14/58/a16bc55b9c3ff2d246641aca586bc0d10366.udd" 5223
"C:/Users/varghesechac/AppData/Local/UnrealEngine/Common/DerivedDataCache/Buckets/FShaderJobCacheShaders/00/85/a50567fe6b9423f706099b9206d894e54b13.udd" 5224
"C:/Users/varghesechac/AppData/Local/UnrealEngine/Common/DerivedDataCache/Buckets/FShaderJobCacheShaders/62/55/1eff8bc5346dc054b4e130bf978da69978e7.udd" 5225
"C:/Users/varghesechac/AppData/Local/UnrealEngine/Common/DerivedDataCache/Buckets/FShaderJobCacheShaders/e3/2a/dea26f732c823cd15cd0e4c1d6ddd6e6aa1e.udd" 5226
"C:/Users/varghesechac/AppData/Local/UnrealEngine/Common/DerivedDataCache/Buckets/FShaderJobCacheShaders/c9/42/77c2c9736c7aa62dd8f69bcb4bfb7e628b39.udd" 5227
"C:/Users/varghesechac/AppData/Local/UnrealEngine/Common/DerivedDataCache/Buckets/FShaderJobCacheShaders/90/e8/77dddc829d6b8820e8ec1b3c065649db8278.udd" 5228
"C:/Users/varghesechac/AppData/Local/UnrealEngine/Common/DerivedDataCache/Buckets/FShaderJobCacheShaders/ad/4d/bc00106156e344d3bd0c246538ee258988c3.udd" 5229
"C:/Users/varghesechac/AppData/Local/UnrealEngine/Common/DerivedDataCache/Buckets/FShaderJobCacheShaders/a3/35/af637b8fc0929a8e96c6ecef76bb66946d96.udd" 5230
"C:/Users/varghesechac/AppData/Local/UnrealEngine/Common/DerivedDataCache/Buckets/FShaderJobCacheShaders/b5/8d/e920c78287cd30ad0428916af36bbd5b4920.udd" 5231
"C:/Users/varghesechac/AppData/Local/UnrealEngine/Common/DerivedDataCache/Buckets/FShaderJobCacheShaders/fd/00/42a8edb721d0dfdeebd6fd63887f0bf06cff.udd" 5232
"C:/Users/varghesechac/AppData/Local/UnrealEngine/Common/DerivedDataCache/Buckets/FShaderJobCacheShaders/ba/05/132cf5dc6a91dcb58816a5707b5c76a8243e.udd" 5233
"C:/Users/varghesechac/AppData/Local/UnrealEngine/Common/DerivedDataCache/Buckets/FShaderJobCacheShaders/6d/95/7604f60c953f383e438a01acd09785f41d4d.udd" 5234
"C:/Users/varghesechac/AppData/Local/UnrealEngine/Common/DerivedDataCache/Buckets/FShaderJobCacheShaders/b3/0a/363dd0923c1f423b8c95be364e360cd8a5c3.udd" 5235
"C:/Users/varghesechac/AppData/Local/UnrealEngine/Common/DerivedDataCache/Buckets/FShaderJobCacheShaders/ce/5a/d945035b8a2e84b232828b8cfb0e09393814.udd" 5236
"C:/Users/varghesechac/AppData/Local/UnrealEngine/Common/DerivedDataCache/Buckets/FShaderJobCacheShaders/0d/3f/213cee916d1ff956403035abc88426956110.udd" 5237
"C:/Users/varghesechac/AppData/Local/UnrealEngine/Common/DerivedDataCache/Buckets/FShaderJobCacheShaders/41/ef/7bcf40f8e929c8b91ad00aeb9b06002ff035.udd" 5238
"C:/Users/varghesechac/AppData/Local/UnrealEngine/Common/DerivedDataCache/Buckets/FShaderJobCacheShaders/85/81/85df6405e74c22558ac3b0bff33ee9aad960.udd" 5239
"C:/Users/varghesechac/AppData/Local/UnrealEngine/Common/DerivedDataCache/Buckets/FShaderJobCacheShaders/c4/76/eed0b921f28830e6cdb30221776b3e9198e8.udd" 5240
"C:/Users/varghesechac/AppData/Local/UnrealEngine/Common/DerivedDataCache/Buckets/FShaderJobCacheShaders/a9/2b/d38941b9cb45004e9780091d02576f254e2c.udd" 5241
"C:/Users/varghesechac/AppData/Local/UnrealEngine/Common/DerivedDataCache/Buckets/FShaderJobCacheShaders/63/0f/c778a1fd8f230d64305122a106c0e8397bd9.udd" 5242
"C:/Users/varghesechac/AppData/Local/UnrealEngine/Common/DerivedDataCache/Buckets/FShaderJobCacheShaders/ab/f1/432d9da9a2091e692fc4267aef12c41d3c72.udd" 5243
"C:/Users/varghesechac/AppData/Local/UnrealEngine/Common/DerivedDataCache/Buckets/FShaderJobCacheShaders/dc/19/faae997448713185042824439b095d2f271c.udd" 5244
"C:/Users/varghesechac/AppData/Local/UnrealEngine/Common/DerivedDataCache/Buckets/FShaderJobCacheShaders/f2/84/a541f96cf3f851d6b6e03b9694979f903fcc.udd" 5245
"C:/Users/varghesechac/AppData/Local/UnrealEngine/Common/DerivedDataCache/Buckets/FShaderJobCacheShaders/14/8c/170048a42979382b383d4b7fb1523105db7f.udd" 5246
"C:/Users/varghesechac/AppData/Local/UnrealEngine/Common/DerivedDataCache/Buckets/FShaderJobCacheShaders/10/40/bce1a722d328e12fddf2f6bdb6c9c90275c4.udd" 5247
"C:/Users/varghesechac/AppData/Local/UnrealEngine/Common/DerivedDataCache/Buckets/FShaderJobCacheShaders/5f/eb/b463c5e2470f18a29bbda880f49e116d7ab3.udd" 5248
"C:/Users/varghesechac/AppData/Local/UnrealEngine/Common/DerivedDataCache/Buckets/FShaderJobCacheShaders/e3/d5/3fe33c81d3d2b3aec5609ad20dce28a00394.udd" 5249
"C:/Users/varghesechac/AppData/Local/UnrealEngine/Common/DerivedDataCache/Buckets/FShaderJobCacheShaders/1c/17/4475d6879feaacb995ae73de569dd362cf17.udd" 5250
"C:/Users/varghesechac/AppData/Local/UnrealEngine/Common/DerivedDataCache/Buckets/FShaderJobCacheShaders/4d/c8/55c94d8c4de083ed4064fe0707ccf4fcd278.udd" 5251
"C:/Users/varghesechac/AppData/Local/UnrealEngine/Common/DerivedDataCache/Buckets/FShaderJobCacheShaders/a8/b9/8f8190202b8a51e6cd1cca1e62f409cb12ea.udd" 5252
"C:/Users/varghesechac/AppData/Local/UnrealEngine/Common/DerivedDataCache/Buckets/FShaderJobCacheShaders/87/18/94916145302d866711eeb4c8a8ee72efb161.udd" 5253
"C:/Users/varghesechac/AppData/Local/UnrealEngine/Common/DerivedDataCache/Buckets/FShaderJobCacheShaders/87/ef/e44bbb21cdfa35513c21b1cd325420f4e8c1.udd" 5254
"C:/Users/varghesechac/AppData/Local/UnrealEngine/Common/DerivedDataCache/Buckets/FShaderJobCacheShaders/47/0e/60b0bb0b9d8300ced3774d847dd6268be484.udd" 5255
"C:/Users/varghesechac/AppData/Local/UnrealEngine/Common/DerivedDataCache/Buckets/FShaderJobCacheShaders/3d/65/4c7e0296182d322d4e71c1fa0d758c7ef8e0.udd" 5256
"C:/Users/varghesechac/AppData/Local/UnrealEngine/Common/DerivedDataCache/Buckets/FShaderJobCacheShaders/84/4b/885f412e05d194d23671dd4a53180bf056cb.udd" 5257
"C:/Users/varghesechac/AppData/Local/UnrealEngine/Common/DerivedDataCache/Buckets/FShaderJobCacheShaders/f0/d4/930b6d79eb5160f4b6124836d0f78240819a.udd" 5258
"C:/Users/varghesechac/AppData/Local/UnrealEngine/Common/DerivedDataCache/Buckets/FShaderJobCacheShaders/ac/0e/5785ffa247831d9307148498322f75fa3294.udd" 5259
"C:/Users/varghesechac/AppData/Local/UnrealEngine/Common/DerivedDataCache/Buckets/FShaderJobCacheShaders/09/d7/bec8529f06dd80fd023b2920f932e3bc30c5.udd" 5260
"C:/Users/varghesechac/AppData/Local/UnrealEngine/Common/DerivedDataCache/Buckets/FShaderJobCacheShaders/62/a1/b98cf8dd8132b3b572bf9602e653544d1dbb.udd" 5261
"C:/Users/varghesechac/AppData/Local/UnrealEngine/Common/DerivedDataCache/Buckets/FShaderJobCacheShaders/ad/f7/487edc6f73d5287eb99b967f31f73c050961.udd" 5262
"C:/Users/varghesechac/AppData/Local/UnrealEngine/Common/DerivedDataCache/Buckets/FShaderJobCacheShaders/be/81/60153fe265af0dc9ef51f4038f50b90dc56a.udd" 5263
"C:/Users/varghesechac/AppData/Local/UnrealEngine/Common/DerivedDataCache/Buckets/FShaderJobCacheShaders/ee/09/1d0847b822f577c83167ffc31f8ff8eb36df.udd" 5264
"C:/Users/varghesechac/AppData/Local/UnrealEngine/Common/DerivedDataCache/Buckets/FShaderJobCacheShaders/db/46/080745b4ee49fd11de69b1430c4ad88af6d5.udd" 5265
"C:/Users/varghesechac/AppData/Local/UnrealEngine/Common/DerivedDataCache/Buckets/FShaderJobCacheShaders/ca/14/f6e8209cba03fc6772c6d55403ce24adb7d4.udd" 5266
"C:/Users/varghesechac/AppData/Local/UnrealEngine/Common/DerivedDataCache/Buckets/FShaderJobCacheShaders/08/6d/6280f15a09408467fed9761661ae4996e092.udd" 5267
"C:/Users/varghesechac/AppData/Local/UnrealEngine/Common/DerivedDataCache/Buckets/FShaderJobCacheShaders/8a/9c/d7a287d386c971ced3e6bcd1625075edcf04.udd" 5268
"C:/Users/varghesechac/AppData/Local/UnrealEngine/Common/DerivedDataCache/Buckets/FShaderJobCacheShaders/21/01/0a9405879fb3ca1e1a660edb0954c9853662.udd" 5269
"C:/Users/varghesechac/AppData/Local/UnrealEngine/Common/DerivedDataCache/Buckets/FShaderJobCacheShaders/4e/03/71af3c3efb30484fbb8a4d92a3843099451d.udd" 5270
"C:/Users/varghesechac/AppData/Local/UnrealEngine/Common/DerivedDataCache/Buckets/FShaderJobCacheShaders/1f/ab/a368a24abc032887de7dfa18a353d4c02d7f.udd" 5271
"C:/Users/varghesechac/AppData/Local/UnrealEngine/Common/DerivedDataCache/Buckets/FShaderJobCacheShaders/9e/9e/d7f609c3ae5bbb8068165227f285d4257c3f.udd" 5272
"C:/Users/varghesechac/AppData/Local/UnrealEngine/Common/DerivedDataCache/Buckets/FShaderJobCacheShaders/d2/f3/cf1cf67d0297d2cce9420264ef3fe40da763.udd" 5273
"C:/Users/varghesechac/AppData/Local/UnrealEngine/Common/DerivedDataCache/Buckets/FShaderJobCacheShaders/4e/a7/087533ce918be8ddc75dd411505fea42bffd.udd" 5274
"C:/Users/varghesechac/AppData/Local/UnrealEngine/Common/DerivedDataCache/Buckets/FShaderJobCacheShaders/cd/4d/3544fdfde3f54d31038bb055ed432c07c4c6.udd" 5275
"C:/Users/varghesechac/AppData/Local/UnrealEngine/Common/DerivedDataCache/Buckets/FShaderJobCacheShaders/79/bd/a8d965e72efabba35c1931f94da30bd8bcea.udd" 5276
"C:/Users/varghesechac/AppData/Local/UnrealEngine/Common/DerivedDataCache/Buckets/FShaderJobCacheShaders/3e/2d/fa19d32c036c83440efde4064cea438e81c2.udd" 5277
"C:/Users/varghesechac/AppData/Local/UnrealEngine/Common/DerivedDataCache/Buckets/FShaderJobCacheShaders/f5/e3/a1cf0d5b654006a2dec668e40a49298e3ea7.udd" 5278
"C:/Users/varghesechac/AppData/Local/UnrealEngine/Common/DerivedDataCache/Buckets/FShaderJobCacheShaders/08/65/10170c3635101b3986d7618a5a6dcc73864a.udd" 5279
"C:/Users/varghesechac/AppData/Local/UnrealEngine/Common/DerivedDataCache/Buckets/FShaderJobCacheShaders/80/4e/e2c756a43c35d47a01da4e15d8452ee1873a.udd" 5280
"C:/Users/varghesechac/AppData/Local/UnrealEngine/Common/DerivedDataCache/Buckets/FShaderJobCacheShaders/fd/a1/8453d51ecd8aef458a8f1466b819ee680ca2.udd" 5281
"C:/Users/varghesechac/AppData/Local/UnrealEngine/Common/DerivedDataCache/Buckets/FShaderJobCacheShaders/47/58/f8bc19eeeb554491bcef248f7eb217f17474.udd" 5282
"C:/Users/varghesechac/AppData/Local/UnrealEngine/Common/DerivedDataCache/Buckets/FShaderJobCacheShaders/ba/b2/3484e31e40c818e10fcc259d5365b8eb1e80.udd" 5283
"C:/Users/varghesechac/AppData/Local/UnrealEngine/Common/DerivedDataCache/Buckets/FShaderJobCacheShaders/ac/06/cf29cafadf2cd41df0123677ee2ee44a6f22.udd" 5284
"C:/Users/varghesechac/AppData/Local/UnrealEngine/Common/DerivedDataCache/Buckets/FShaderJobCacheShaders/3b/0f/4e613bd27242b83e43b8758b0240a8677767.udd" 5285
"C:/Users/varghesechac/AppData/Local/UnrealEngine/Common/DerivedDataCache/Buckets/FShaderJobCacheShaders/7a/5f/3a4fd48e23df0a317256cf7e1d62ebf3f6a7.udd" 5286
"C:/Users/varghesechac/AppData/Local/UnrealEngine/Common/DerivedDataCache/Buckets/FShaderJobCacheShaders/a6/35/00ee4906272618f32a8dfa3b97c456a73771.udd" 5287
"C:/Users/varghesechac/AppData/Local/UnrealEngine/Common/DerivedDataCache/Buckets/FShaderJobCacheShaders/a1/8e/25a95b1574a5837344152a04a2e6831e20fc.udd" 5288
"C:/Users/varghesechac/AppData/Local/UnrealEngine/Common/DerivedDataCache/Buckets/FShaderJobCacheShaders/38/80/7b8bf9879c710a206a8869cdf8bf8e7476e9.udd" 5289
"C:/Users/varghesechac/AppData/Local/UnrealEngine/Common/DerivedDataCache/Buckets/FShaderJobCacheShaders/cd/3d/20f075a6f1e664bcc87a07f79271427127a6.udd" 5290
"C:/Users/varghesechac/AppData/Local/UnrealEngine/Common/DerivedDataCache/Buckets/FShaderJobCacheShaders/25/09/3fd10324c93c387f9d5eee7ed76dc1837c91.udd" 5291
"C:/Users/varghesechac/AppData/Local/UnrealEngine/Common/DerivedDataCache/Buckets/FShaderJobCacheShaders/68/f4/84520343f7fa5f700f6f6359733ceba34222.udd" 5292
"C:/Users/varghesechac/AppData/Local/UnrealEngine/Common/DerivedDataCache/Buckets/FShaderJobCacheShaders/17/10/e00f070913a492d6b29fab165fe28f711009.udd" 5293
"C:/Users/varghesechac/AppData/Local/UnrealEngine/Common/DerivedDataCache/Buckets/FShaderJobCacheShaders/9f/52/02420a191e741e8791514384dd12833fddc6.udd" 5294
"C:/Users/varghesechac/AppData/Local/UnrealEngine/Common/DerivedDataCache/Buckets/FShaderJobCacheShaders/f5/b1/4ed5a51c96bc88e65cad34666294f638877c.udd" 5295
"C:/Users/varghesechac/AppData/Local/UnrealEngine/Common/DerivedDataCache/Buckets/FShaderJobCacheShaders/0b/74/ecf142630629ac313544473f6dc6356136a8.udd" 5296
"C:/Users/varghesechac/AppData/Local/UnrealEngine/Common/DerivedDataCache/Buckets/FShaderJobCacheShaders/e8/28/97415375d0c9b019a772fe246834cf4b919c.udd" 5297
"C:/Users/varghesechac/AppData/Local/UnrealEngine/Common/DerivedDataCache/Buckets/FShaderJobCacheShaders/e8/d5/03014716245abb0a3007218506839067d895.udd" 5298
"C:/Users/varghesechac/AppData/Local/UnrealEngine/Common/DerivedDataCache/Buckets/FShaderJobCacheShaders/ca/27/d69a3a6047855794e8fb5647f9e0ff4aa4e8.udd" 5299
"C:/Users/varghesechac/AppData/Local/UnrealEngine/Common/DerivedDataCache/Buckets/FShaderJobCacheShaders/d6/cf/1ceecf48bfd535572d7d953c4c3453fb6ad8.udd" 5300
"C:/Users/varghesechac/AppData/Local/UnrealEngine/Common/DerivedDataCache/Buckets/FShaderJobCacheShaders/9c/d2/930d41de61e801b201b131428f2239df88a0.udd" 5301
"C:/Users/varghesechac/AppData/Local/UnrealEngine/Common/DerivedDataCache/Buckets/FShaderJobCacheShaders/b1/a6/2c3504b7f331f68f412b1efd8e3eacd1415f.udd" 5302
"C:/Users/varghesechac/AppData/Local/UnrealEngine/Common/DerivedDataCache/Buckets/FShaderJobCacheShaders/f9/f8/b7aab0784e4c0188132360f983079f67370e.udd" 5303
"C:/Users/varghesechac/AppData/Local/UnrealEngine/Common/DerivedDataCache/Buckets/FShaderJobCacheShaders/ea/7f/d2777da6523146e0377876350fca26a6069d.udd" 5304
"C:/Users/varghesechac/AppData/Local/UnrealEngine/Common/DerivedDataCache/Buckets/FShaderJobCacheShaders/6e/72/355c6f2a69db2c0eb51e3eb6fcb086ecfb2b.udd" 5305
"C:/Users/varghesechac/AppData/Local/UnrealEngine/Common/DerivedDataCache/Buckets/FShaderJobCacheShaders/48/0b/bd25fd5f348f8586d842e1794d7dc9afb4b8.udd" 5306
"C:/Users/varghesechac/AppData/Local/UnrealEngine/Common/DerivedDataCache/Buckets/FShaderJobCacheShaders/4e/ad/2d93d48ac8c3cae9169c7f4206811bfc72da.udd" 5307
"C:/Users/varghesechac/AppData/Local/UnrealEngine/Common/DerivedDataCache/Buckets/FShaderJobCacheShaders/a4/73/fc2d042b7fc198f97442ff922198ec781498.udd" 5308
"C:/Users/varghesechac/AppData/Local/UnrealEngine/Common/DerivedDataCache/Buckets/FShaderJobCacheShaders/16/f0/8e4fb61365e8ddb9a7208dec9dfcce9a34a1.udd" 5309
"C:/Users/varghesechac/AppData/Local/UnrealEngine/Common/DerivedDataCache/Buckets/FShaderJobCacheShaders/c5/9d/578249010efdd209a498ed1cc1600adbe565.udd" 5310
"C:/Users/varghesechac/AppData/Local/UnrealEngine/Common/DerivedDataCache/Buckets/FShaderJobCacheShaders/0c/5f/9368f01df60b5f15c2a9548ec359ce498898.udd" 5311
"C:/Users/varghesechac/AppData/Local/UnrealEngine/Common/DerivedDataCache/Buckets/FShaderJobCacheShaders/ab/ae/2b3134ab00c4890208377fb53e6cbedb0d4c.udd" 5312
"C:/Users/varghesechac/AppData/Local/UnrealEngine/Common/DerivedDataCache/Buckets/FShaderJobCacheShaders/37/57/b08940bf821f847e447459daa6d56ec360b3.udd" 5313
"C:/Users/varghesechac/AppData/Local/UnrealEngine/Common/DerivedDataCache/Buckets/FShaderJobCacheShaders/bb/63/9254de448297bff3737618eab976167e1d10.udd" 5314
"C:/Users/varghesechac/AppData/Local/UnrealEngine/Common/DerivedDataCache/Buckets/FShaderJobCacheShaders/83/66/c7e7fe7871a7d935708706ef8eeac0e9d00b.udd" 5315
"C:/Users/varghesechac/AppData/Local/UnrealEngine/Common/DerivedDataCache/Buckets/FShaderJobCacheShaders/0b/73/f94e8a9836083288a4dc7c7b5a62f955948e.udd" 5316
"C:/Users/varghesechac/AppData/Local/UnrealEngine/Common/DerivedDataCache/Buckets/FShaderJobCacheShaders/48/8a/a8ee60a781b3d34f366c02a66293dd24f307.udd" 5317
"C:/Users/varghesechac/AppData/Local/UnrealEngine/Common/DerivedDataCache/Buckets/FShaderJobCacheShaders/e7/78/6e4f85ca0842280f0b611f03f84712281be1.udd" 5318
"C:/Users/varghesechac/AppData/Local/UnrealEngine/Common/DerivedDataCache/Buckets/FShaderJobCacheShaders/1c/98/f320b99a48cd1d680eee449d7826ae8e2b9d.udd" 5319
"C:/Users/varghesechac/AppData/Local/UnrealEngine/Common/DerivedDataCache/Buckets/FShaderJobCacheShaders/d1/ef/e6780bbed54237949912a441ccaa39293242.udd" 5320
"C:/Users/varghesechac/AppData/Local/UnrealEngine/Common/DerivedDataCache/Buckets/FShaderJobCacheShaders/7b/d8/1bab0e81569450d2e97293cff37a53beed95.udd" 5321
"C:/Users/varghesechac/AppData/Local/UnrealEngine/Common/DerivedDataCache/Buckets/FShaderJobCacheShaders/40/5b/cde2af244423efbc423f47459f6add7dba14.udd" 5322
"C:/Users/varghesechac/AppData/Local/UnrealEngine/Common/DerivedDataCache/Buckets/FShaderJobCacheShaders/08/5d/72a829e25bb94d37cd742c8967375a758c57.udd" 5323
"C:/Users/varghesechac/AppData/Local/UnrealEngine/Common/DerivedDataCache/Buckets/FShaderJobCacheShaders/0b/12/c36f017c7662d72374363e40477332484e1d.udd" 5324
"C:/Users/varghesechac/AppData/Local/UnrealEngine/Common/DerivedDataCache/Buckets/FShaderJobCacheShaders/33/03/e4585b87db0e863fbcfc032c32665188b089.udd" 5325
"C:/Users/varghesechac/AppData/Local/UnrealEngine/Common/DerivedDataCache/Buckets/FShaderJobCacheShaders/49/de/995c5a0d36ea5a2c343943ba73fb18257691.udd" 5326
"C:/Users/varghesechac/AppData/Local/UnrealEngine/Common/DerivedDataCache/Buckets/FShaderJobCacheShaders/ef/2f/685ea00a729636fee93de8636046c1ec6366.udd" 5327
"C:/Users/varghesechac/AppData/Local/UnrealEngine/Common/DerivedDataCache/Buckets/FShaderJobCacheShaders/1c/cc/ae2c17a716723d07df438e8175ab0b550cf3.udd" 5328
"C:/Users/varghesechac/AppData/Local/UnrealEngine/Common/DerivedDataCache/Buckets/FShaderJobCacheShaders/7f/4f/54c8032c8174be3673e4b1aa82549d3aec28.udd" 5329
"C:/Users/varghesechac/AppData/Local/UnrealEngine/Common/DerivedDataCache/Buckets/FShaderJobCacheShaders/ac/62/e64fd3641a479ecea298df1396200c36dd73.udd" 5330
"C:/Users/varghesechac/AppData/Local/UnrealEngine/Common/DerivedDataCache/Buckets/FShaderJobCacheShaders/00/7f/6b3c784a06692dd7f829f1710434168bd31b.udd" 5331
"C:/Users/varghesechac/AppData/Local/UnrealEngine/Common/DerivedDataCache/Buckets/FShaderJobCacheShaders/29/86/7f1245e43799a0945254eb515d30c9db0f74.udd" 5332
"C:/Users/varghesechac/AppData/Local/UnrealEngine/Common/DerivedDataCache/Buckets/FShaderJobCacheShaders/ea/40/d68ec095bed35a4115248d2914b50d45de6c.udd" 5333
"C:/Users/varghesechac/AppData/Local/UnrealEngine/Common/DerivedDataCache/Buckets/FShaderJobCacheShaders/d2/d3/9be5d25d371287e60578c9f7e7be41b561e7.udd" 5334
"C:/Users/varghesechac/AppData/Local/UnrealEngine/Common/DerivedDataCache/Buckets/FShaderJobCacheShaders/78/b8/af0f9172255a104b55d3dc548acc87d28fd7.udd" 5335
"C:/Users/varghesechac/AppData/Local/UnrealEngine/Common/DerivedDataCache/Buckets/FShaderJobCacheShaders/28/40/a106c38fcabf95a19713486b4c4d487f46a6.udd" 5336
"C:/Users/varghesechac/AppData/Local/UnrealEngine/Common/DerivedDataCache/Buckets/FShaderJobCacheShaders/b3/1f/a1949b379e6bd0da33a73bca50eb7b9e74e7.udd" 5337
"C:/Users/varghesechac/AppData/Local/UnrealEngine/Common/DerivedDataCache/Buckets/FShaderJobCacheShaders/0f/fc/0ae5103a2b942898caf8f5c4514003b6b405.udd" 5338
"C:/Users/varghesechac/AppData/Local/UnrealEngine/Common/DerivedDataCache/Buckets/FShaderJobCacheShaders/e2/6f/246c3a2c5eec4e74e6b6705a17d5dd288311.udd" 5339
"C:/Users/varghesechac/AppData/Local/UnrealEngine/Common/DerivedDataCache/Buckets/FShaderJobCacheShaders/7c/df/4dbe7aaa96e38259ad89cb920175ab42e772.udd" 5340
"C:/Users/varghesechac/AppData/Local/UnrealEngine/Common/DerivedDataCache/Buckets/FShaderJobCacheShaders/7b/e0/c52b4b3501c2f00cf826140bd221f37504ac.udd" 5341
"C:/Users/varghesechac/AppData/Local/UnrealEngine/Common/DerivedDataCache/Buckets/FShaderJobCacheShaders/89/2f/0146071f6dd1312c4754c561c9e297e147b2.udd" 5342
"C:/Users/varghesechac/AppData/Local/UnrealEngine/Common/DerivedDataCache/Buckets/FShaderJobCacheShaders/3b/14/163a91db3b21e257fa6e3e0da4609caf3f87.udd" 5343
"C:/Users/varghesechac/AppData/Local/UnrealEngine/Common/DerivedDataCache/Buckets/FShaderJobCacheShaders/cb/51/5cbb222f3f805b93cc9d16775ddc6d98e034.udd" 5344
"C:/Users/varghesechac/AppData/Local/UnrealEngine/Common/DerivedDataCache/Buckets/FShaderJobCacheShaders/50/56/a097ad9b844dd9e84318dd8449061b010f37.udd" 5345
"C:/Users/varghesechac/AppData/Local/UnrealEngine/Common/DerivedDataCache/Buckets/FShaderJobCacheShaders/22/61/6d3b5649387f2fb4d26b98b3adaf9b8a6b55.udd" 5346
"C:/Users/varghesechac/AppData/Local/UnrealEngine/Common/DerivedDataCache/Buckets/FShaderJobCacheShaders/45/57/0c669e3fc609585eedf64c139f0f1fd05599.udd" 5347
"C:/Users/varghesechac/AppData/Local/UnrealEngine/Common/DerivedDataCache/Buckets/FShaderJobCacheShaders/e1/d8/3c702b280a68199624ed1b4244748e0ed2be.udd" 5348
"C:/Users/varghesechac/AppData/Local/UnrealEngine/Common/DerivedDataCache/Buckets/FShaderJobCacheShaders/b0/b4/af14520964897a66136c2ebaef3f388cc5e4.udd" 5349
"C:/Users/varghesechac/AppData/Local/UnrealEngine/Common/DerivedDataCache/Buckets/FShaderJobCacheShaders/5b/35/c472f8121f0e5452923f98f4216f63c34013.udd" 5350
"C:/Users/varghesechac/AppData/Local/UnrealEngine/Common/DerivedDataCache/Buckets/FShaderJobCacheShaders/2f/df/8d10d786c20dfaab82ed4a4e6ebbbcb62721.udd" 5351
"C:/Users/varghesechac/AppData/Local/UnrealEngine/Common/DerivedDataCache/Buckets/FShaderJobCacheShaders/2c/35/73775e4f20605342256fbcc82c5e3bfb7c62.udd" 5352
"C:/Users/varghesechac/AppData/Local/UnrealEngine/Common/DerivedDataCache/Buckets/FShaderJobCacheShaders/42/a7/3e379783e9aa4eaf9b3634507e3f7b2c39fa.udd" 5353
"C:/Users/varghesechac/AppData/Local/UnrealEngine/Common/DerivedDataCache/Buckets/FShaderJobCacheShaders/37/3b/56b45774f26a60b4d6f1c6b658c41792f642.udd" 5354
"C:/Users/varghesechac/AppData/Local/UnrealEngine/Common/DerivedDataCache/Buckets/FShaderJobCacheShaders/ca/4d/f942b0a359b57733bf48f8ca1bce6de62515.udd" 5355
"C:/Users/varghesechac/AppData/Local/UnrealEngine/Common/DerivedDataCache/Buckets/FShaderJobCacheShaders/81/56/8418be879e05f443fec0307c1f5be83a69bc.udd" 5356
"C:/Users/varghesechac/AppData/Local/UnrealEngine/Common/DerivedDataCache/Buckets/FShaderJobCacheShaders/25/89/6248476ca51ee21621af120978762c6d677c.udd" 5357
"C:/Users/varghesechac/AppData/Local/UnrealEngine/Common/DerivedDataCache/Buckets/FShaderJobCacheShaders/65/01/d9f9498af1591c1a1bb4cc34d2a66f7839d4.udd" 5358
"C:/Users/varghesechac/AppData/Local/UnrealEngine/Common/DerivedDataCache/Buckets/FShaderJobCacheShaders/66/f7/8e7a3da889e3f46dfde145b1ce91fec66c60.udd" 5359
"C:/Users/varghesechac/AppData/Local/UnrealEngine/Common/DerivedDataCache/Buckets/FShaderJobCacheShaders/cd/53/e4efd9f5cb5cf57ca50d05a481c6f6c37310.udd" 5360
"C:/Users/varghesechac/AppData/Local/UnrealEngine/Common/DerivedDataCache/Buckets/FShaderJobCacheShaders/90/d7/113134ad71e7ee42fb950d0b3d59200f8fec.udd" 5361
"C:/Users/varghesechac/AppData/Local/UnrealEngine/Common/DerivedDataCache/Buckets/FShaderJobCacheShaders/f2/58/90bf047d5fdb6aa80e2f194769ce35c47207.udd" 5362
"C:/Users/varghesechac/AppData/Local/UnrealEngine/Common/DerivedDataCache/Buckets/FShaderJobCacheShaders/56/93/52b481ab91826e8e4c8dba4f0273dd5a505f.udd" 5363
"C:/Users/varghesechac/AppData/Local/UnrealEngine/Common/DerivedDataCache/Buckets/FShaderJobCacheShaders/15/9b/cde93f0861ba2caf2e8f4e0f3bb4bf666617.udd" 5364
"C:/Users/varghesechac/AppData/Local/UnrealEngine/Common/DerivedDataCache/Buckets/FShaderJobCacheShaders/ab/38/a245698cc0ae885b220b610021a2727b4b85.udd" 5365
"C:/Users/varghesechac/AppData/Local/UnrealEngine/Common/DerivedDataCache/Buckets/FShaderJobCacheShaders/7a/ea/2a59d239e4e60aa2bc95c223f3571548ad21.udd" 5366
"C:/Users/varghesechac/AppData/Local/UnrealEngine/Common/DerivedDataCache/Buckets/FShaderJobCacheShaders/2f/e2/7b8a03e2bfdec2b9ec16b04f9ea612aa4b80.udd" 5367
"C:/Users/varghesechac/AppData/Local/UnrealEngine/Common/DerivedDataCache/Buckets/FShaderJobCacheShaders/ec/6f/0b3de4483cfe2da48ed6696b161567e24b3a.udd" 5368
"C:/Users/varghesechac/AppData/Local/UnrealEngine/Common/DerivedDataCache/Buckets/FShaderJobCacheShaders/58/cc/3afbdb74c1a454e370008c76ad86ff39fb59.udd" 5369
"C:/Users/varghesechac/AppData/Local/UnrealEngine/Common/DerivedDataCache/Buckets/FShaderJobCacheShaders/e8/b3/2dd2911acf1f975ec8932a7fb49669e89574.udd" 5370
"C:/Users/varghesechac/AppData/Local/UnrealEngine/Common/DerivedDataCache/Buckets/FShaderJobCacheShaders/3e/89/2169a80f25ef542c36b251d3abb2f3d37d70.udd" 5371
"C:/Users/varghesechac/AppData/Local/UnrealEngine/Common/DerivedDataCache/Buckets/FShaderJobCacheShaders/24/ad/d93e9a166b46e446ffb85a92b4fc6e7071c4.udd" 5372
"C:/Users/varghesechac/AppData/Local/UnrealEngine/Common/DerivedDataCache/Buckets/FShaderJobCacheShaders/af/dd/07ceeb2474d6501e7bad96a19b26e95208a6.udd" 5373
"C:/Users/varghesechac/AppData/Local/UnrealEngine/Common/DerivedDataCache/Buckets/FShaderJobCacheShaders/06/9c/afbc5ddee18f857034adcba6f4dde6063657.udd" 5374
"C:/Users/varghesechac/AppData/Local/UnrealEngine/Common/DerivedDataCache/Buckets/FShaderJobCacheShaders/96/e2/4910674dce463d3558757d67889b73d63558.udd" 5375
"C:/Users/varghesechac/AppData/Local/UnrealEngine/Common/DerivedDataCache/Buckets/FShaderJobCacheShaders/50/f7/05a32077748b2e7af1ea24e0aa2cfe8ae1ae.udd" 5376
"C:/Users/varghesechac/AppData/Local/UnrealEngine/Common/DerivedDataCache/Buckets/FShaderJobCacheShaders/bb/94/95492b31276815b1cfaca7a9b1b0673bf665.udd" 5377
"C:/Users/varghesechac/AppData/Local/UnrealEngine/Common/DerivedDataCache/Buckets/FShaderJobCacheShaders/cc/b1/78a1d6d507924fc713761a49614db15071d8.udd" 5378
"C:/Users/varghesechac/AppData/Local/UnrealEngine/Common/DerivedDataCache/Buckets/FShaderJobCacheShaders/d9/a7/a7f9f579170b1d4b8bae31543f604724281d.udd" 5379
"C:/Users/varghesechac/AppData/Local/UnrealEngine/Common/DerivedDataCache/Buckets/FShaderJobCacheShaders/43/8f/f5bf11c2a4bf4e097f9f646e67eb07a57191.udd" 5380
"C:/Users/varghesechac/AppData/Local/UnrealEngine/Common/DerivedDataCache/Buckets/FShaderJobCacheShaders/d8/45/ba0c9940d91edc5f6d5e10c2534c8cbeb62f.udd" 5381
"C:/Users/varghesechac/AppData/Local/UnrealEngine/Common/DerivedDataCache/Buckets/FShaderJobCacheShaders/59/57/df94d407ab866fafa7bdb782c554f482b1b2.udd" 5382
"C:/Users/varghesechac/AppData/Local/UnrealEngine/Common/DerivedDataCache/Buckets/FShaderJobCacheShaders/c8/4a/c79eee0106cf4b2c8a39e77bf3d1196f9e83.udd" 5383
"C:/Users/varghesechac/AppData/Local/UnrealEngine/Common/DerivedDataCache/Buckets/FShaderJobCacheShaders/36/a0/3d35e6e176eacf69f738185c406b26514b30.udd" 5384
"C:/Users/varghesechac/AppData/Local/UnrealEngine/Common/DerivedDataCache/Buckets/FShaderJobCacheShaders/7a/61/42450464f970e870b49a699a8722c3b6436e.udd" 5385
"C:/Users/varghesechac/AppData/Local/UnrealEngine/Common/DerivedDataCache/Buckets/FShaderJobCacheShaders/a0/5f/850ca5daec7249fb08006c167403093ea5d1.udd" 5386
"C:/Users/varghesechac/AppData/Local/UnrealEngine/Common/DerivedDataCache/Buckets/FShaderJobCacheShaders/26/2a/647711d99c5f09d1a7eccbe3da3697547227.udd" 5387
"C:/Users/varghesechac/AppData/Local/UnrealEngine/Common/DerivedDataCache/Buckets/FShaderJobCacheShaders/4c/32/9c62db6b72e960994343605954aa223da794.udd" 5388
"C:/Users/varghesechac/AppData/Local/UnrealEngine/Common/DerivedDataCache/Buckets/FShaderJobCacheShaders/48/d7/32c77e3b90a00d121083a08f8c23c8e200b5.udd" 5389
"C:/Users/varghesechac/AppData/Local/UnrealEngine/Common/DerivedDataCache/Buckets/FShaderJobCacheShaders/c3/e8/f861e4da0e358f183c48c16a8f679a64984a.udd" 5390
"C:/Users/varghesechac/AppData/Local/UnrealEngine/Common/DerivedDataCache/Buckets/FShaderJobCacheShaders/15/39/dff71558720cf3fb01230b6efdad7245226b.udd" 5391
"C:/Users/varghesechac/AppData/Local/UnrealEngine/Common/DerivedDataCache/Buckets/FShaderJobCacheShaders/30/20/63c5459eee041e6c03bd3fa044caf59f3296.udd" 5392
"C:/Users/varghesechac/AppData/Local/UnrealEngine/Common/DerivedDataCache/Buckets/FShaderJobCacheShaders/fe/8d/e7c0321a4520ce80f65d1a86ae13546200b3.udd" 5393
"C:/Users/varghesechac/AppData/Local/UnrealEngine/Common/DerivedDataCache/Buckets/FShaderJobCacheShaders/dd/97/5f9d0c788ae70228545b03d3643399989849.udd" 5394
"C:/Users/varghesechac/AppData/Local/UnrealEngine/Common/DerivedDataCache/Buckets/FShaderJobCacheShaders/f6/99/ce8ac71daa6ad391531fe4c5a82c6954df03.udd" 5395
"C:/Users/varghesechac/AppData/Local/UnrealEngine/Common/DerivedDataCache/Buckets/FShaderJobCacheShaders/bd/14/344cf16714c7311cffe82e63b256466903c3.udd" 5396
"C:/Users/varghesechac/AppData/Local/UnrealEngine/Common/DerivedDataCache/Buckets/FShaderJobCacheShaders/3d/af/220f85c132cbda1b4d38c5ff243309b55fc6.udd" 5397
"C:/Users/varghesechac/AppData/Local/UnrealEngine/Common/DerivedDataCache/Buckets/FShaderJobCacheShaders/67/a9/e6107d74e158c80ed5df35239b7eeaebccd2.udd" 5398
"C:/Users/varghesechac/AppData/Local/UnrealEngine/Common/DerivedDataCache/Buckets/FShaderJobCacheShaders/fd/89/a87bdd6021e068a106c90d5674ef0fb43fec.udd" 5399
"C:/Users/varghesechac/AppData/Local/UnrealEngine/Common/DerivedDataCache/Buckets/FShaderJobCacheShaders/7d/71/1709484d2004cefdd394762927c3c0defcba.udd" 5400
"C:/Users/varghesechac/AppData/Local/UnrealEngine/Common/DerivedDataCache/Buckets/FShaderJobCacheShaders/10/49/13041594725a7419b5c765812fbb86a18ae4.udd" 5401
"C:/Users/varghesechac/AppData/Local/UnrealEngine/Common/DerivedDataCache/Buckets/FShaderJobCacheShaders/28/14/58d5e36c3249c474089d28910f1bb13d60cd.udd" 5402
"C:/Users/varghesechac/AppData/Local/UnrealEngine/Common/DerivedDataCache/Buckets/FShaderJobCacheShaders/fd/5e/62afcb9270f2be3647696df336e14652d480.udd" 5403
"C:/Users/varghesechac/AppData/Local/UnrealEngine/Common/DerivedDataCache/Buckets/FShaderJobCacheShaders/35/03/7c38f8e1eac1ae4821e86332d7af46421179.udd" 5404
"C:/Users/varghesechac/AppData/Local/UnrealEngine/Common/DerivedDataCache/Buckets/FShaderJobCacheShaders/67/b2/14e85e30746101d71d4a8f235667d3360c85.udd" 5405
"C:/Users/varghesechac/AppData/Local/UnrealEngine/Common/DerivedDataCache/Buckets/FShaderJobCacheShaders/09/72/e2cec0a655b4ab2b3dbfe881ef12a483d4f4.udd" 5406
"C:/Users/varghesechac/AppData/Local/UnrealEngine/Common/DerivedDataCache/Buckets/FShaderJobCacheShaders/8b/7b/84e56d367c325b1af2b024d7a49a4ac4fd0f.udd" 5407
"C:/Users/varghesechac/AppData/Local/UnrealEngine/Common/DerivedDataCache/Buckets/FShaderJobCacheShaders/fd/2e/0a435e7f4adcc91ac5178ed559d4295bbff3.udd" 5408
"C:/Users/varghesechac/AppData/Local/UnrealEngine/Common/DerivedDataCache/Buckets/FShaderJobCacheShaders/2a/63/202f97cfe2ac2e0cfbb9a6ead1a2aa114809.udd" 5409
"C:/Users/varghesechac/AppData/Local/UnrealEngine/Common/DerivedDataCache/Buckets/FShaderJobCacheShaders/7c/0e/728593dd6dda607363db51613a0e4298b8eb.udd" 5410
"C:/Users/varghesechac/AppData/Local/UnrealEngine/Common/DerivedDataCache/Buckets/FShaderJobCacheShaders/c7/e2/b234be8d43ee9fa0850efc3d0650e2b93912.udd" 5411
"C:/Users/varghesechac/AppData/Local/UnrealEngine/Common/DerivedDataCache/Buckets/FShaderJobCacheShaders/80/35/a79843754462e345e8091fccc1c2ad91dfef.udd" 5412
"C:/Users/varghesechac/AppData/Local/UnrealEngine/Common/DerivedDataCache/Buckets/FShaderJobCacheShaders/af/9b/aa1f0666a88e5371b2ed540abad1cac2d55a.udd" 5413
"C:/Users/varghesechac/AppData/Local/UnrealEngine/Common/DerivedDataCache/Buckets/FShaderJobCacheShaders/c0/b1/dbc5d3fceb21034c3b20f52c752b6a62c559.udd" 5414
"C:/Users/varghesechac/AppData/Local/UnrealEngine/Common/DerivedDataCache/Buckets/FShaderJobCacheShaders/2a/af/32b2d16493ec8bbfb5e253460459861fe381.udd" 5415
"C:/Users/varghesechac/AppData/Local/UnrealEngine/Common/DerivedDataCache/Buckets/FShaderJobCacheShaders/45/bc/3b31341f2b6c4109018d998ede9b292bf020.udd" 5416
"C:/Users/varghesechac/AppData/Local/UnrealEngine/Common/DerivedDataCache/Buckets/FShaderJobCacheShaders/40/02/bda5ca8a0e0a6f729ff95ab2e9f7e66180fa.udd" 5417
"C:/Users/varghesechac/AppData/Local/UnrealEngine/Common/DerivedDataCache/Buckets/FShaderJobCacheShaders/0d/ed/01d50ae1d610ce397d784e889f2408545b63.udd" 5418
"C:/Users/varghesechac/AppData/Local/UnrealEngine/Common/DerivedDataCache/Buckets/FShaderJobCacheShaders/e8/84/01dd759549b9af2fed4019fca467448eae18.udd" 5419
"C:/Users/varghesechac/AppData/Local/UnrealEngine/Common/DerivedDataCache/Buckets/FShaderJobCacheShaders/40/31/6314a4ef218907b5681c53963b43a3094030.udd" 5420
"C:/Users/varghesechac/AppData/Local/UnrealEngine/Common/DerivedDataCache/Buckets/FShaderJobCacheShaders/71/06/795c7913a55fed0648ce387783522797be35.udd" 5421
"C:/Users/varghesechac/AppData/Local/UnrealEngine/Common/DerivedDataCache/Buckets/FShaderJobCacheShaders/3a/06/c2443470f9c96ccd90a057f798d25ba64519.udd" 5422
"C:/Users/varghesechac/AppData/Local/UnrealEngine/Common/DerivedDataCache/Buckets/FShaderJobCacheShaders/f3/7f/930b21bd9a93ba39de9cb4b4c30e08303503.udd" 5423
"C:/Users/varghesechac/AppData/Local/UnrealEngine/Common/DerivedDataCache/Buckets/FShaderJobCacheShaders/5c/83/81f8f6f9e54c6f42aff3197e46efe7531f93.udd" 5424
"C:/Users/varghesechac/AppData/Local/UnrealEngine/Common/DerivedDataCache/Buckets/FShaderJobCacheShaders/87/03/5c4e9594f8e00e4a39f4b5496c41a12b65c5.udd" 5425
"C:/Users/varghesechac/AppData/Local/UnrealEngine/Common/DerivedDataCache/Buckets/FShaderJobCacheShaders/46/74/3ff006c3a6fcf6e79f205f297463db0cbd88.udd" 5426
"C:/Users/varghesechac/AppData/Local/UnrealEngine/Common/DerivedDataCache/Buckets/FShaderJobCacheShaders/a8/f2/0765f96e91d1f7495f8c175f08a668d5dba9.udd" 5427
"C:/Users/varghesechac/AppData/Local/UnrealEngine/Common/DerivedDataCache/Buckets/FShaderJobCacheShaders/5a/61/563e83db8e4322b49de06e5f78eccfff4551.udd" 5428
"C:/Users/varghesechac/AppData/Local/UnrealEngine/Common/DerivedDataCache/Buckets/FShaderJobCacheShaders/d7/4d/a06d48381ceb3af66cb68cd27cc0710301b7.udd" 5429
"C:/Users/varghesechac/AppData/Local/UnrealEngine/Common/DerivedDataCache/Buckets/FShaderJobCacheShaders/89/6b/9296d86fce025d5f8aa9d43bc62862904b70.udd" 5430
"C:/Users/varghesechac/AppData/Local/UnrealEngine/Common/DerivedDataCache/Buckets/FShaderJobCacheShaders/15/67/0c21877be7bddbda4a61acf6b31353c61aeb.udd" 5431
"C:/Users/varghesechac/AppData/Local/UnrealEngine/Common/DerivedDataCache/Buckets/FShaderJobCacheShaders/e3/fd/a3108bde4f4603a7cd4d83f3f543d22fd391.udd" 5432
"C:/Users/varghesechac/AppData/Local/UnrealEngine/Common/DerivedDataCache/Buckets/FShaderJobCacheShaders/7d/e9/998c5cce2fc0b5ec43551025813a5b2d8801.udd" 5433
"C:/Users/varghesechac/AppData/Local/UnrealEngine/Common/DerivedDataCache/Buckets/FShaderJobCacheShaders/54/56/28f02da076e8f853967c18e5b8f5706c504a.udd" 5434
"C:/Users/varghesechac/AppData/Local/UnrealEngine/Common/DerivedDataCache/Buckets/FShaderJobCacheShaders/f6/2f/0115a2a641d665cd508d8b2ad7e385b8cf01.udd" 5435
"C:/Users/varghesechac/AppData/Local/UnrealEngine/Common/DerivedDataCache/Buckets/FShaderJobCacheShaders/7c/17/37fa4725e55870c860dae0ca2fde964e6056.udd" 5436
"C:/Users/varghesechac/AppData/Local/UnrealEngine/Common/DerivedDataCache/Buckets/FShaderJobCacheShaders/96/d0/0840eae18a6e6a3e6789ac78a28a57cc25c8.udd" 5437
"C:/Users/varghesechac/AppData/Local/UnrealEngine/Common/DerivedDataCache/Buckets/FShaderJobCacheShaders/23/ab/441cca9b578683ef45f64fbac13c3688d0fe.udd" 5438
"C:/Users/varghesechac/AppData/Local/UnrealEngine/Common/DerivedDataCache/Buckets/FShaderJobCacheShaders/61/7f/3c6ab77abdb7ddb0e6dc782a8dc019a5d456.udd" 5439
"C:/Users/varghesechac/AppData/Local/UnrealEngine/Common/DerivedDataCache/Buckets/FShaderJobCacheShaders/42/ff/640be2e0ebf5915c8241130a2fda70d3d19c.udd" 5440
"C:/Users/varghesechac/AppData/Local/UnrealEngine/Common/DerivedDataCache/Buckets/FShaderJobCacheShaders/02/63/ebf10a6642f58b49a8a133d4a1d9a8fad369.udd" 5441
"C:/Users/varghesechac/AppData/Local/UnrealEngine/Common/DerivedDataCache/Buckets/FShaderJobCacheShaders/4c/a1/f70a5bd0aef00170afb8c954bf8d78e4a223.udd" 5442
"C:/Users/varghesechac/AppData/Local/UnrealEngine/Common/DerivedDataCache/Buckets/FShaderJobCacheShaders/73/74/1550ffacaf3308ddfe5ec3dee819372f84c4.udd" 5443
"C:/Users/varghesechac/AppData/Local/UnrealEngine/Common/DerivedDataCache/Buckets/FShaderJobCacheShaders/a2/39/4812266f9022875a025dff15daa04d943ddc.udd" 5444
"C:/Users/varghesechac/AppData/Local/UnrealEngine/Common/DerivedDataCache/Buckets/FShaderJobCacheShaders/45/98/76157547afe79133f5d0bf7f616ef8d77fe2.udd" 5445
"C:/Users/varghesechac/AppData/Local/UnrealEngine/Common/DerivedDataCache/Buckets/FShaderJobCacheShaders/81/b9/c75e4cce3fb5e14c986c55e2a1a832824d9a.udd" 5446
"C:/Users/varghesechac/AppData/Local/UnrealEngine/Common/DerivedDataCache/Buckets/FShaderJobCacheShaders/6a/83/67c286c84134b8ec0b78dadcf97ca09f003b.udd" 5447
"C:/Users/varghesechac/AppData/Local/UnrealEngine/Common/DerivedDataCache/Buckets/FShaderJobCacheShaders/6d/ff/78ba431bf034ba87ef90229b1e7f1a6405dc.udd" 5448
"C:/Users/varghesechac/AppData/Local/UnrealEngine/Common/DerivedDataCache/Buckets/FShaderJobCacheShaders/e2/94/55fe79edf8baa86287229c560509715426bf.udd" 5449
"C:/Users/varghesechac/AppData/Local/UnrealEngine/Common/DerivedDataCache/Buckets/FShaderJobCacheShaders/b3/d9/be952dee669b33dab6574e90b386a748b1b9.udd" 5450
"C:/Users/varghesechac/AppData/Local/UnrealEngine/Common/DerivedDataCache/Buckets/FShaderJobCacheShaders/5e/d8/949bd9d054a70f48390398c92b376931f2af.udd" 5451
"C:/Users/varghesechac/AppData/Local/UnrealEngine/Common/DerivedDataCache/Buckets/FShaderJobCacheShaders/0b/ba/3961c3eb1f97ca067b3767a2307f49e0b261.udd" 5452
"C:/Users/varghesechac/AppData/Local/UnrealEngine/Common/DerivedDataCache/Buckets/FShaderJobCacheShaders/a5/75/a953b9ae992e96b252ec1ff570b4a2ac289d.udd" 5453
"C:/Users/varghesechac/AppData/Local/UnrealEngine/Common/DerivedDataCache/Buckets/FShaderJobCacheShaders/97/8f/19dd128d721eecdc3ffc37c19ac1138612f9.udd" 5454
"C:/Users/varghesechac/AppData/Local/UnrealEngine/Common/DerivedDataCache/Buckets/FShaderJobCacheShaders/20/46/f849521cd43482c663882fe9296acb7e276c.udd" 5455
"C:/Users/varghesechac/AppData/Local/UnrealEngine/Common/DerivedDataCache/Buckets/FShaderJobCacheShaders/cb/fb/0995417eb199e44becc3b841248170843d9d.udd" 5456
"C:/Users/varghesechac/AppData/Local/UnrealEngine/Common/DerivedDataCache/Buckets/FShaderJobCacheShaders/34/aa/07a534ce4535dcb0c03f1e3d7c88dd712337.udd" 5457
"C:/Users/varghesechac/AppData/Local/UnrealEngine/Common/DerivedDataCache/Buckets/FShaderJobCacheShaders/78/e1/9a372b28acb81f4a175222d29034b35a62f9.udd" 5458
"C:/Users/varghesechac/AppData/Local/UnrealEngine/Common/DerivedDataCache/Buckets/FShaderJobCacheShaders/f1/6a/9fd3c3a03d602180f83a9bf4d4c7fcb6d8bd.udd" 5459
"C:/Users/varghesechac/AppData/Local/UnrealEngine/Common/DerivedDataCache/Buckets/FShaderJobCacheShaders/6e/9b/c62449888e44ed8ba919b11f0ed440a6baf7.udd" 5460
"C:/Users/varghesechac/AppData/Local/UnrealEngine/Common/DerivedDataCache/Buckets/FShaderJobCacheShaders/d1/f7/9e4fddcaac4c98c6a4f9fd1d5a4fed7324d0.udd" 5461
"C:/Users/varghesechac/AppData/Local/UnrealEngine/Common/DerivedDataCache/Buckets/FShaderJobCacheShaders/37/6f/54ca5c1bbb88d9c61102f2edcc3570aa1584.udd" 5462
"C:/Users/varghesechac/AppData/Local/UnrealEngine/Common/DerivedDataCache/Buckets/FShaderJobCacheShaders/f3/5a/ec866c8ccc69082e2c1e84a1d3df714ec34f.udd" 5463
"C:/Users/varghesechac/AppData/Local/UnrealEngine/Common/DerivedDataCache/Buckets/FShaderJobCacheShaders/7e/fa/3f82285085de707961cb6710c096d004c621.udd" 5464
"C:/Users/varghesechac/AppData/Local/UnrealEngine/Common/DerivedDataCache/Buckets/FShaderJobCacheShaders/5e/7f/f52c059dd46bd7918c2057d658b6bd4c4964.udd" 5465
"C:/Users/varghesechac/AppData/Local/UnrealEngine/Common/DerivedDataCache/Buckets/FShaderJobCacheShaders/b7/fc/71a22ad8a8d02f53fc997c29f7d5ddfb20a5.udd" 5466
"C:/Users/varghesechac/AppData/Local/UnrealEngine/Common/DerivedDataCache/Buckets/FShaderJobCacheShaders/87/0a/6023f79ed472dc570f70f01941872e1dd336.udd" 5467
"C:/Users/varghesechac/AppData/Local/UnrealEngine/Common/DerivedDataCache/Buckets/FShaderJobCacheShaders/d6/f0/beaf83baeacf84f0045009daaa82a74034fa.udd" 5468
"C:/Users/varghesechac/AppData/Local/UnrealEngine/Common/DerivedDataCache/Buckets/FShaderJobCacheShaders/cb/35/69e3205e17c6a2f0fcf79442eb89a70aa548.udd" 5469
"C:/Users/varghesechac/AppData/Local/UnrealEngine/Common/DerivedDataCache/Buckets/FShaderJobCacheShaders/8e/fd/c4392476e822a4498592c358db8f5b0c2fd3.udd" 5470
"C:/Users/varghesechac/AppData/Local/UnrealEngine/Common/DerivedDataCache/Buckets/FShaderJobCacheShaders/d9/db/7a62b40d365e325d98e800ebbf0de71762f6.udd" 5471
"C:/Users/varghesechac/AppData/Local/UnrealEngine/Common/DerivedDataCache/Buckets/FShaderJobCacheShaders/41/f7/6bbc514f8b685a9a9bfbae3ac39e2290fd3c.udd" 5472
"C:/Users/varghesechac/AppData/Local/UnrealEngine/Common/DerivedDataCache/Buckets/FShaderJobCacheShaders/82/b5/b2637ec5e19a6abc7fc4a0a90756dd7d9e5b.udd" 5473
"C:/Users/varghesechac/AppData/Local/UnrealEngine/Common/DerivedDataCache/Buckets/FShaderJobCacheShaders/0d/0e/a3ab7f9c3d6823c720bbf3ed93b330f21b10.udd" 5474
"C:/Users/varghesechac/AppData/Local/UnrealEngine/Common/DerivedDataCache/Buckets/FShaderJobCacheShaders/84/bc/a40719b0c13cd55e67f77e9fa165030e9803.udd" 5475
"C:/Users/varghesechac/AppData/Local/UnrealEngine/Common/DerivedDataCache/Buckets/FShaderJobCacheShaders/ca/aa/d415877bea501bd85a7306cf11a74ffc8c9e.udd" 5476
"C:/Users/varghesechac/AppData/Local/UnrealEngine/Common/DerivedDataCache/Buckets/FShaderJobCacheShaders/27/e2/e63b62ba813cee7fa719dc1ff3187544376f.udd" 5477
"C:/Users/varghesechac/AppData/Local/UnrealEngine/Common/DerivedDataCache/Buckets/FShaderJobCacheShaders/0a/7e/907bdf324b284252bc1ecc3c38c136950853.udd" 5478
"C:/Users/varghesechac/AppData/Local/UnrealEngine/Common/DerivedDataCache/Buckets/FShaderJobCacheShaders/73/60/8ae632a6cbf3be58427dae6ec4b25045d3d5.udd" 5479
"C:/Users/varghesechac/AppData/Local/UnrealEngine/Common/DerivedDataCache/Buckets/FShaderJobCacheShaders/1d/75/5732672ee4563f8510c37893f8ae1345c831.udd" 5480
"C:/Users/varghesechac/AppData/Local/UnrealEngine/Common/DerivedDataCache/Buckets/FShaderJobCacheShaders/1c/3b/2903a6a1f934297b0ad0183d17294e5117a7.udd" 5481
"C:/Users/varghesechac/AppData/Local/UnrealEngine/Common/DerivedDataCache/Buckets/FShaderJobCacheShaders/0a/da/f343899b1ad8cf73448840fdd88450b2f1f1.udd" 5482
"C:/Users/varghesechac/AppData/Local/UnrealEngine/Common/DerivedDataCache/Buckets/FShaderJobCacheShaders/30/ff/270391b3e822be2e95ccdab459145b2075fc.udd" 5483
"C:/Users/varghesechac/AppData/Local/UnrealEngine/Common/DerivedDataCache/Buckets/FShaderJobCacheShaders/41/a4/4f60bc34a0371c352ab72761864c9ce3c45f.udd" 5484
"C:/Users/varghesechac/AppData/Local/UnrealEngine/Common/DerivedDataCache/Buckets/FShaderJobCacheShaders/0b/93/b724a48195ad223a0118ea4a57d61dcdd979.udd" 5485
"C:/Users/varghesechac/AppData/Local/UnrealEngine/Common/DerivedDataCache/Buckets/FShaderJobCacheShaders/b8/ed/31c510caa723be661de00eec48b02691e87a.udd" 5486
"C:/Users/varghesechac/AppData/Local/UnrealEngine/Common/DerivedDataCache/Buckets/FShaderJobCacheShaders/a4/82/9035321725d457b2cf131572472c64370756.udd" 5487
"C:/Users/varghesechac/AppData/Local/UnrealEngine/Common/DerivedDataCache/Buckets/FShaderJobCacheShaders/7b/1e/da4497f03a3d7bfe7c7f39d97fdd658777fc.udd" 5488
"C:/Users/varghesechac/AppData/Local/UnrealEngine/Common/DerivedDataCache/Buckets/FShaderJobCacheShaders/73/dc/1c01c087d687a7c7b73c3a0b688fa16ceb8a.udd" 5489
"C:/Users/varghesechac/AppData/Local/UnrealEngine/Common/DerivedDataCache/Buckets/FShaderJobCacheShaders/c3/e2/8869cbf6a57dd29215ca6dc140c848921f85.udd" 5490
"C:/Users/varghesechac/AppData/Local/UnrealEngine/Common/DerivedDataCache/Buckets/FShaderJobCacheShaders/4f/34/911d666874d4741751d949839ca7de113142.udd" 5491
"C:/Users/varghesechac/AppData/Local/UnrealEngine/Common/DerivedDataCache/Buckets/FShaderJobCacheShaders/c2/ec/6ac1387e5f1d16c0f4a6fafa84a939b04001.udd" 5492
"C:/Users/varghesechac/AppData/Local/UnrealEngine/Common/DerivedDataCache/Buckets/FShaderJobCacheShaders/f7/f7/7967a51062f51b2be7548b66f712d2a34779.udd" 5493
"C:/Users/varghesechac/AppData/Local/UnrealEngine/Common/DerivedDataCache/Buckets/FShaderJobCacheShaders/ea/b7/a934adc812bad8ca69c623510d4f9b1d4bbe.udd" 5494
"C:/Users/varghesechac/AppData/Local/UnrealEngine/Common/DerivedDataCache/Buckets/FShaderJobCacheShaders/43/a4/654489223477a12e7c0bc77480a2d1c7d79e.udd" 5495
"C:/Users/varghesechac/AppData/Local/UnrealEngine/Common/DerivedDataCache/Buckets/FShaderJobCacheShaders/1c/bc/0a4a84280c8a14fe50ac0c1a9ce399a56544.udd" 5496
"C:/Users/varghesechac/AppData/Local/UnrealEngine/Common/DerivedDataCache/Buckets/FShaderJobCacheShaders/38/ae/85c37ef9883f5b92e22b74cc200def682482.udd" 5497
"C:/Users/varghesechac/AppData/Local/UnrealEngine/Common/DerivedDataCache/Buckets/FShaderJobCacheShaders/e7/c1/10f4b88e760f067e81d9f512e8beb79cc384.udd" 5498
"C:/Users/varghesechac/AppData/Local/UnrealEngine/Common/DerivedDataCache/Buckets/FShaderJobCacheShaders/9e/85/6ce4f06520620483a91c858d98be1eaea54a.udd" 5499
"C:/Users/varghesechac/AppData/Local/UnrealEngine/Common/DerivedDataCache/Buckets/FShaderJobCacheShaders/f1/9a/f9061cac90fbdc3fab27d83f05b5bbd1f220.udd" 5500
"C:/Users/varghesechac/AppData/Local/UnrealEngine/Common/DerivedDataCache/Buckets/FShaderJobCacheShaders/10/09/3562004cd200ac785b56736cf652dbacc0a0.udd" 5501
"C:/Users/varghesechac/AppData/Local/UnrealEngine/Common/DerivedDataCache/Buckets/FShaderJobCacheShaders/cf/a9/7e0747854b42b0f6c9c66bd096cd9c7bb461.udd" 5502
"C:/Users/varghesechac/AppData/Local/UnrealEngine/Common/DerivedDataCache/Buckets/FShaderJobCacheShaders/8b/c3/9f971885882627f1dcc2233e611db742b273.udd" 5503
"C:/Users/varghesechac/AppData/Local/UnrealEngine/Common/DerivedDataCache/Buckets/FShaderJobCacheShaders/d3/34/fe786b7226ba4eaa862af85391378150c19b.udd" 5504
"C:/Users/varghesechac/AppData/Local/UnrealEngine/Common/DerivedDataCache/Buckets/FShaderJobCacheShaders/41/06/e750c5ceb6ab3ecde4af5999981336890dbf.udd" 5505
"C:/Users/varghesechac/AppData/Local/UnrealEngine/Common/DerivedDataCache/Buckets/FShaderJobCacheShaders/d1/37/fd9b0e6d3860745460b52d9f7d3899259a11.udd" 5506
"C:/Users/varghesechac/AppData/Local/UnrealEngine/Common/DerivedDataCache/Buckets/FShaderJobCacheShaders/6d/e5/0e30da804389b3ac0d22d8c85aa53413f1bd.udd" 5507
"C:/Users/varghesechac/AppData/Local/UnrealEngine/Common/DerivedDataCache/Buckets/FShaderJobCacheShaders/60/60/c8a2f50afb4f3aa978cf264f1760acf8472e.udd" 5508
"C:/Users/varghesechac/AppData/Local/UnrealEngine/Common/DerivedDataCache/Buckets/FShaderJobCacheShaders/d6/9c/1d93b9be446b7089757705dce21faf660118.udd" 5509
"C:/Users/varghesechac/AppData/Local/UnrealEngine/Common/DerivedDataCache/Buckets/FShaderJobCacheShaders/81/93/28ccdb3fb470eb547183ee341062d2627d3f.udd" 5510
"C:/Users/varghesechac/AppData/Local/UnrealEngine/Common/DerivedDataCache/Buckets/FShaderJobCacheShaders/8c/39/4427766120a4fd712cf2c9700cd8cec121fd.udd" 5511
"C:/Users/varghesechac/AppData/Local/UnrealEngine/Common/DerivedDataCache/Buckets/FShaderJobCacheShaders/e7/70/04f56a21a13ddacf654df3e8d4ae6b775a70.udd" 5512
"C:/Users/varghesechac/AppData/Local/UnrealEngine/Common/DerivedDataCache/Buckets/FShaderJobCacheShaders/b1/d8/2e385d97db084d6cb681140233ac4f2c2f6b.udd" 5513
"C:/Users/varghesechac/AppData/Local/UnrealEngine/Common/DerivedDataCache/Buckets/FShaderJobCacheShaders/c7/2d/7e9185d3073dd2242088c6cb303f3d113b72.udd" 5514
"C:/Users/varghesechac/AppData/Local/UnrealEngine/Common/DerivedDataCache/Buckets/FShaderJobCacheShaders/da/45/8a1b5bd0166447343dd9c55c1e7c1f4fcb65.udd" 5515
"C:/Users/varghesechac/AppData/Local/UnrealEngine/Common/DerivedDataCache/Buckets/FShaderJobCacheShaders/da/85/da11353f5792138a51797907f78ed9dff363.udd" 5516
"C:/Users/varghesechac/AppData/Local/UnrealEngine/Common/DerivedDataCache/Buckets/FShaderJobCacheShaders/1a/cb/61d060cbf73380fc89f239cd8e41dc22a161.udd" 5517
"C:/Users/varghesechac/AppData/Local/UnrealEngine/Common/DerivedDataCache/Buckets/FShaderJobCacheShaders/6c/41/ab7fd05e5836a91f4e067e6a2c52250b455b.udd" 5518
"C:/Users/varghesechac/AppData/Local/UnrealEngine/Common/DerivedDataCache/Buckets/FShaderJobCacheShaders/f3/e8/ad7519ca2b49af94e257ba4c7452f72a2b13.udd" 5519
"C:/Users/varghesechac/AppData/Local/UnrealEngine/Common/DerivedDataCache/Buckets/FShaderJobCacheShaders/5e/4e/4eea3151b84832748db13eb9bedc645ffd67.udd" 5520
"C:/Users/varghesechac/AppData/Local/UnrealEngine/Common/DerivedDataCache/Buckets/FShaderJobCacheShaders/41/00/d68466184b9ffd96747ee51e194b46375b26.udd" 5521
"C:/Users/varghesechac/AppData/Local/UnrealEngine/Common/DerivedDataCache/Buckets/FShaderJobCacheShaders/f5/f1/6c6511ebfb666349dedcc4e5ad40efdf6daa.udd" 5522
"C:/Users/varghesechac/AppData/Local/UnrealEngine/Common/DerivedDataCache/Buckets/FShaderJobCacheShaders/66/a0/105727c786bb3d1805897de3397822f8ad78.udd" 5523
"C:/Users/varghesechac/AppData/Local/UnrealEngine/Common/DerivedDataCache/Buckets/FShaderJobCacheShaders/cb/42/88d1d0ec8cd2dba123c4c17b64bd0a8e82b8.udd" 5524
"C:/Users/varghesechac/AppData/Local/UnrealEngine/Common/DerivedDataCache/Buckets/FShaderJobCacheShaders/20/b2/51b21c4c922ce566bc5a4d8db0ed3f619d77.udd" 5525
"C:/Users/varghesechac/AppData/Local/UnrealEngine/Common/DerivedDataCache/Buckets/FShaderJobCacheShaders/65/80/d7c02c5ec24c7ed7f8e2b3466b07f60b9648.udd" 5526
"C:/Users/varghesechac/AppData/Local/UnrealEngine/Common/DerivedDataCache/Buckets/FShaderJobCacheShaders/52/84/2d1db83c012bd2780aed6d4ac3a7b2890c27.udd" 5527
"C:/Users/varghesechac/AppData/Local/UnrealEngine/Common/DerivedDataCache/Buckets/FShaderJobCacheShaders/75/5a/6409e5e16d5a66d6994943adbacb0daa2ec3.udd" 5528
"C:/Users/varghesechac/AppData/Local/UnrealEngine/Common/DerivedDataCache/Buckets/FShaderJobCacheShaders/74/9e/c194aba55a3dbdd3fe2831302f2d9c04aa49.udd" 5529
"C:/Users/varghesechac/AppData/Local/UnrealEngine/Common/DerivedDataCache/Buckets/FShaderJobCacheShaders/f5/e5/d7eadde3aba84f449df56283360ca97170ff.udd" 5530
"C:/Users/varghesechac/AppData/Local/UnrealEngine/Common/DerivedDataCache/Buckets/FShaderJobCacheShaders/35/cd/ea428b6fe676bb113b4f233dc356b6887c53.udd" 5531
"C:/Users/varghesechac/AppData/Local/UnrealEngine/Common/DerivedDataCache/Buckets/FShaderJobCacheShaders/ca/82/b0035fe980eb4640c63fa40665a2d9b18351.udd" 5532
"C:/Users/varghesechac/AppData/Local/UnrealEngine/Common/DerivedDataCache/Buckets/FShaderJobCacheShaders/e6/ad/2808c5276e84bd791943fe43ef66c961d8c8.udd" 5533
"C:/Users/varghesechac/AppData/Local/UnrealEngine/Common/DerivedDataCache/Buckets/FShaderJobCacheShaders/2f/98/d5c1c9f72db63381a0e9385d8e893885e3ba.udd" 5534
"C:/Users/varghesechac/AppData/Local/UnrealEngine/Common/DerivedDataCache/Buckets/FShaderJobCacheShaders/7d/85/ef1f1cd2daa2a9402cfcef569eeb088cef0e.udd" 5535
"C:/Users/varghesechac/AppData/Local/UnrealEngine/Common/DerivedDataCache/Buckets/FShaderJobCacheShaders/ef/c0/9ddcad08f70c0630f87742521bd083394871.udd" 5536
"C:/Users/varghesechac/AppData/Local/UnrealEngine/Common/DerivedDataCache/Buckets/FShaderJobCacheShaders/55/b0/32bb0dd06cbb53ae4a8350e63779d521046f.udd" 5537
"C:/Users/varghesechac/AppData/Local/UnrealEngine/Common/DerivedDataCache/Buckets/FShaderJobCacheShaders/f8/11/06d5ebc03d6737f3517f4567896c6882a1bc.udd" 5538
"C:/Users/varghesechac/AppData/Local/UnrealEngine/Common/DerivedDataCache/Buckets/FShaderJobCacheShaders/02/87/4bfd6e5a1cb63c1fc173ecdb1c16a107e5aa.udd" 5539
"C:/Users/varghesechac/AppData/Local/UnrealEngine/Common/DerivedDataCache/Buckets/FShaderJobCacheShaders/01/c8/a9b324e2a2e2fc97df515677a7ae7bf26169.udd" 5540
"C:/Users/varghesechac/AppData/Local/UnrealEngine/Common/DerivedDataCache/Buckets/FShaderJobCacheShaders/57/47/824faa16d710fb604fad647e27f37618e828.udd" 5541
"C:/Users/varghesechac/AppData/Local/UnrealEngine/Common/DerivedDataCache/Buckets/FShaderJobCacheShaders/15/f0/cdeb2a6a2da800484d795daad0ae950d6339.udd" 5542
"C:/Users/varghesechac/AppData/Local/UnrealEngine/Common/DerivedDataCache/Buckets/FShaderJobCacheShaders/54/e6/1e0b82f7aed1fbb56a566f6e883f6297de7d.udd" 5543
"C:/Users/varghesechac/AppData/Local/UnrealEngine/Common/DerivedDataCache/Buckets/FShaderJobCacheShaders/7e/49/45b836c0304ed73232a02463a43581a66a78.udd" 5544
"C:/Users/varghesechac/AppData/Local/UnrealEngine/Common/DerivedDataCache/Buckets/FShaderJobCacheShaders/d9/7f/4f1799b11dfb267101b64aab438df2eb410c.udd" 5545
"C:/Users/varghesechac/AppData/Local/UnrealEngine/Common/DerivedDataCache/Buckets/FShaderJobCacheShaders/90/f4/b82eb923eeb6265f177ce4eb5f1d78ee911b.udd" 5546
"C:/Users/varghesechac/AppData/Local/UnrealEngine/Common/DerivedDataCache/Buckets/FShaderJobCacheShaders/11/fc/4cdd26bf7258dfa0d0c4e7c5f8575944f32c.udd" 5547
"C:/Users/varghesechac/AppData/Local/UnrealEngine/Common/DerivedDataCache/Buckets/FShaderJobCacheShaders/d4/bf/9d412e2968ae71a112770ea828bfbc0768ea.udd" 5548
"C:/Users/varghesechac/AppData/Local/UnrealEngine/Common/DerivedDataCache/Buckets/FShaderJobCacheShaders/eb/f0/3df3ff3fdb8759489bb71bc3a50920b36123.udd" 5549
"C:/Users/varghesechac/AppData/Local/UnrealEngine/Common/DerivedDataCache/Buckets/FShaderJobCacheShaders/91/ab/9ccfdc4d11971c0d492afbc10b3b7baeeb01.udd" 5550
"C:/Users/varghesechac/AppData/Local/UnrealEngine/Common/DerivedDataCache/Buckets/FShaderJobCacheShaders/ef/99/e0fb9ea717a9b1e23c8cfae2203da3abe401.udd" 5551
"C:/Users/varghesechac/AppData/Local/UnrealEngine/Common/DerivedDataCache/Buckets/FShaderJobCacheShaders/9f/29/f43c8b1def2ff0d1b5ac1ff8d052d4ae86d5.udd" 5552
"C:/Users/varghesechac/AppData/Local/UnrealEngine/Common/DerivedDataCache/Buckets/FShaderJobCacheShaders/bc/98/54e6fbcc56c949b1689e4eafb2a3f13b1361.udd" 5553
"C:/Users/varghesechac/AppData/Local/UnrealEngine/Common/DerivedDataCache/Buckets/FShaderJobCacheShaders/0b/d2/052f9ac709bdacd750ae148b40a35aabe566.udd" 5554
"C:/Users/varghesechac/AppData/Local/UnrealEngine/Common/DerivedDataCache/Buckets/FShaderJobCacheShaders/7d/a0/fb5340f583f974410e8327818d1c100b915c.udd" 5555
"C:/Users/varghesechac/AppData/Local/UnrealEngine/Common/DerivedDataCache/Buckets/FShaderJobCacheShaders/e1/22/5d875d138616ef7b5cf3501bb64579a6ff30.udd" 5556
"C:/Users/varghesechac/AppData/Local/UnrealEngine/Common/DerivedDataCache/Buckets/FShaderJobCacheShaders/c2/87/73f40d06143371d4ddcf2955ada9337c993e.udd" 5557
"C:/Users/varghesechac/AppData/Local/UnrealEngine/Common/DerivedDataCache/Buckets/FShaderJobCacheShaders/a0/a7/342cf0c019df55cc1aef5048c69fdbfadc0d.udd" 5558
"C:/Users/varghesechac/AppData/Local/UnrealEngine/Common/DerivedDataCache/Buckets/FShaderJobCacheShaders/f8/24/b02a69e2b7f129122323336b40492aa8b8b6.udd" 5559
"C:/Users/varghesechac/AppData/Local/UnrealEngine/Common/DerivedDataCache/Buckets/FShaderJobCacheShaders/73/da/62aecd88124c89902df281e39891cd887b4b.udd" 5560
"C:/Users/varghesechac/AppData/Local/UnrealEngine/Common/DerivedDataCache/Buckets/FShaderJobCacheShaders/b9/46/6718a13c27eb5f5ddd30eac52831792be5bd.udd" 5561
"C:/Users/varghesechac/AppData/Local/UnrealEngine/Common/DerivedDataCache/Buckets/FShaderJobCacheShaders/f8/5b/ec3537397a0c066a44dfdd604f067a8aa236.udd" 5562
"C:/Users/varghesechac/AppData/Local/UnrealEngine/Common/DerivedDataCache/Buckets/FShaderJobCacheShaders/c9/32/023dba796995ba3163a2f708283f85ae55ae.udd" 5563
"C:/Users/varghesechac/AppData/Local/UnrealEngine/Common/DerivedDataCache/Buckets/FShaderJobCacheShaders/ce/af/76e414754b2dba908bceaf91b82a0f5d3170.udd" 5564
"C:/Users/varghesechac/AppData/Local/UnrealEngine/Common/DerivedDataCache/Buckets/FShaderJobCacheShaders/b5/de/2a74d3c88248ccd46f9c48ee78d1dff37a36.udd" 5565
"C:/Users/varghesechac/AppData/Local/UnrealEngine/Common/DerivedDataCache/Buckets/FShaderJobCacheShaders/48/16/083c49efb331e1f620d1131a7826e709071f.udd" 5566
"C:/Users/varghesechac/AppData/Local/UnrealEngine/Common/DerivedDataCache/Buckets/FShaderJobCacheShaders/fa/d3/f8fea815a63a051c7657ef777946fce87ec5.udd" 5567
"C:/Users/varghesechac/AppData/Local/UnrealEngine/Common/DerivedDataCache/Buckets/FShaderJobCacheShaders/06/cc/c06ccedfa19b470a6cb8c1a287b73bb029b7.udd" 5568
"C:/Users/varghesechac/AppData/Local/UnrealEngine/Common/DerivedDataCache/Buckets/FShaderJobCacheShaders/22/70/6e5045594f189cac972b544057b2237c22f7.udd" 5569
"C:/Users/varghesechac/AppData/Local/UnrealEngine/Common/DerivedDataCache/Buckets/FShaderJobCacheShaders/fe/5e/344db1c4f42f2411b0c0e58e378ad57535de.udd" 5570
"C:/Users/varghesechac/AppData/Local/UnrealEngine/Common/DerivedDataCache/Buckets/FShaderJobCacheShaders/22/c5/b70604db3e3a8eb77e8372b8da4678675af6.udd" 5571
"C:/Users/varghesechac/AppData/Local/UnrealEngine/Common/DerivedDataCache/Buckets/FShaderJobCacheShaders/7c/d2/49fdddc521a88a414d515cc4f581b5bbf113.udd" 5572
"C:/Users/varghesechac/AppData/Local/UnrealEngine/Common/DerivedDataCache/Buckets/FShaderJobCacheShaders/31/69/763d629f72d2556dc52873e165fe7082c8d9.udd" 5573
"C:/Users/varghesechac/AppData/Local/UnrealEngine/Common/DerivedDataCache/Buckets/FShaderJobCacheShaders/13/b8/ed9823964fffa47ef78e309ccf4a0572da12.udd" 5574
"C:/Users/varghesechac/AppData/Local/UnrealEngine/Common/DerivedDataCache/Buckets/FShaderJobCacheShaders/1e/9f/5dea5da4ae296e7d45ec699be049be3dd70d.udd" 5575
"C:/Users/varghesechac/AppData/Local/UnrealEngine/Common/DerivedDataCache/Buckets/FShaderJobCacheShaders/3b/db/ba5182b62c1aebbfe6fe2d8de9aebc716864.udd" 5576
"C:/Users/varghesechac/AppData/Local/UnrealEngine/Common/DerivedDataCache/Buckets/FShaderJobCacheShaders/90/0f/ed45e8dadfc3f1c15c941cc5c6090b738edb.udd" 5577
"C:/Users/varghesechac/AppData/Local/UnrealEngine/Common/DerivedDataCache/Buckets/FShaderJobCacheShaders/c0/94/cc8afb4190ae53f9daad7fa05105ce773119.udd" 5578
"C:/Users/varghesechac/AppData/Local/UnrealEngine/Common/DerivedDataCache/Buckets/FShaderJobCacheShaders/99/00/ad1036e4fab9a6366b14578e38b372c3c8e6.udd" 5579
"C:/Users/varghesechac/AppData/Local/UnrealEngine/Common/DerivedDataCache/Buckets/FShaderJobCacheShaders/81/ba/5d41e7f0b1f3c1db7c8ac962d3328f89a34e.udd" 5580
"C:/Users/varghesechac/AppData/Local/UnrealEngine/Common/DerivedDataCache/Buckets/FShaderJobCacheShaders/fa/50/ba80446afbf8adb174e00c3a71ea8b488bd0.udd" 5581
"C:/Users/varghesechac/AppData/Local/UnrealEngine/Common/DerivedDataCache/Buckets/FShaderJobCacheShaders/ae/18/4dc204a59ae5ffda2f873ecec5f4cd0ba1ca.udd" 5582
"C:/Users/varghesechac/AppData/Local/UnrealEngine/Common/DerivedDataCache/Buckets/FShaderJobCacheShaders/7c/99/1c20a5739d55b147e5c14637258f00b47326.udd" 5583
"C:/Users/varghesechac/AppData/Local/UnrealEngine/Common/DerivedDataCache/Buckets/FShaderJobCacheShaders/b7/72/9be72329ea2d9156d91f4def5ccf95d17966.udd" 5584
"C:/Users/varghesechac/AppData/Local/UnrealEngine/Common/DerivedDataCache/Buckets/FShaderJobCacheShaders/38/b1/d7dbadc44db19e9a6067fe7861845f9e10fe.udd" 5585
"C:/Users/varghesechac/AppData/Local/UnrealEngine/Common/DerivedDataCache/Buckets/FShaderJobCacheShaders/8c/b6/4116a854504bdca43a6c9d7312229622bdbd.udd" 5586
"C:/Users/varghesechac/AppData/Local/UnrealEngine/Common/DerivedDataCache/Buckets/FShaderJobCacheShaders/69/de/75d4c4468eed9949079ae8d30ae46e1fa23a.udd" 5587
"C:/Users/varghesechac/AppData/Local/UnrealEngine/Common/DerivedDataCache/Buckets/FShaderJobCacheShaders/a2/01/d13edc7c2caa0c401c39f1e6e028bdb00bce.udd" 5588
"C:/Users/varghesechac/AppData/Local/UnrealEngine/Common/DerivedDataCache/Buckets/FShaderJobCacheShaders/fe/15/64d6c221bebc27ec90801662079392a6b5b6.udd" 5589
"C:/Users/varghesechac/AppData/Local/UnrealEngine/Common/DerivedDataCache/Buckets/FShaderJobCacheShaders/5a/34/4be84907611e41c9302c467e89efd21a728b.udd" 5590
"C:/Users/varghesechac/AppData/Local/UnrealEngine/Common/DerivedDataCache/Buckets/FShaderJobCacheShaders/e7/4f/952967f83a7dd8149868c4dd75f0eb54e4bc.udd" 5591
"C:/Users/varghesechac/AppData/Local/UnrealEngine/Common/DerivedDataCache/Buckets/FShaderJobCacheShaders/a9/85/738b8b08e1e8e30172a18f62e6fdb231d9ab.udd" 5592
"C:/Users/varghesechac/AppData/Local/UnrealEngine/Common/DerivedDataCache/Buckets/FShaderJobCacheShaders/98/ae/7a05cc2dc3f0db371014056ef24cfe07daba.udd" 5593
"C:/Users/varghesechac/AppData/Local/UnrealEngine/Common/DerivedDataCache/Buckets/FShaderJobCacheShaders/34/90/a8d9f37a5ae402b3733e696f3ea13f78d925.udd" 5594
"C:/Users/varghesechac/AppData/Local/UnrealEngine/Common/DerivedDataCache/Buckets/FShaderJobCacheShaders/ef/01/fc56e826365559e856fba8ddc20a27d69aa2.udd" 5595
"C:/Users/varghesechac/AppData/Local/UnrealEngine/Common/DerivedDataCache/Buckets/FShaderJobCacheShaders/83/fa/aa152425e4ee606a328abe1b12f031d91bf2.udd" 5596
"C:/Users/varghesechac/AppData/Local/UnrealEngine/Common/DerivedDataCache/Buckets/FShaderJobCacheShaders/33/dd/a773cc3963d5101015243e8e1693cdf40a7f.udd" 5597
"C:/Users/varghesechac/AppData/Local/UnrealEngine/Common/DerivedDataCache/Buckets/FShaderJobCacheShaders/d1/64/0fc435a49a0e9da44034792b6335fb169f1f.udd" 5598
"C:/Users/varghesechac/AppData/Local/UnrealEngine/Common/DerivedDataCache/Buckets/FShaderJobCacheShaders/86/f6/97fa96e3696bb6754bdb8edc918b66fa0020.udd" 5599
"C:/Users/varghesechac/AppData/Local/UnrealEngine/Common/DerivedDataCache/Buckets/FShaderJobCacheShaders/45/ba/8dfcae4635e95fa780dca8f0074b6e7bd051.udd" 5600
"C:/Users/varghesechac/AppData/Local/UnrealEngine/Common/DerivedDataCache/Buckets/FShaderJobCacheShaders/a9/dc/3b8b917acba9ca3bf00e873cf60845951bf1.udd" 5601
"C:/Users/varghesechac/AppData/Local/UnrealEngine/Common/DerivedDataCache/Buckets/FShaderJobCacheShaders/7b/75/9b9d3d0ef219546331be2f8fb284dd6597d7.udd" 5602
"C:/Users/varghesechac/AppData/Local/UnrealEngine/Common/DerivedDataCache/Buckets/FShaderJobCacheShaders/29/8a/58a2ab1a7b4f24360f66ac6f3cc21e16c698.udd" 5603
"C:/Users/varghesechac/AppData/Local/UnrealEngine/Common/DerivedDataCache/Buckets/FShaderJobCacheShaders/5d/09/be35691714ddc399e790ce75a114fc274046.udd" 5604
"C:/Users/varghesechac/AppData/Local/UnrealEngine/Common/DerivedDataCache/Buckets/FShaderJobCacheShaders/48/ad/250cff09f00b445c110d43e965371da09c0b.udd" 5605
"C:/Users/varghesechac/AppData/Local/UnrealEngine/Common/DerivedDataCache/Buckets/FShaderJobCacheShaders/97/d7/892eefa4602609a23d59d342ece59ef41dfa.udd" 5606
"C:/Users/varghesechac/AppData/Local/UnrealEngine/Common/DerivedDataCache/Buckets/FShaderJobCacheShaders/7e/32/985d7c3a659c9504a9df08ca010ef2d940b3.udd" 5607
"C:/Users/varghesechac/AppData/Local/UnrealEngine/Common/DerivedDataCache/Buckets/FShaderJobCacheShaders/16/34/8138fe5552e130d7e98e3caee3544b3de8ce.udd" 5608
"C:/Users/varghesechac/AppData/Local/UnrealEngine/Common/DerivedDataCache/Buckets/FShaderJobCacheShaders/47/a0/471d94a155e1100c094bcebf53abaf118299.udd" 5609
"C:/Users/varghesechac/AppData/Local/UnrealEngine/Common/DerivedDataCache/Buckets/FShaderJobCacheShaders/5b/7c/ca6a42bc39aa71beae88790b3d4a033c938b.udd" 5610
"C:/Users/varghesechac/AppData/Local/UnrealEngine/Common/DerivedDataCache/Buckets/FShaderJobCacheShaders/f8/6b/0a60b4e6fe2c460039d87607ded7e431a272.udd" 5611
"C:/Users/varghesechac/AppData/Local/UnrealEngine/Common/DerivedDataCache/Buckets/FShaderJobCacheShaders/ed/98/ef100368a4e4e338c895d56b1c493932bc1a.udd" 5612
"C:/Users/varghesechac/AppData/Local/UnrealEngine/Common/DerivedDataCache/Buckets/FShaderJobCacheShaders/f9/7b/f56b1857eef07f3eb950a9c3259985e37243.udd" 5613
"C:/Users/varghesechac/AppData/Local/UnrealEngine/Common/DerivedDataCache/Buckets/FShaderJobCacheShaders/69/ff/94a8ce8067a854da2afc7da6d18abc731fdb.udd" 5614
"C:/Users/varghesechac/AppData/Local/UnrealEngine/Common/DerivedDataCache/Buckets/FShaderJobCacheShaders/b4/3f/448b7df442b624e28e1983d14edc4bf16d70.udd" 5615
"C:/Users/varghesechac/AppData/Local/UnrealEngine/Common/DerivedDataCache/Buckets/FShaderJobCacheShaders/7e/b8/95115d5924505fcacd642ad6b77c9642da5e.udd" 5616
"C:/Users/varghesechac/AppData/Local/UnrealEngine/Common/DerivedDataCache/Buckets/FShaderJobCacheShaders/e0/f6/c9f6c65c4acb6f05d4ecaf68cdfd02be4279.udd" 5617
"C:/Users/varghesechac/AppData/Local/UnrealEngine/Common/DerivedDataCache/Buckets/FShaderJobCacheShaders/4f/7b/848c62773db94d4a03cd945ce4d753676f0f.udd" 5618
"C:/Users/varghesechac/AppData/Local/UnrealEngine/Common/DerivedDataCache/Buckets/FShaderJobCacheShaders/3a/46/02de987569b1c4642168b871ce02c4c6ffc4.udd" 5619
"C:/Users/varghesechac/AppData/Local/UnrealEngine/Common/DerivedDataCache/Buckets/FShaderJobCacheShaders/2f/43/300b834680426678c0335436f385bd753772.udd" 5620
"C:/Users/varghesechac/AppData/Local/UnrealEngine/Common/DerivedDataCache/Buckets/FShaderJobCacheShaders/37/3f/67fa9a234e2be86b6ae46381d6ccc31a016b.udd" 5621
"C:/Users/varghesechac/AppData/Local/UnrealEngine/Common/DerivedDataCache/Buckets/FShaderJobCacheShaders/e2/5e/85b55156da16572acd0d239a9f486e6520ff.udd" 5622
"C:/Users/varghesechac/AppData/Local/UnrealEngine/Common/DerivedDataCache/Buckets/FShaderJobCacheShaders/f9/d9/99535a31e4dc61d5a4796e1c75ed25b98c37.udd" 5623
"C:/Users/varghesechac/AppData/Local/UnrealEngine/Common/DerivedDataCache/Buckets/FShaderJobCacheShaders/0a/5c/15c555c54205829d701f194618ce87a17743.udd" 5624
"C:/Users/varghesechac/AppData/Local/UnrealEngine/Common/DerivedDataCache/Buckets/FShaderJobCacheShaders/43/f7/5cefa062995905ab4e74828a5dd755b6cc47.udd" 5625
"C:/Users/varghesechac/AppData/Local/UnrealEngine/Common/DerivedDataCache/Buckets/FShaderJobCacheShaders/ab/c3/515d5ed87276afb81304be1e24d0de762d39.udd" 5626
"C:/Users/varghesechac/AppData/Local/UnrealEngine/Common/DerivedDataCache/Buckets/FShaderJobCacheShaders/15/eb/036d55ab1f98060d95b5adea6e6bd1a901a6.udd" 5627
"C:/Users/varghesechac/AppData/Local/UnrealEngine/Common/DerivedDataCache/Buckets/FShaderJobCacheShaders/6c/4d/1ef2f39cc34b6c78c6d7bbdaf5cc02ea0c9a.udd" 5628
"C:/Users/varghesechac/AppData/Local/UnrealEngine/Common/DerivedDataCache/Buckets/FShaderJobCacheShaders/1c/c9/f01f6ee15b546cfdfa7f90944befd8aa94a0.udd" 5629
"C:/Users/varghesechac/AppData/Local/UnrealEngine/Common/DerivedDataCache/Buckets/FShaderJobCacheShaders/03/db/79ce07b5d57b834cb353ecbde6ad02f4e25d.udd" 5630
"C:/Users/varghesechac/AppData/Local/UnrealEngine/Common/DerivedDataCache/Buckets/FShaderJobCacheShaders/8f/8f/ecf5eee96ae2efe5cfad51b1fe883abf8bd3.udd" 5631
"C:/Users/varghesechac/AppData/Local/UnrealEngine/Common/DerivedDataCache/Buckets/FShaderJobCacheShaders/79/d9/da029185f813c90a1841a8bb4b11dc9589d2.udd" 5632
"C:/Users/varghesechac/AppData/Local/UnrealEngine/Common/DerivedDataCache/Buckets/FShaderJobCacheShaders/e7/bc/3db9fa8a295c68f3fec11dc77b911f64eb6b.udd" 5633
"C:/Users/varghesechac/AppData/Local/UnrealEngine/Common/DerivedDataCache/Buckets/FShaderJobCacheShaders/4d/d7/9162eb4ea701b33fa79bdade2e2404e04bf1.udd" 5634
"C:/Users/varghesechac/AppData/Local/UnrealEngine/Common/DerivedDataCache/Buckets/FShaderJobCacheShaders/e5/74/a2ac8f6141863a80704db67b06f377d45cbb.udd" 5635
"C:/Users/varghesechac/AppData/Local/UnrealEngine/Common/DerivedDataCache/Buckets/FShaderJobCacheShaders/d5/56/89a48a21ea9e903ff26ca60fed1d4dbf14b6.udd" 5636
"C:/Users/varghesechac/AppData/Local/UnrealEngine/Common/DerivedDataCache/Buckets/FShaderJobCacheShaders/0b/a2/dd8795757cbca4881f5ed0bc42628a1674a6.udd" 5637
"C:/Users/varghesechac/AppData/Local/UnrealEngine/Common/DerivedDataCache/Buckets/FShaderJobCacheShaders/d1/24/f420de6c820d34f7897bd7f57b63da2e01da.udd" 5638
"C:/Users/varghesechac/AppData/Local/UnrealEngine/Common/DerivedDataCache/Buckets/FShaderJobCacheShaders/e5/57/4d110127352185518851f3c9ce64aba9f16e.udd" 5639
"C:/Users/varghesechac/AppData/Local/UnrealEngine/Common/DerivedDataCache/Buckets/FShaderJobCacheShaders/91/87/97f910f75f12668c0d94a2bbf999fa253949.udd" 5640
"C:/Users/varghesechac/AppData/Local/UnrealEngine/Common/DerivedDataCache/Buckets/FShaderJobCacheShaders/14/e0/55ba67a7eae00477177532725b358c1d0cac.udd" 5641
"C:/Users/varghesechac/AppData/Local/UnrealEngine/Common/DerivedDataCache/Buckets/FShaderJobCacheShaders/b2/04/9087acb57b4d7e38c252838d70c2bdab6e71.udd" 5642
"C:/Users/varghesechac/AppData/Local/UnrealEngine/Common/DerivedDataCache/Buckets/FShaderJobCacheShaders/49/ee/6bec333834a2c3f96013c35f2cde4a0343e5.udd" 5643
"C:/Users/varghesechac/AppData/Local/UnrealEngine/Common/DerivedDataCache/Buckets/FShaderJobCacheShaders/fd/22/bf1459f270f9cb68458e1a12ed6537e7c155.udd" 5644
"C:/Users/varghesechac/AppData/Local/UnrealEngine/Common/DerivedDataCache/Buckets/FShaderJobCacheShaders/01/b3/c1c52153aa029355790e6adad8b45cd548ad.udd" 5645
"C:/Users/varghesechac/AppData/Local/UnrealEngine/Common/DerivedDataCache/Buckets/FShaderJobCacheShaders/20/4c/41ab272fae54e0d04a6565ae6e3b23a3a9fa.udd" 5646
"C:/Users/varghesechac/AppData/Local/UnrealEngine/Common/DerivedDataCache/Buckets/FShaderJobCacheShaders/7d/e9/858a51d6287a956cbbdd3d666fc95fa4a5fb.udd" 5647
"C:/Users/varghesechac/AppData/Local/UnrealEngine/Common/DerivedDataCache/Buckets/FShaderJobCacheShaders/44/94/7ea1ff31e876ab792a5d793e642bc7d1e334.udd" 5648
"C:/Users/varghesechac/AppData/Local/UnrealEngine/Common/DerivedDataCache/Buckets/FShaderJobCacheShaders/f6/96/301d5156dd7a2c4e0305783943b4dcc8003f.udd" 5649
"C:/Users/varghesechac/AppData/Local/UnrealEngine/Common/DerivedDataCache/Buckets/FShaderJobCacheShaders/05/f0/961c4391ac095196183db1e86c119abcb303.udd" 5650
"C:/Users/varghesechac/AppData/Local/UnrealEngine/Common/DerivedDataCache/Buckets/FShaderJobCacheShaders/31/b2/5285e1a83b1aeaa54561177c50c3581ab9b5.udd" 5651
"C:/Users/varghesechac/AppData/Local/UnrealEngine/Common/DerivedDataCache/Buckets/FShaderJobCacheShaders/3d/dc/1d283dea180adeb43afce3081eff23da8845.udd" 5652
"C:/Users/varghesechac/AppData/Local/UnrealEngine/Common/DerivedDataCache/Buckets/FShaderJobCacheShaders/3a/ab/7e78f6f0ae2c3caed4450d2b4b4de339244c.udd" 5653
"C:/Users/varghesechac/AppData/Local/UnrealEngine/Common/DerivedDataCache/Buckets/FShaderJobCacheShaders/d4/23/cda481fb9dbd7a97ae744dccf49639dc8b04.udd" 5654
"C:/Users/varghesechac/AppData/Local/UnrealEngine/Common/DerivedDataCache/Buckets/FShaderJobCacheShaders/90/17/db7233fb0ec6a08e71999ee5dc78399cf1a2.udd" 5655
"C:/Users/varghesechac/AppData/Local/UnrealEngine/Common/DerivedDataCache/Buckets/FShaderJobCacheShaders/18/21/77aa29bab36e533c4c4324595569cd7cda1f.udd" 5656
"C:/Users/varghesechac/AppData/Local/UnrealEngine/Common/DerivedDataCache/Buckets/FShaderJobCacheShaders/db/b6/d8c33019ad31dd9c1f6f5bc87561e4c4f331.udd" 5657
"C:/Users/varghesechac/AppData/Local/UnrealEngine/Common/DerivedDataCache/Buckets/FShaderJobCacheShaders/b7/60/4f41b3aafc8ed612c5c93a439229fd7396fe.udd" 5658
"C:/Users/varghesechac/AppData/Local/UnrealEngine/Common/DerivedDataCache/Buckets/FShaderJobCacheShaders/83/23/aff6cbb561d3945611d5cf2566cea9efd87a.udd" 5659
"C:/Users/varghesechac/AppData/Local/UnrealEngine/Common/DerivedDataCache/Buckets/FShaderJobCacheShaders/23/8a/b5843dff23abe08568765feb87c5cff36c63.udd" 5660
"C:/Users/varghesechac/AppData/Local/UnrealEngine/Common/DerivedDataCache/Buckets/FShaderJobCacheShaders/e7/fd/21f10805591c591d78171fcef9e516e9e307.udd" 5661
"C:/Users/varghesechac/AppData/Local/UnrealEngine/Common/DerivedDataCache/Buckets/FShaderJobCacheShaders/e3/6f/ffa5140a5b4bbb1885ddbdd775988f519a86.udd" 5662
"C:/Users/varghesechac/AppData/Local/UnrealEngine/Common/DerivedDataCache/Buckets/FShaderJobCacheShaders/cc/35/9521eb0ee66842e1e56c6b1c08bba433001f.udd" 5663
"C:/Users/varghesechac/AppData/Local/UnrealEngine/Common/DerivedDataCache/Buckets/FShaderJobCacheShaders/72/45/a98c1f3da5844dd64943750855eeb90b79d8.udd" 5664
"C:/Users/varghesechac/AppData/Local/UnrealEngine/Common/DerivedDataCache/Buckets/FShaderJobCacheShaders/b5/f1/abb49866e88cf893457c1ebdcedf7d636033.udd" 5665
"C:/Users/varghesechac/AppData/Local/UnrealEngine/Common/DerivedDataCache/Buckets/FShaderJobCacheShaders/e9/b5/66e05d387358ff9c7f6e71992099ec1391e6.udd" 5666
"C:/Users/varghesechac/AppData/Local/UnrealEngine/Common/DerivedDataCache/Buckets/FShaderJobCacheShaders/99/8c/1690184813213625849617973eebe1ef4c11.udd" 5667
"C:/Users/varghesechac/AppData/Local/UnrealEngine/Common/DerivedDataCache/Buckets/FShaderJobCacheShaders/7e/cc/14521f3b0b98c68eb2003817aa79b0e7c24d.udd" 5668
"C:/Users/varghesechac/AppData/Local/UnrealEngine/Common/DerivedDataCache/Buckets/FShaderJobCacheShaders/9b/e3/1dbb92431a3ab7872ebdcf2c35d4761283e0.udd" 5669
"C:/Users/varghesechac/AppData/Local/UnrealEngine/Common/DerivedDataCache/Buckets/FShaderJobCacheShaders/f2/96/ef4b999cc95e748f830baf04ab77b91b45c4.udd" 5670
"C:/Users/varghesechac/AppData/Local/UnrealEngine/Common/DerivedDataCache/Buckets/FShaderJobCacheShaders/0e/1c/c548626873784de8f2c26077e2c1670fd934.udd" 5671
"C:/Users/varghesechac/AppData/Local/UnrealEngine/Common/DerivedDataCache/Buckets/FShaderJobCacheShaders/e6/54/c386b25e86d321338f9083b993a7f46a4a03.udd" 5672
"C:/Users/varghesechac/AppData/Local/UnrealEngine/Common/DerivedDataCache/Buckets/FShaderJobCacheShaders/f3/d0/37a1788323633f5db99a5a58b8eaf615d8c3.udd" 5673
"C:/Users/varghesechac/AppData/Local/UnrealEngine/Common/DerivedDataCache/Buckets/FShaderJobCacheShaders/d2/28/989cc4aa81b12fb1c241a62c5d3068de758c.udd" 5674
"C:/Users/varghesechac/AppData/Local/UnrealEngine/Common/DerivedDataCache/Buckets/FShaderJobCacheShaders/e3/d1/26cad8f24505b940614b19d1fa8a38da1822.udd" 5675
"C:/Users/varghesechac/AppData/Local/UnrealEngine/Common/DerivedDataCache/Buckets/FShaderJobCacheShaders/db/4b/3ff9fcdf70b5f191eafbf3eac8729cf9045e.udd" 5676
"C:/Users/varghesechac/AppData/Local/UnrealEngine/Common/DerivedDataCache/Buckets/FShaderJobCacheShaders/3b/13/21fc8c5beb193e67c3f37b6d1d0094bad65f.udd" 5677
"C:/Users/varghesechac/AppData/Local/UnrealEngine/Common/DerivedDataCache/Buckets/FShaderJobCacheShaders/87/4d/c7adf7f1b02524b0de588687133ae035bcae.udd" 5678
"C:/Users/varghesechac/AppData/Local/UnrealEngine/Common/DerivedDataCache/Buckets/FShaderJobCacheShaders/a6/bb/823cd83467bb51fb42c779373280524673e2.udd" 5679
"C:/Users/varghesechac/AppData/Local/UnrealEngine/Common/DerivedDataCache/Buckets/FShaderJobCacheShaders/2c/bb/861cb85d43bdce2b10808ca8d787e44375ea.udd" 5680
"C:/Users/varghesechac/AppData/Local/UnrealEngine/Common/DerivedDataCache/Buckets/FShaderJobCacheShaders/78/98/7d589f003c11ef13cf89495b1feb7dc85d94.udd" 5681
"C:/Users/varghesechac/AppData/Local/UnrealEngine/Common/DerivedDataCache/Buckets/FShaderJobCacheShaders/46/72/dfd7e168542d058b084740da5aa2845ba8f2.udd" 5682
"C:/Users/varghesechac/AppData/Local/UnrealEngine/Common/DerivedDataCache/Buckets/FShaderJobCacheShaders/22/4c/6078c2bea07f21b804fcd662aa54ad715b46.udd" 5683
"C:/Users/varghesechac/AppData/Local/UnrealEngine/Common/DerivedDataCache/Buckets/FShaderJobCacheShaders/e0/81/609b74bca0e34b95f7c4b9632376436a2337.udd" 5684
"C:/Users/varghesechac/AppData/Local/UnrealEngine/Common/DerivedDataCache/Buckets/FShaderJobCacheShaders/f6/bf/42e2bceda5bef9de098b34f359b8d0b39cd2.udd" 5685
"C:/Users/varghesechac/AppData/Local/UnrealEngine/Common/DerivedDataCache/Buckets/FShaderJobCacheShaders/81/12/60ea6af86cd6e93a2aa61ad00f5d2557998e.udd" 5686
"C:/Users/varghesechac/AppData/Local/UnrealEngine/Common/DerivedDataCache/Buckets/FShaderJobCacheShaders/6d/b4/392c76cea3083135bff2615a2df3821c1322.udd" 5687
"C:/Users/varghesechac/AppData/Local/UnrealEngine/Common/DerivedDataCache/Buckets/FShaderJobCacheShaders/9c/9e/d4ae0449dc1b308ebd741f797319c90c4706.udd" 5688
"C:/Users/varghesechac/AppData/Local/UnrealEngine/Common/DerivedDataCache/Buckets/FShaderJobCacheShaders/26/34/362cbdb0d8d1428393e2d41421bf9cf40ca0.udd" 5689
"C:/Users/varghesechac/AppData/Local/UnrealEngine/Common/DerivedDataCache/Buckets/FShaderJobCacheShaders/65/df/dbf086a53574c0f276b2e25d2166ae0a7a55.udd" 5690
"C:/Users/varghesechac/AppData/Local/UnrealEngine/Common/DerivedDataCache/Buckets/FShaderJobCacheShaders/27/df/84c896ec4351b50413228b21fdc14c64dc8b.udd" 5691
"C:/Users/varghesechac/AppData/Local/UnrealEngine/Common/DerivedDataCache/Buckets/FShaderJobCacheShaders/8f/e7/1f9a9cd14855f1a3f5bdbed1c522a83b3cf5.udd" 5692
"C:/Users/varghesechac/AppData/Local/UnrealEngine/Common/DerivedDataCache/Buckets/FShaderJobCacheShaders/d6/8e/374bcd059cbf87b5f20246c89be208a4ae94.udd" 5693
"C:/Users/varghesechac/AppData/Local/UnrealEngine/Common/DerivedDataCache/Buckets/FShaderJobCacheShaders/fd/a8/4e18d872cb0b0d39fbafed7e754b0cce29e6.udd" 5694
"C:/Users/varghesechac/AppData/Local/UnrealEngine/Common/DerivedDataCache/Buckets/FShaderJobCacheShaders/ee/aa/fda1e7551004e69e3eb821b3d7f40114ec81.udd" 5695
"C:/Users/varghesechac/AppData/Local/UnrealEngine/Common/DerivedDataCache/Buckets/FShaderJobCacheShaders/e2/d6/e4946327e34c1ac49e4888477e94b2c7bf6e.udd" 5696
"C:/Users/varghesechac/AppData/Local/UnrealEngine/Common/DerivedDataCache/Buckets/FShaderJobCacheShaders/0f/1b/ab1e15dc0a160386147f32e2588b6cbcd767.udd" 5697
"C:/Users/varghesechac/AppData/Local/UnrealEngine/Common/DerivedDataCache/Buckets/FShaderJobCacheShaders/57/3e/1ac4cbc1eb34e4af34a6e61d67729bc7a61c.udd" 5698
"C:/Users/varghesechac/AppData/Local/UnrealEngine/Common/DerivedDataCache/Buckets/FShaderJobCacheShaders/b6/32/4992e9a4a3dd1ba8350faaf712b71fc71e46.udd" 5699
"C:/Users/varghesechac/AppData/Local/UnrealEngine/Common/DerivedDataCache/Buckets/FShaderJobCacheShaders/94/2d/92d75c12c155a57dbef06377fb2c2aa757b4.udd" 5700
"C:/Users/varghesechac/AppData/Local/UnrealEngine/Common/DerivedDataCache/Buckets/FShaderJobCacheShaders/c7/02/669ea7d8dcc67a18b6ef5560c836909e125f.udd" 5701
"C:/Users/varghesechac/AppData/Local/UnrealEngine/Common/DerivedDataCache/Buckets/FShaderJobCacheShaders/c3/0c/c2b4b7ac3d5a89702e9a65106c96d4b31a40.udd" 5702
"C:/Users/varghesechac/AppData/Local/UnrealEngine/Common/DerivedDataCache/Buckets/FShaderJobCacheShaders/0d/7e/27019cdf24f3ada342f5812b3e42b736b9a3.udd" 5703
"C:/Users/varghesechac/AppData/Local/UnrealEngine/Common/DerivedDataCache/Buckets/FShaderJobCacheShaders/1b/8c/e7501ae20df880154cb0fd47018a3abb6668.udd" 5704
"C:/Users/varghesechac/AppData/Local/UnrealEngine/Common/DerivedDataCache/Buckets/FShaderJobCacheShaders/6e/12/533073a437973e3a160f5e06c81ef024a83b.udd" 5705
"C:/Users/varghesechac/AppData/Local/UnrealEngine/Common/DerivedDataCache/Buckets/FShaderJobCacheShaders/e1/9f/5b867bed45ea9b586df73694de966b9056d5.udd" 5706
"C:/Users/varghesechac/AppData/Local/UnrealEngine/Common/DerivedDataCache/Buckets/FShaderJobCacheShaders/f9/a4/849f2168bf9d794d2b3f5a04378e94476f31.udd" 5707
"C:/Users/varghesechac/AppData/Local/UnrealEngine/Common/DerivedDataCache/Buckets/FShaderJobCacheShaders/5a/81/884ff49419d85f79d8f09a28c10c136a4f0d.udd" 5708
"C:/Users/varghesechac/AppData/Local/UnrealEngine/Common/DerivedDataCache/Buckets/FShaderJobCacheShaders/b6/df/a27aa5cb6917e4778922798a862ae60d1356.udd" 5709
"C:/Users/varghesechac/AppData/Local/UnrealEngine/Common/DerivedDataCache/Buckets/FShaderJobCacheShaders/61/04/cc6685f00874d17872547dda0cf961a99390.udd" 5710
"C:/Users/varghesechac/AppData/Local/UnrealEngine/Common/DerivedDataCache/Buckets/FShaderJobCacheShaders/21/1d/6700174a51234c9ae1a4d549836ec59e464e.udd" 5711
"C:/Users/varghesechac/AppData/Local/UnrealEngine/Common/DerivedDataCache/Buckets/FShaderJobCacheShaders/5c/c2/4338b17504f1d4906436652083f8bc9440b1.udd" 5712
"C:/Users/varghesechac/AppData/Local/UnrealEngine/Common/DerivedDataCache/Buckets/FShaderJobCacheShaders/98/f2/10655f1083bbcd817d91de5ee0b4e9c7f5e7.udd" 5713
"C:/Users/varghesechac/AppData/Local/UnrealEngine/Common/DerivedDataCache/Buckets/FShaderJobCacheShaders/91/ed/11566dc9cf4603436d8af89d5a4a4cced878.udd" 5714
"C:/Users/varghesechac/AppData/Local/UnrealEngine/Common/DerivedDataCache/Buckets/FShaderJobCacheShaders/5c/32/d07217cf8c417797f0a160d43c9df5feb59b.udd" 5715
"C:/Users/varghesechac/AppData/Local/UnrealEngine/Common/DerivedDataCache/Buckets/FShaderJobCacheShaders/a1/d2/f89246e86c4d4749e684d58f900082d41b91.udd" 5716
"C:/Users/varghesechac/AppData/Local/UnrealEngine/Common/DerivedDataCache/Buckets/FShaderJobCacheShaders/fa/39/c40fc7579eb4cfd69ec35e5a5dafe9bdd255.udd" 5717
"C:/Users/varghesechac/AppData/Local/UnrealEngine/Common/DerivedDataCache/Buckets/FShaderJobCacheShaders/88/a1/58f8daac8832100057ff25096de9c1eadf0a.udd" 5718
"C:/Users/varghesechac/AppData/Local/UnrealEngine/Common/DerivedDataCache/Buckets/FShaderJobCacheShaders/c9/fc/118fb955055eff7e15efacb2e624b0177bc6.udd" 5719
"C:/Users/varghesechac/AppData/Local/UnrealEngine/Common/DerivedDataCache/Buckets/FShaderJobCacheShaders/7a/26/f7eab6ef8d71133e21644c19585578249993.udd" 5720
"C:/Users/varghesechac/AppData/Local/UnrealEngine/Common/DerivedDataCache/Buckets/FShaderJobCacheShaders/f8/33/3c6ac34433500e8e1484ae9021ee20865d11.udd" 5721
"C:/Users/varghesechac/AppData/Local/UnrealEngine/Common/DerivedDataCache/Buckets/FShaderJobCacheShaders/08/ac/c4c2e03a4f00924cf36e1c67f70c0b2642d8.udd" 5722
"C:/Users/varghesechac/AppData/Local/UnrealEngine/Common/DerivedDataCache/Buckets/FShaderJobCacheShaders/10/40/61a4af32fab1afd1fcbd2491116a66cbf7e5.udd" 5723
"C:/Users/varghesechac/AppData/Local/UnrealEngine/Common/DerivedDataCache/Buckets/FShaderJobCacheShaders/fa/02/fdead3375145de53f79b34e39e726648bcb8.udd" 5724
"C:/Users/varghesechac/AppData/Local/UnrealEngine/Common/DerivedDataCache/Buckets/FShaderJobCacheShaders/7b/82/dbc4c938dcb47f59a3a223c6e2b5d683740a.udd" 5725
"C:/Users/varghesechac/AppData/Local/UnrealEngine/Common/DerivedDataCache/Buckets/FShaderJobCacheShaders/4c/94/b4c05211591e5aecb75d22a2424f5011dd47.udd" 5726
"C:/Users/varghesechac/AppData/Local/UnrealEngine/Common/DerivedDataCache/Buckets/FShaderJobCacheShaders/02/a6/e1f7d0661a4e97b19ba57dd88c523f4ab49e.udd" 5727
"C:/Users/varghesechac/AppData/Local/UnrealEngine/Common/DerivedDataCache/Buckets/FShaderJobCacheShaders/3c/2c/8841251b4d0d1f9a6fbec2c6dac1f192bd76.udd" 5728
"C:/Users/varghesechac/AppData/Local/UnrealEngine/Common/DerivedDataCache/Buckets/FShaderJobCacheShaders/88/f5/74d008f1678ea1a1245a890d0f030b9aae1c.udd" 5729
"C:/Users/varghesechac/AppData/Local/UnrealEngine/Common/DerivedDataCache/Buckets/FShaderJobCacheShaders/37/b7/86311108642415575fe3b4daf5840e4c4165.udd" 5730
"C:/Users/varghesechac/AppData/Local/UnrealEngine/Common/DerivedDataCache/Buckets/FShaderJobCacheShaders/5e/aa/d768cc8fa27c649db20c96a530a8e42b41a2.udd" 5731
"C:/Users/varghesechac/AppData/Local/UnrealEngine/Common/DerivedDataCache/Buckets/FShaderJobCacheShaders/0d/2a/d4e981b136d7ecc50e36f1f5cb6556ee9799.udd" 5732
"C:/Users/varghesechac/AppData/Local/UnrealEngine/Common/DerivedDataCache/Buckets/FShaderJobCacheShaders/c7/da/68e5f87962724efa41d44b6a8f755d47ebf5.udd" 5733
"C:/Users/varghesechac/AppData/Local/UnrealEngine/Common/DerivedDataCache/Buckets/FShaderJobCacheShaders/60/4f/ad4a858b50be48590fdc77261996b2188aa5.udd" 5734
"C:/Users/varghesechac/AppData/Local/UnrealEngine/Common/DerivedDataCache/Buckets/FShaderJobCacheShaders/b3/d7/11c345370ef690d9feb56759b4e797d7d8e5.udd" 5735
"C:/Users/varghesechac/AppData/Local/UnrealEngine/Common/DerivedDataCache/Buckets/FShaderJobCacheShaders/ae/50/d81d2370b31a875865074621bf8d92fcd62e.udd" 5736
"C:/Users/varghesechac/AppData/Local/UnrealEngine/Common/DerivedDataCache/Buckets/FShaderJobCacheShaders/c0/b1/491cd1eb13c53efd63f520fbb3562d73a761.udd" 5737
"C:/Users/varghesechac/AppData/Local/UnrealEngine/Common/DerivedDataCache/Buckets/FShaderJobCacheShaders/61/58/8119817beacbbcac3cffd66ae8149897acef.udd" 5738
"C:/Users/varghesechac/AppData/Local/UnrealEngine/Common/DerivedDataCache/Buckets/FShaderJobCacheShaders/78/b4/3ee86ec3cea3602b0c0ea931ffc5ef680f77.udd" 5739
"C:/Users/varghesechac/AppData/Local/UnrealEngine/Common/DerivedDataCache/Buckets/FShaderJobCacheShaders/96/fe/102d92c16217d37526779b6943026769724d.udd" 5740
"C:/Users/varghesechac/AppData/Local/UnrealEngine/Common/DerivedDataCache/Buckets/FShaderJobCacheShaders/d5/e4/6130998b8a6b1f1a5180a54ad91ae54e606e.udd" 5741
"C:/Users/varghesechac/AppData/Local/UnrealEngine/Common/DerivedDataCache/Buckets/FShaderJobCacheShaders/df/14/bc784c5399d27afab71558d104bafcfaa7ff.udd" 5742
"C:/Users/varghesechac/AppData/Local/UnrealEngine/Common/DerivedDataCache/Buckets/FShaderJobCacheShaders/c9/3d/a500dd297141f34a59567fbbe0f37f4c0007.udd" 5743
"C:/Users/varghesechac/AppData/Local/UnrealEngine/Common/DerivedDataCache/Buckets/FShaderJobCacheShaders/e2/18/ff0843ab400eed260329ecfe08e80e64d40d.udd" 5744
"C:/Users/varghesechac/AppData/Local/UnrealEngine/Common/DerivedDataCache/Buckets/FShaderJobCacheShaders/6c/e6/0e313122779cf23e14d241b2c193a07fc250.udd" 5745
"C:/Users/varghesechac/AppData/Local/UnrealEngine/Common/DerivedDataCache/Buckets/FShaderJobCacheShaders/12/2b/67c525af3b61afaeea5c874bb979cf651f26.udd" 5746
"C:/Users/varghesechac/AppData/Local/UnrealEngine/Common/DerivedDataCache/Buckets/FShaderJobCacheShaders/fd/1e/eeff949f22039eb011c40be33475d35fd4e3.udd" 5747
"C:/Users/varghesechac/AppData/Local/UnrealEngine/Common/DerivedDataCache/Buckets/FShaderJobCacheShaders/45/ad/53c495e1f1d59a72a1ab7c53c874c954923b.udd" 5748
"C:/Users/varghesechac/AppData/Local/UnrealEngine/Common/DerivedDataCache/Buckets/FShaderJobCacheShaders/9d/3f/2c9a4da6a9fd3d1777cd2ffc6eadbd9ab442.udd" 5749
"C:/Users/varghesechac/AppData/Local/UnrealEngine/Common/DerivedDataCache/Buckets/FShaderJobCacheShaders/cd/71/47d4733042aaebec92017012b3311b1b2c08.udd" 5750
"C:/Users/varghesechac/AppData/Local/UnrealEngine/Common/DerivedDataCache/Buckets/FShaderJobCacheShaders/d5/6d/6f5f5b4eae321d08b6326c410bffe8f34967.udd" 5751
"C:/Users/varghesechac/AppData/Local/UnrealEngine/Common/DerivedDataCache/Buckets/FShaderJobCacheShaders/2d/0a/df101f6bfd4ab117be51eac274160864be07.udd" 5752
"C:/Users/varghesechac/AppData/Local/UnrealEngine/Common/DerivedDataCache/Buckets/FShaderJobCacheShaders/ec/64/84392fe45f7af02d9ecb59199498a2606533.udd" 5753
"C:/Users/varghesechac/AppData/Local/UnrealEngine/Common/DerivedDataCache/Buckets/FShaderJobCacheShaders/66/92/150b799176d3f511230afc3140d1086d4853.udd" 5754
"C:/Users/varghesechac/AppData/Local/UnrealEngine/Common/DerivedDataCache/Buckets/FShaderJobCacheShaders/23/ed/538a0c2fc1163dcf816af2212404f6f35cf9.udd" 5755
"C:/Users/varghesechac/AppData/Local/UnrealEngine/Common/DerivedDataCache/Buckets/FShaderJobCacheShaders/dd/43/473c03be4e76d37262fcf846721f177c2ccc.udd" 5756
"C:/Users/varghesechac/AppData/Local/UnrealEngine/Common/DerivedDataCache/Buckets/FShaderJobCacheShaders/13/7a/8b301d6c0f1549df4adea08a0bdff4dbefe9.udd" 5757
"C:/Users/varghesechac/AppData/Local/UnrealEngine/Common/DerivedDataCache/Buckets/FShaderJobCacheShaders/3b/c8/c8a12d9f7fa84b83af889f16ea69002adc60.udd" 5758
"C:/Users/varghesechac/AppData/Local/UnrealEngine/Common/DerivedDataCache/Buckets/FShaderJobCacheShaders/7f/a1/fdb4898b1e059a4c65e92f9fdcb46b46cfcb.udd" 5759
"C:/Users/varghesechac/AppData/Local/UnrealEngine/Common/DerivedDataCache/Buckets/FShaderJobCacheShaders/a4/c7/45942a2f5f175b5b9829a3dd6bbccc5718c8.udd" 5760
"C:/Users/varghesechac/AppData/Local/UnrealEngine/Common/DerivedDataCache/Buckets/FShaderJobCacheShaders/e7/66/cebb6b124dd89a794d29b174eb08eb0f2123.udd" 5761
"C:/Users/varghesechac/AppData/Local/UnrealEngine/Common/DerivedDataCache/Buckets/FShaderJobCacheShaders/7b/35/15268156706def5663c9a48cea2efe2b478a.udd" 5762
"C:/Users/varghesechac/AppData/Local/UnrealEngine/Common/DerivedDataCache/Buckets/FShaderJobCacheShaders/89/5c/8b21c1f24fa2534a5b0d55fc6e22c2a682ff.udd" 5763
"C:/Users/varghesechac/AppData/Local/UnrealEngine/Common/DerivedDataCache/Buckets/FShaderJobCacheShaders/b6/2b/b01c08f2bee9e0872c87b07dad3c96107c93.udd" 5764
"C:/Users/varghesechac/AppData/Local/UnrealEngine/Common/DerivedDataCache/Buckets/FShaderJobCacheShaders/b2/dd/1f58c3a0b3d534facc66832857c2f167202b.udd" 5765
"C:/Users/varghesechac/AppData/Local/UnrealEngine/Common/DerivedDataCache/Buckets/FShaderJobCacheShaders/84/9b/51d6998e6faae664a32803c5b2d86f13dd8c.udd" 5766
"C:/Users/varghesechac/AppData/Local/UnrealEngine/Common/DerivedDataCache/Buckets/FShaderJobCacheShaders/79/99/f844c43b95310b1cb557dcbb3bf39193d8aa.udd" 5767
"C:/Users/varghesechac/AppData/Local/UnrealEngine/Common/DerivedDataCache/Buckets/FShaderJobCacheShaders/83/2a/89f34ebab73e7eaa8e4bd4a9047fdab60777.udd" 5768
"C:/Users/varghesechac/AppData/Local/UnrealEngine/Common/DerivedDataCache/Buckets/FShaderJobCacheShaders/5e/d8/84e9dab3e31db7ac24304428cc49c2ebf37f.udd" 5769
"C:/Users/varghesechac/AppData/Local/UnrealEngine/Common/DerivedDataCache/Buckets/FShaderJobCacheShaders/07/b8/2ca265d941ef6f75ab5655c06144bfbfd24b.udd" 5770
"C:/Users/varghesechac/AppData/Local/UnrealEngine/Common/DerivedDataCache/Buckets/FShaderJobCacheShaders/0c/16/0447cd76ed1eb4561efcd7e3584fd336a060.udd" 5771
"C:/Users/varghesechac/AppData/Local/UnrealEngine/Common/DerivedDataCache/Buckets/FShaderJobCacheShaders/5b/1e/925aea4d34ece895b3dd9084f97403d8f355.udd" 5772
"C:/Users/varghesechac/AppData/Local/UnrealEngine/Common/DerivedDataCache/Buckets/FShaderJobCacheShaders/18/e9/199f8f7e9ad4feb34be150168d7fa35ca356.udd" 5773
"C:/Users/varghesechac/AppData/Local/UnrealEngine/Common/DerivedDataCache/Buckets/FShaderJobCacheShaders/e7/eb/369f13d6024d49093efcab9db5d692ed2fa8.udd" 5774
"C:/Users/varghesechac/AppData/Local/UnrealEngine/Common/DerivedDataCache/Buckets/FShaderJobCacheShaders/bc/28/eac8e09f30d88ae39188881ff7b032d883b7.udd" 5775
"C:/Users/varghesechac/AppData/Local/UnrealEngine/Common/DerivedDataCache/Buckets/FShaderJobCacheShaders/aa/c3/3a3ab75aa73a4155b922b45ee365c296bf81.udd" 5776
"C:/Users/varghesechac/AppData/Local/UnrealEngine/Common/DerivedDataCache/Buckets/FShaderJobCacheShaders/5a/4f/c8794708d70ff0a5e3ab879faa465b76b5e8.udd" 5777
"C:/Users/varghesechac/AppData/Local/UnrealEngine/Common/DerivedDataCache/Buckets/FShaderJobCacheShaders/7f/45/9a2bd468b2dd54869a7febc31b73f7e62071.udd" 5778
"C:/Users/varghesechac/AppData/Local/UnrealEngine/Common/DerivedDataCache/Buckets/FShaderJobCacheShaders/a4/ab/f85b60efb45865f0289c0534c6103563a58c.udd" 5779
"C:/Users/varghesechac/AppData/Local/UnrealEngine/Common/DerivedDataCache/Buckets/FShaderJobCacheShaders/ae/2a/3b3d60876a54201fa03e0d0d15b3a077fa1c.udd" 5780
"C:/Users/varghesechac/AppData/Local/UnrealEngine/Common/DerivedDataCache/Buckets/FShaderJobCacheShaders/52/ee/b521656215eedebb9d6ea0cce5f0237c80b1.udd" 5781
"C:/Users/varghesechac/AppData/Local/UnrealEngine/Common/DerivedDataCache/Buckets/FShaderJobCacheShaders/14/29/6c9d9e52e1aedcbced0750fb2d061d32eb14.udd" 5782
"C:/Users/varghesechac/AppData/Local/UnrealEngine/Common/DerivedDataCache/Buckets/FShaderJobCacheShaders/b7/af/0de21d66ecf3f1056a3a77297e5e0e634e30.udd" 5783
"C:/Users/varghesechac/AppData/Local/UnrealEngine/Common/DerivedDataCache/Buckets/FShaderJobCacheShaders/c1/c5/987b0ce2025b7fe5652cb1413bae40ebc4eb.udd" 5784
"C:/Users/varghesechac/AppData/Local/UnrealEngine/Common/DerivedDataCache/Buckets/FShaderJobCacheShaders/5a/eb/d8eab99ce0d5e3ab3a6e4afa957f99a1ec9f.udd" 5785
"C:/Users/varghesechac/AppData/Local/UnrealEngine/Common/DerivedDataCache/Buckets/FShaderJobCacheShaders/f0/0e/a0cba9d0ee777d2efe1e67e9727f726cb0b0.udd" 5786
"C:/Users/varghesechac/AppData/Local/UnrealEngine/Common/DerivedDataCache/Buckets/FShaderJobCacheShaders/85/69/66e3eea3de7dc3f6977fdc3148b21665174a.udd" 5787
"C:/Users/varghesechac/AppData/Local/UnrealEngine/Common/DerivedDataCache/Buckets/FShaderJobCacheShaders/a0/11/4abf7e8fb3562b8cf70edad3b4e86eaec434.udd" 5788
"C:/Users/varghesechac/AppData/Local/UnrealEngine/Common/DerivedDataCache/Buckets/FShaderJobCacheShaders/4d/5c/1adca26d86a6292e223f4ab1bb00682e0447.udd" 5789
"C:/Users/varghesechac/AppData/Local/UnrealEngine/Common/DerivedDataCache/Buckets/FShaderJobCacheShaders/31/d7/9b4b0b4d4ab657804c303a7ba6bcd36682a5.udd" 5790
"C:/Users/varghesechac/AppData/Local/UnrealEngine/Common/DerivedDataCache/Buckets/FShaderJobCacheShaders/02/66/db83a7ce318ae864abb74478acf6c1efe42b.udd" 5791
"C:/Users/varghesechac/AppData/Local/UnrealEngine/Common/DerivedDataCache/Buckets/FShaderJobCacheShaders/a1/19/079aae95a148ed40cb17d07740473e5a1736.udd" 5792
"C:/Users/varghesechac/AppData/Local/UnrealEngine/Common/DerivedDataCache/Buckets/FShaderJobCacheShaders/a5/83/e03c51d8ad946e04618d3aa5a2dc43a59eee.udd" 5793
"C:/Users/varghesechac/AppData/Local/UnrealEngine/Common/DerivedDataCache/Buckets/FShaderJobCacheShaders/38/8c/088ebe9183d8bc523fd5aa293853a08cd121.udd" 5794
"C:/Users/varghesechac/AppData/Local/UnrealEngine/Common/DerivedDataCache/Buckets/FShaderJobCacheShaders/22/9a/7080722df7ee3ee822318585dd53e6c23c7d.udd" 5795
"C:/Users/varghesechac/AppData/Local/UnrealEngine/Common/DerivedDataCache/Buckets/FShaderJobCacheShaders/a6/31/da9fc0d01ce87054b5b306766aeae100a1b1.udd" 5796
"C:/Users/varghesechac/AppData/Local/UnrealEngine/Common/DerivedDataCache/Buckets/FShaderJobCacheShaders/ff/8e/9213a12b5ee4f97dfe48eb2da03ccff84397.udd" 5797
"C:/Users/varghesechac/AppData/Local/UnrealEngine/Common/DerivedDataCache/Buckets/FShaderJobCacheShaders/eb/ec/e28a1b4f1cd45147962d573a92503d72d497.udd" 5798
"C:/Users/varghesechac/AppData/Local/UnrealEngine/Common/DerivedDataCache/Buckets/FShaderJobCacheShaders/a3/62/b4aab9bfeb0f00244ccc6b6a5af7d9878305.udd" 5799
"C:/Users/varghesechac/AppData/Local/UnrealEngine/Common/DerivedDataCache/Buckets/FShaderJobCacheShaders/02/cb/8f527005ddf8f36ba3173beb14d1aacf998c.udd" 5800
"C:/Users/varghesechac/AppData/Local/UnrealEngine/Common/DerivedDataCache/Buckets/FShaderJobCacheShaders/f1/d1/1b785d9ed4b846fd81e73825d5225b532002.udd" 5801
"C:/Users/varghesechac/AppData/Local/UnrealEngine/Common/DerivedDataCache/Buckets/FShaderJobCacheShaders/05/70/fcbafc1001de9527c25d4f6d26cc15054172.udd" 5802
"C:/Users/varghesechac/AppData/Local/UnrealEngine/Common/DerivedDataCache/Buckets/FShaderJobCacheShaders/70/1e/c65c1d79fbea6db05f88adaa9ed378247302.udd" 5803
"C:/Users/varghesechac/AppData/Local/UnrealEngine/Common/DerivedDataCache/Buckets/FShaderJobCacheShaders/15/55/ae929ca435df19ab27de4a08c7258743f306.udd" 5804
"C:/Users/varghesechac/AppData/Local/UnrealEngine/Common/DerivedDataCache/Buckets/FShaderJobCacheShaders/24/20/cf0c2ddd6fda7cfdf36cb3aaca6e41bcc70c.udd" 5805
"C:/Users/varghesechac/AppData/Local/UnrealEngine/Common/DerivedDataCache/Buckets/FShaderJobCacheShaders/6a/2e/7855fdb6357e18e4deacb10b60cc9a60006f.udd" 5806
"C:/Users/varghesechac/AppData/Local/UnrealEngine/Common/DerivedDataCache/Buckets/FShaderJobCacheShaders/1d/c2/6500b5d01b26b9a06ff2c2781781b7df0f80.udd" 5807
"C:/Users/varghesechac/AppData/Local/UnrealEngine/Common/DerivedDataCache/Buckets/FShaderJobCacheShaders/df/2a/913e717643123a26381dc44cf0a75781b622.udd" 5808
"C:/Users/varghesechac/AppData/Local/UnrealEngine/Common/DerivedDataCache/Buckets/FShaderJobCacheShaders/dc/96/cea860ea0ab555298bd3882fe3cb01177d9b.udd" 5809
"C:/Users/varghesechac/AppData/Local/UnrealEngine/Common/DerivedDataCache/Buckets/FShaderJobCacheShaders/eb/a2/a03cf2a983cfa231e13f25292e9c36571580.udd" 5810
"C:/Users/varghesechac/AppData/Local/UnrealEngine/Common/DerivedDataCache/Buckets/FShaderJobCacheShaders/c8/f9/2057294dc2a38bb130e65133462346bacf56.udd" 5811
"C:/Users/varghesechac/AppData/Local/UnrealEngine/Common/DerivedDataCache/Buckets/FShaderJobCacheShaders/3a/1f/4c464b1ea9c642431e89a75e11276b031796.udd" 5812
"C:/Users/varghesechac/AppData/Local/UnrealEngine/Common/DerivedDataCache/Buckets/FShaderJobCacheShaders/df/de/b856506fed9052b34061ef59b25e772ccc92.udd" 5813
"C:/Users/varghesechac/AppData/Local/UnrealEngine/Common/DerivedDataCache/Buckets/FShaderJobCacheShaders/7a/00/844a56a0796be7a81009b7f31e314a2b4afa.udd" 5814
"C:/Users/varghesechac/AppData/Local/UnrealEngine/Common/DerivedDataCache/Buckets/FShaderJobCacheShaders/e1/e4/19bf956d5c6b5ed9d0f0d95a65a9487a56a5.udd" 5815
"C:/Users/varghesechac/AppData/Local/UnrealEngine/Common/DerivedDataCache/Buckets/FShaderJobCacheShaders/07/ce/b415ad865af1ed587e49d8e5f2ecd5219afa.udd" 5816
"C:/Users/varghesechac/AppData/Local/UnrealEngine/Common/DerivedDataCache/Buckets/FShaderJobCacheShaders/10/cf/18b3083830e34b9c92d391d5b261f723791e.udd" 5817
"C:/Users/varghesechac/AppData/Local/UnrealEngine/Common/DerivedDataCache/Buckets/FShaderJobCacheShaders/c3/c6/6a7b65a97381eed56044932f8a5811243709.udd" 5818
"C:/Users/varghesechac/AppData/Local/UnrealEngine/Common/DerivedDataCache/Buckets/FShaderJobCacheShaders/42/ee/72035fdc09bdd0cf3294fd4f9b6954f33d56.udd" 5819
"C:/Users/varghesechac/AppData/Local/UnrealEngine/Common/DerivedDataCache/Buckets/FShaderJobCacheShaders/a6/fb/8976bbc0bb756bbcc2fb357205a5be473e6a.udd" 5820
"C:/Users/varghesechac/AppData/Local/UnrealEngine/Common/DerivedDataCache/Buckets/FShaderJobCacheShaders/73/31/42863888265c44338da7a49b7feaa84a95e9.udd" 5821
"C:/Users/varghesechac/AppData/Local/UnrealEngine/Common/DerivedDataCache/Buckets/FShaderJobCacheShaders/a6/54/1de9687beacba6c9559a707d982810b1707d.udd" 5822
"C:/Users/varghesechac/AppData/Local/UnrealEngine/Common/DerivedDataCache/Buckets/FShaderJobCacheShaders/ac/39/3981353247d8ef722f6d50d3060782743f07.udd" 5823
"C:/Users/varghesechac/AppData/Local/UnrealEngine/Common/DerivedDataCache/Buckets/FShaderJobCacheShaders/c6/9f/3e18e45eb3ac472ee260ca9a7b0a50783e57.udd" 5824
"C:/Users/varghesechac/AppData/Local/UnrealEngine/Common/DerivedDataCache/Buckets/FShaderJobCacheShaders/d3/ee/d51790554c3b45b22a04895147ca1703de07.udd" 5825
"C:/Users/varghesechac/AppData/Local/UnrealEngine/Common/DerivedDataCache/Buckets/FShaderJobCacheShaders/3f/bd/44fd056c7f7f341e83007e38aaf73f1e3506.udd" 5826
"C:/Users/varghesechac/AppData/Local/UnrealEngine/Common/DerivedDataCache/Buckets/FShaderJobCacheShaders/1b/bb/371686466624853618997d20b706e7bf0e6b.udd" 5827
"C:/Users/varghesechac/AppData/Local/UnrealEngine/Common/DerivedDataCache/Buckets/FShaderJobCacheShaders/3c/af/e713dad2e0e34583cb071837ce7d12270deb.udd" 5828
"C:/Users/varghesechac/AppData/Local/UnrealEngine/Common/DerivedDataCache/Buckets/FShaderJobCacheShaders/38/94/97cbbe6422e84f3a64c2a9b1260552847b89.udd" 5829
"C:/Users/varghesechac/AppData/Local/UnrealEngine/Common/DerivedDataCache/Buckets/FShaderJobCacheShaders/9b/95/38ab152e2f3d49c30d6a9862d992f17de02d.udd" 5830
"C:/Users/varghesechac/AppData/Local/UnrealEngine/Common/DerivedDataCache/Buckets/FShaderJobCacheShaders/e8/9d/1636d026eb43b5ab21a22934e580f064db89.udd" 5831
"C:/Users/varghesechac/AppData/Local/UnrealEngine/Common/DerivedDataCache/Buckets/FShaderJobCacheShaders/b9/76/733e206138d26e2d27782341e2050914ddad.udd" 5832
"C:/Users/varghesechac/AppData/Local/UnrealEngine/Common/DerivedDataCache/Buckets/FShaderJobCacheShaders/36/b6/29c452abe13f423a3138e6848e8b34d55d62.udd" 5833
"C:/Users/varghesechac/AppData/Local/UnrealEngine/Common/DerivedDataCache/Buckets/FShaderJobCacheShaders/5e/2d/4267e7436e71dc2789279a34e111d6af450e.udd" 5834
"C:/Users/varghesechac/AppData/Local/UnrealEngine/Common/DerivedDataCache/Buckets/FShaderJobCacheShaders/c7/5a/01d13ec104ecffd2346638195929e2bb3077.udd" 5835
"C:/Users/varghesechac/AppData/Local/UnrealEngine/Common/DerivedDataCache/Buckets/FShaderJobCacheShaders/92/ff/93b950796f509e3ad0a5d9025beb9dc7fa76.udd" 5836
"C:/Users/varghesechac/AppData/Local/UnrealEngine/Common/DerivedDataCache/Buckets/FShaderJobCacheShaders/7f/3b/3ea4618f23285433e3e87eb57263ab7cb001.udd" 5837
"C:/Users/varghesechac/AppData/Local/UnrealEngine/Common/DerivedDataCache/Buckets/FShaderJobCacheShaders/0e/63/7e99b3787388b33368e79ce6da8a9565358f.udd" 5838
"C:/Users/varghesechac/AppData/Local/UnrealEngine/Common/DerivedDataCache/Buckets/FShaderJobCacheShaders/8c/da/b230bbd400bbd5c5c39e62cc2c05a63ae553.udd" 5839
"C:/Users/varghesechac/AppData/Local/UnrealEngine/Common/DerivedDataCache/Buckets/FShaderJobCacheShaders/66/78/424063febe107d8c452cc3e46bb7c88948ce.udd" 5840
"C:/Users/varghesechac/AppData/Local/UnrealEngine/Common/DerivedDataCache/Buckets/FShaderJobCacheShaders/84/ad/a4b3e3ee49c944303098ec8f14a27ed0c784.udd" 5841
"C:/Users/varghesechac/AppData/Local/UnrealEngine/Common/DerivedDataCache/Buckets/FShaderJobCacheShaders/8c/76/4e02ea03a13974d2d84a08eb13993b39250a.udd" 5842
"C:/Users/varghesechac/AppData/Local/UnrealEngine/Common/DerivedDataCache/Buckets/FShaderJobCacheShaders/ac/e3/3846797f88651fe703008337ad1bce0a836f.udd" 5843
"C:/Users/varghesechac/AppData/Local/UnrealEngine/Common/DerivedDataCache/Buckets/FShaderJobCacheShaders/d2/b6/c62fd28bfcdf54448c8d1fb9535310facb30.udd" 5844
"C:/Users/varghesechac/AppData/Local/UnrealEngine/Common/DerivedDataCache/Buckets/FShaderJobCacheShaders/45/05/e23d951e947841e78dd3a441b778c460c4a3.udd" 5845
"C:/Users/varghesechac/AppData/Local/UnrealEngine/Common/DerivedDataCache/Buckets/FShaderJobCacheShaders/2a/45/947832f4e23b43fdd42289a72c481b1f8893.udd" 5846
"C:/Users/varghesechac/AppData/Local/UnrealEngine/Common/DerivedDataCache/Buckets/FShaderJobCacheShaders/37/04/d07a09d7fc1d1826c9ee7148d76ba6f1d25c.udd" 5847
"C:/Users/varghesechac/AppData/Local/UnrealEngine/Common/DerivedDataCache/Buckets/FShaderJobCacheShaders/7d/a0/385245c52f9aae7968dd4d3fcd6c1b297098.udd" 5848
"C:/Users/varghesechac/AppData/Local/UnrealEngine/Common/DerivedDataCache/Buckets/FShaderJobCacheShaders/77/da/8137e23b966cea934f64119eda4e23542a89.udd" 5849
"C:/Users/varghesechac/AppData/Local/UnrealEngine/Common/DerivedDataCache/Buckets/FShaderJobCacheShaders/2a/d3/a5b6e79a8033c97c4ff6e48f86d92fc39c8b.udd" 5850
"C:/Users/varghesechac/AppData/Local/UnrealEngine/Common/DerivedDataCache/Buckets/FShaderJobCacheShaders/3a/58/b632e48cdef90b1581348986aa66e9ad0651.udd" 5851
"C:/Users/varghesechac/AppData/Local/UnrealEngine/Common/DerivedDataCache/Buckets/FShaderJobCacheShaders/ef/a9/5bd496c40e88945a2dacf009edd98ad3e286.udd" 5852
"C:/Users/varghesechac/AppData/Local/UnrealEngine/Common/DerivedDataCache/Buckets/FShaderJobCacheShaders/de/3a/83b16c194c21e35206fe13678dd953929c93.udd" 5853
"C:/Users/varghesechac/AppData/Local/UnrealEngine/Common/DerivedDataCache/Buckets/FShaderJobCacheShaders/46/f9/f531f5fec4de65dc03cfa6321e3affc877e7.udd" 5854
"C:/Users/varghesechac/AppData/Local/UnrealEngine/Common/DerivedDataCache/Buckets/FShaderJobCacheShaders/40/e9/a71bd8653b3c6187cdbcb4923e1549d5a571.udd" 5855
"C:/Users/varghesechac/AppData/Local/UnrealEngine/Common/DerivedDataCache/Buckets/FShaderJobCacheShaders/c7/27/2aba2bac45ea7f965e3228c393175cb4933d.udd" 5856
"C:/Users/varghesechac/AppData/Local/UnrealEngine/Common/DerivedDataCache/Buckets/FShaderJobCacheShaders/6e/6e/0a430506e4990dfc86370c282ed25e521db7.udd" 5857
"C:/Users/varghesechac/AppData/Local/UnrealEngine/Common/DerivedDataCache/Buckets/FShaderJobCacheShaders/2c/18/0a589b9449e08931e123ea7a5955c9920de0.udd" 5858
"C:/Users/varghesechac/AppData/Local/UnrealEngine/Common/DerivedDataCache/Buckets/FShaderJobCacheShaders/69/b8/592a13c13c484d64954220bef9693dbdd5f7.udd" 5859
"C:/Users/varghesechac/AppData/Local/UnrealEngine/Common/DerivedDataCache/Buckets/FShaderJobCacheShaders/9b/dc/ed7eccc79d30f5854a2eba5e0cc4bebe61ff.udd" 5860
"C:/Users/varghesechac/AppData/Local/UnrealEngine/Common/DerivedDataCache/Buckets/FShaderJobCacheShaders/1b/39/27fb5d126566895bb0173e3976106c1efa47.udd" 5861
"C:/Users/varghesechac/AppData/Local/UnrealEngine/Common/DerivedDataCache/Buckets/FShaderJobCacheShaders/d6/7d/1f1c1adf636ee6fb871cf77e1cd143cb4410.udd" 5862
"C:/Users/varghesechac/AppData/Local/UnrealEngine/Common/DerivedDataCache/Buckets/FShaderJobCacheShaders/32/df/8c334d185c007d2070e6a03c09a30fadb13d.udd" 5863
"C:/Users/varghesechac/AppData/Local/UnrealEngine/Common/DerivedDataCache/Buckets/FShaderJobCacheShaders/38/13/3a25edb406706651d880ae1eabd7029a216b.udd" 5864
"C:/Users/varghesechac/AppData/Local/UnrealEngine/Common/DerivedDataCache/Buckets/FShaderJobCacheShaders/3d/7e/4939de1d3c3bee3f9601bc765d8c4113901d.udd" 5865
"C:/Users/varghesechac/AppData/Local/UnrealEngine/Common/DerivedDataCache/Buckets/FShaderJobCacheShaders/84/d5/374ee1704e7d8e0a1107c6a2fb9a712b2d21.udd" 5866
"C:/Users/varghesechac/AppData/Local/UnrealEngine/Common/DerivedDataCache/Buckets/FShaderJobCacheShaders/d1/dd/15c1d91c00497bcf0d8dd2cbab317f7ed159.udd" 5867
"C:/Users/varghesechac/AppData/Local/UnrealEngine/Common/DerivedDataCache/Buckets/FShaderJobCacheShaders/9c/b4/2f1c3598ee7962f2f8e7369d9680b882f2f5.udd" 5868
"C:/Users/varghesechac/AppData/Local/UnrealEngine/Common/DerivedDataCache/Buckets/FShaderJobCacheShaders/ab/9d/98233c1478365be2471f7efe36b754ab7955.udd" 5869
"C:/Users/varghesechac/AppData/Local/UnrealEngine/Common/DerivedDataCache/Buckets/FShaderJobCacheShaders/ba/f5/a72c4f660838898931676f99788c8e823d64.udd" 5870
"C:/Users/varghesechac/AppData/Local/UnrealEngine/Common/DerivedDataCache/Buckets/FShaderJobCacheShaders/e1/68/3669101958b34394b7fcf13c4f314ecbe313.udd" 5871
"C:/Users/varghesechac/AppData/Local/UnrealEngine/Common/DerivedDataCache/Buckets/FShaderJobCacheShaders/c9/1f/ff6f11fbcf3d3dfa3caac88c5eaae16120aa.udd" 5872
"C:/Users/varghesechac/AppData/Local/UnrealEngine/Common/DerivedDataCache/Buckets/FShaderJobCacheShaders/94/68/8f8da0f9afdded36656d2ff5ce7f0a3745e9.udd" 5873
"C:/Users/varghesechac/AppData/Local/UnrealEngine/Common/DerivedDataCache/Buckets/FShaderJobCacheShaders/d5/f3/660d605c4580d00777f81ced9f55ab8dfe2a.udd" 5874
"C:/Users/varghesechac/AppData/Local/UnrealEngine/Common/DerivedDataCache/Buckets/FShaderJobCacheShaders/8c/d6/83efe1ba91edb7f06c95dce86a7449d8d8c3.udd" 5875
"C:/Users/varghesechac/AppData/Local/UnrealEngine/Common/DerivedDataCache/Buckets/FShaderJobCacheShaders/aa/04/ee9d92675f207046377f5a17c1c89a451cd7.udd" 5876
"C:/Users/varghesechac/AppData/Local/UnrealEngine/Common/DerivedDataCache/Buckets/FShaderJobCacheShaders/59/2c/a337321579e8c9bd487a22e88c0efac42f3f.udd" 5877
"C:/Users/varghesechac/AppData/Local/UnrealEngine/Common/DerivedDataCache/Buckets/FShaderJobCacheShaders/b0/df/c7dadc6b80bbc4278c495be9724adf2cdfff.udd" 5878
"C:/Users/varghesechac/AppData/Local/UnrealEngine/Common/DerivedDataCache/Buckets/FShaderJobCacheShaders/e9/44/a472e88041ef36bc9e102fe1146f2c0dcc7b.udd" 5879
"C:/Users/varghesechac/AppData/Local/UnrealEngine/Common/DerivedDataCache/Buckets/FShaderJobCacheShaders/be/d1/dee68320298867a92867edadf6570422da40.udd" 5880
"C:/Users/varghesechac/AppData/Local/UnrealEngine/Common/DerivedDataCache/Buckets/FShaderJobCacheShaders/79/ea/b27157b0e824f29c6c68d49ef4f97d1ec6a0.udd" 5881
"C:/Users/varghesechac/AppData/Local/UnrealEngine/Common/DerivedDataCache/Buckets/FShaderJobCacheShaders/f0/df/fdfbc56f9130822c36afac80bdc40c7f0c01.udd" 5882
"C:/Users/varghesechac/AppData/Local/UnrealEngine/Common/DerivedDataCache/Buckets/FShaderJobCacheShaders/e2/31/403e8430ab8b553e4504b37361f41d7b3a61.udd" 5883
"C:/Users/varghesechac/AppData/Local/UnrealEngine/Common/DerivedDataCache/Buckets/FShaderJobCacheShaders/10/1f/8f1970690f5e67a7ccc3a73b9e882aaecc96.udd" 5884
"C:/Users/varghesechac/AppData/Local/UnrealEngine/Common/DerivedDataCache/Buckets/FShaderJobCacheShaders/50/7a/1cb1a21590e07575abd91fa49737da0bb26a.udd" 5885
"C:/Users/varghesechac/AppData/Local/UnrealEngine/Common/DerivedDataCache/Buckets/FShaderJobCacheShaders/27/01/845b2d6888656158bc09ea2d8e371211059c.udd" 5886
"C:/Users/varghesechac/AppData/Local/UnrealEngine/Common/DerivedDataCache/Buckets/FShaderJobCacheShaders/9a/8c/dc2bb9facf4db5b6649dcbd2c91f95d8ea35.udd" 5887
"C:/Users/varghesechac/AppData/Local/UnrealEngine/Common/DerivedDataCache/Buckets/FShaderJobCacheShaders/1c/24/27c264f38fcee125a2241107aff033c83297.udd" 5888
"C:/Users/varghesechac/AppData/Local/UnrealEngine/Common/DerivedDataCache/Buckets/FShaderJobCacheShaders/d8/36/3808f84c9a1677ad209aa2ebba7a225197f3.udd" 5889
"C:/Users/varghesechac/AppData/Local/UnrealEngine/Common/DerivedDataCache/Buckets/FShaderJobCacheShaders/66/c5/07b34638aef8deab0a207a96b71b508e408f.udd" 5890
"C:/Users/varghesechac/AppData/Local/UnrealEngine/Common/DerivedDataCache/Buckets/FShaderJobCacheShaders/a7/fa/5e858916f9036ab3e45a9b8c38820840aa13.udd" 5891
"C:/Users/varghesechac/AppData/Local/UnrealEngine/Common/DerivedDataCache/Buckets/FShaderJobCacheShaders/ac/db/cd6f1ab5b8600879341d9c5a431a54029fb7.udd" 5892
"C:/Users/varghesechac/AppData/Local/UnrealEngine/Common/DerivedDataCache/Buckets/FShaderJobCacheShaders/66/95/447cf0140bf0e066ea7731b34f31f2a5b2fd.udd" 5893
"C:/Users/varghesechac/AppData/Local/UnrealEngine/Common/DerivedDataCache/Buckets/FShaderJobCacheShaders/27/f9/b825841eaa333f2540cf92782751ced1a917.udd" 5894
"C:/Users/varghesechac/AppData/Local/UnrealEngine/Common/DerivedDataCache/Buckets/FShaderJobCacheShaders/75/1b/48795df734d5e5e5d661b2c27df636200abf.udd" 5895
"C:/Users/varghesechac/AppData/Local/UnrealEngine/Common/DerivedDataCache/Buckets/FShaderJobCacheShaders/57/28/3d7054bddbee504bd27048f03d4cf940ab7e.udd" 5896
"C:/Users/varghesechac/AppData/Local/UnrealEngine/Common/DerivedDataCache/Buckets/FShaderJobCacheShaders/78/cd/94278a8a008f6e6fd1f4a79fe58ee0b01fc2.udd" 5897
"C:/Users/varghesechac/AppData/Local/UnrealEngine/Common/DerivedDataCache/Buckets/FShaderJobCacheShaders/75/17/a3f978d5078a51424a4508355ca02ac0a09c.udd" 5898
"C:/Users/varghesechac/AppData/Local/UnrealEngine/Common/DerivedDataCache/Buckets/FShaderJobCacheShaders/05/d0/6e833bf58ee8ac4923da16b73693899d53c4.udd" 5899
"C:/Users/varghesechac/AppData/Local/UnrealEngine/Common/DerivedDataCache/Buckets/FShaderJobCacheShaders/a3/bb/03d5e3e8687aece7c4ed572a15387e960f9d.udd" 5900
"C:/Users/varghesechac/AppData/Local/UnrealEngine/Common/DerivedDataCache/Buckets/FShaderJobCacheShaders/db/78/d4265d858590e8ca9d4364aa6bceb23bb041.udd" 5901
"C:/Users/varghesechac/AppData/Local/UnrealEngine/Common/DerivedDataCache/Buckets/FShaderJobCacheShaders/52/ce/3e844799b42b7221a38d562086f1beb0663f.udd" 5902
"C:/Users/varghesechac/AppData/Local/UnrealEngine/Common/DerivedDataCache/Buckets/FShaderJobCacheShaders/a2/c4/c7a4076fde8fc88c41df4f34336ceac0ea20.udd" 5903
"C:/Users/varghesechac/AppData/Local/UnrealEngine/Common/DerivedDataCache/Buckets/FShaderJobCacheShaders/ea/b9/00dd6ee4456958d081adf7a93f2d701eeb9b.udd" 5904
"C:/Users/varghesechac/AppData/Local/UnrealEngine/Common/DerivedDataCache/Buckets/FShaderJobCacheShaders/8c/02/b1798dcb924125116770413f968df21d3428.udd" 5905
"C:/Users/varghesechac/AppData/Local/UnrealEngine/Common/DerivedDataCache/Buckets/FShaderJobCacheShaders/6d/b0/025c63f140fc8dd81084cde5671600c15177.udd" 5906
"C:/Users/varghesechac/AppData/Local/UnrealEngine/Common/DerivedDataCache/Buckets/FShaderJobCacheShaders/fe/28/7d1708c25de5f99fc080c7bb6c616a518006.udd" 5907
"C:/Users/varghesechac/AppData/Local/UnrealEngine/Common/DerivedDataCache/Buckets/FShaderJobCacheShaders/a6/81/7f3ac0ffaa38c36812b67f99f06648277885.udd" 5908
"C:/Users/varghesechac/AppData/Local/UnrealEngine/Common/DerivedDataCache/Buckets/FShaderJobCacheShaders/7d/96/5ebb7a513f2943d265337000ec5a642757d2.udd" 5909
"C:/Users/varghesechac/AppData/Local/UnrealEngine/Common/DerivedDataCache/Buckets/FShaderJobCacheShaders/02/5a/ebc1c499c3499292147a6beec5462d071c30.udd" 5910
"C:/Users/varghesechac/AppData/Local/UnrealEngine/Common/DerivedDataCache/Buckets/FShaderJobCacheShaders/e9/71/99f44e353b34f5e1e01d779cf1cbbf80eae1.udd" 5911
"C:/Users/varghesechac/AppData/Local/UnrealEngine/Common/DerivedDataCache/Buckets/FShaderJobCacheShaders/25/5c/55479c073d30db90c1c2356b129bc81655ae.udd" 5912
"C:/Users/varghesechac/AppData/Local/UnrealEngine/Common/DerivedDataCache/Buckets/FShaderJobCacheShaders/49/13/46d48dc9b809451b816e4fd4fdb7dc6db7bf.udd" 5913
"C:/Users/varghesechac/AppData/Local/UnrealEngine/Common/DerivedDataCache/Buckets/FShaderJobCacheShaders/b1/6a/15fbbecd3f12735a979e035d890e644abd8a.udd" 5914
"C:/Users/varghesechac/AppData/Local/UnrealEngine/Common/DerivedDataCache/Buckets/FShaderJobCacheShaders/19/34/2f15b00c79d7b3578c6e0edb9158e0d2857d.udd" 5915
"C:/Users/varghesechac/AppData/Local/UnrealEngine/Common/DerivedDataCache/Buckets/FShaderJobCacheShaders/a9/6b/62888364dbfa1f58dd21c06b5475d1e5052e.udd" 5916
"C:/Users/varghesechac/AppData/Local/UnrealEngine/Common/DerivedDataCache/Buckets/FShaderJobCacheShaders/ca/17/04889ea13a4b2f88adf6811df7545b3e3a44.udd" 5917
"C:/Users/varghesechac/AppData/Local/UnrealEngine/Common/DerivedDataCache/Buckets/FShaderJobCacheShaders/84/8d/ca7a97883bb8e72731572e55dd9297988fb3.udd" 5918
"C:/Users/varghesechac/AppData/Local/UnrealEngine/Common/DerivedDataCache/Buckets/FShaderJobCacheShaders/ec/84/9ba5fb9bcd2550cde77031fb28732109cc5d.udd" 5919
"C:/Users/varghesechac/AppData/Local/UnrealEngine/Common/DerivedDataCache/Buckets/FShaderJobCacheShaders/95/c9/bf307cd26135678721edaebcbcad1e340e66.udd" 5920
"C:/Users/varghesechac/AppData/Local/UnrealEngine/Common/DerivedDataCache/Buckets/FShaderJobCacheShaders/77/74/344527e895170aa963068cd1bccc26308640.udd" 5921
"C:/Users/varghesechac/AppData/Local/UnrealEngine/Common/DerivedDataCache/Buckets/FShaderJobCacheShaders/1f/00/605f2d8e583fdd28257b3c0735fbead1be8a.udd" 5922
"C:/Users/varghesechac/AppData/Local/UnrealEngine/Common/DerivedDataCache/Buckets/FShaderJobCacheShaders/2d/98/36b488abab2e49acc2c7f7fa33bd6e863763.udd" 5923
"C:/Users/varghesechac/AppData/Local/UnrealEngine/Common/DerivedDataCache/Buckets/FShaderJobCacheShaders/58/a2/b5c7c166872c8fd4427e201fa2d4fd8045e3.udd" 5924
"C:/Users/varghesechac/AppData/Local/UnrealEngine/Common/DerivedDataCache/Buckets/FShaderJobCacheShaders/b2/90/bd10998e19dee5ff78641a48187434abf936.udd" 5925
"C:/Users/varghesechac/AppData/Local/UnrealEngine/Common/DerivedDataCache/Buckets/FShaderJobCacheShaders/aa/ea/650bbcb7d8a53a6c0b62bea734687dbb6c11.udd" 5926
"C:/Users/varghesechac/AppData/Local/UnrealEngine/Common/DerivedDataCache/Buckets/FShaderJobCacheShaders/b4/f1/8dccff3fd7824e6bba749e16f867a6b833c5.udd" 5927
"C:/Users/varghesechac/AppData/Local/UnrealEngine/Common/DerivedDataCache/Buckets/FShaderJobCacheShaders/a3/c4/003ae556ff2439a0614a6e2b5e3575652a01.udd" 5928
"C:/Users/varghesechac/AppData/Local/UnrealEngine/Common/DerivedDataCache/Buckets/FShaderJobCacheShaders/06/9c/0510554bfc976ddbb24d6d4c31a440ac9cf0.udd" 5929
"C:/Users/varghesechac/AppData/Local/UnrealEngine/Common/DerivedDataCache/Buckets/FShaderJobCacheShaders/48/78/49d2eb568632ba6c4a62f01b367bceecf177.udd" 5930
"C:/Users/varghesechac/AppData/Local/UnrealEngine/Common/DerivedDataCache/Buckets/FShaderJobCacheShaders/9f/f6/3bbe447e3ce88f0252ac69e44cd445a65b3f.udd" 5931
"C:/Users/varghesechac/AppData/Local/UnrealEngine/Common/DerivedDataCache/Buckets/FShaderJobCacheShaders/9e/01/a1eb14be027a0dabe8472e54c435d5a1b35b.udd" 5932
"C:/Users/varghesechac/AppData/Local/UnrealEngine/Common/DerivedDataCache/Buckets/FShaderJobCacheShaders/71/49/591421ccdd757ea9ddb41153dc113023b5f7.udd" 5933
"C:/Users/varghesechac/AppData/Local/UnrealEngine/Common/DerivedDataCache/Buckets/FShaderJobCacheShaders/f8/f9/b986fea145ba71dd4262bfb8e360d6c1ce56.udd" 5934
"C:/Users/varghesechac/AppData/Local/UnrealEngine/Common/DerivedDataCache/Buckets/FShaderJobCacheShaders/71/79/1f8c25c34861ba098152b9d164004ca8aa80.udd" 5935
"C:/Users/varghesechac/AppData/Local/UnrealEngine/Common/DerivedDataCache/Buckets/FShaderJobCacheShaders/c7/c3/a63a17ec3d6562861943a5e6a66de00a8f6b.udd" 5936
"C:/Users/varghesechac/AppData/Local/UnrealEngine/Common/DerivedDataCache/Buckets/FShaderJobCacheShaders/bf/ab/69b3f8460485bb1d47a93bc6724c876d1cfe.udd" 5937
"C:/Users/varghesechac/AppData/Local/UnrealEngine/Common/DerivedDataCache/Buckets/FShaderJobCacheShaders/b9/db/75faced850b2a9418d5f01b989ca3e7ff6c3.udd" 5938
"C:/Users/varghesechac/AppData/Local/UnrealEngine/Common/DerivedDataCache/Buckets/FShaderJobCacheShaders/26/cc/81cb9e413f3f64c7ccfb17a70d5fbf475d0f.udd" 5939
"C:/Users/varghesechac/AppData/Local/UnrealEngine/Common/DerivedDataCache/Buckets/FShaderJobCacheShaders/a2/5a/5e271d5379d69205c7f4df1ebeb33f88694f.udd" 5940
"C:/Users/varghesechac/AppData/Local/UnrealEngine/Common/DerivedDataCache/Buckets/FShaderJobCacheShaders/57/1b/0a5ec30337a28c54c415f37c38dcab334edf.udd" 5941
"C:/Users/varghesechac/AppData/Local/UnrealEngine/Common/DerivedDataCache/Buckets/FShaderJobCacheShaders/47/b4/6fa2f411b14dfca86f770a5b3659f1fc1bad.udd" 5942
"C:/Users/varghesechac/AppData/Local/UnrealEngine/Common/DerivedDataCache/Buckets/FShaderJobCacheShaders/d1/08/8f09eea6475588e27cd7d543a688ea09abe4.udd" 5943
"C:/Users/varghesechac/AppData/Local/UnrealEngine/Common/DerivedDataCache/Buckets/FShaderJobCacheShaders/12/29/7622a93995b2eed420673434debead22ec06.udd" 5944
"C:/Users/varghesechac/AppData/Local/UnrealEngine/Common/DerivedDataCache/Buckets/FShaderJobCacheShaders/a7/41/52416570ff8fa1483c5d50e56aa6559a22f3.udd" 5945
"C:/Users/varghesechac/AppData/Local/UnrealEngine/Common/DerivedDataCache/Buckets/FShaderJobCacheShaders/67/c3/0bfc6a567c16af51a4f1b3703e5d3cf55a18.udd" 5946
"C:/Users/varghesechac/AppData/Local/UnrealEngine/Common/DerivedDataCache/Buckets/FShaderJobCacheShaders/9e/81/352d8c007941770c1a0f80e3e8e2882f0a19.udd" 5947
"C:/Users/varghesechac/AppData/Local/UnrealEngine/Common/DerivedDataCache/Buckets/FShaderJobCacheShaders/43/a2/dd1d4461c6117cc82bedeebff67f87ef8966.udd" 5948
"C:/Users/varghesechac/AppData/Local/UnrealEngine/Common/DerivedDataCache/Buckets/FShaderJobCacheShaders/65/53/40e44945c84a108297f1b1043523a151a71c.udd" 5949
"C:/Users/varghesechac/AppData/Local/UnrealEngine/Common/DerivedDataCache/Buckets/FShaderJobCacheShaders/8e/c2/553c704d9807c63803a7b2f0bd7f2e8ab786.udd" 5950
"C:/Users/varghesechac/AppData/Local/UnrealEngine/Common/DerivedDataCache/Buckets/FShaderJobCacheShaders/33/fc/0c736821a8bc1adb2d150405436a10bc9959.udd" 5951
"C:/Users/varghesechac/AppData/Local/UnrealEngine/Common/DerivedDataCache/Buckets/FShaderJobCacheShaders/de/56/a34390499eaae2ff49ed47ba2b10123961d9.udd" 5952
"C:/Users/varghesechac/AppData/Local/UnrealEngine/Common/DerivedDataCache/Buckets/FShaderJobCacheShaders/9f/cf/85110ff0d307ecadf72de3d0dc420cc549a6.udd" 5953
"C:/Users/varghesechac/AppData/Local/UnrealEngine/Common/DerivedDataCache/Buckets/FShaderJobCacheShaders/48/94/d7650530ca7429dd201e6447f2022dc60c0a.udd" 5954
"C:/Users/varghesechac/AppData/Local/UnrealEngine/Common/DerivedDataCache/Buckets/FShaderJobCacheShaders/10/9e/5a92fdd24715746bc39b6a995f032e737284.udd" 5955
"C:/Users/varghesechac/AppData/Local/UnrealEngine/Common/DerivedDataCache/Buckets/FShaderJobCacheShaders/f3/d9/427d1dbb0931fa5cd448e331bc0021bc9803.udd" 5956
"C:/Users/varghesechac/AppData/Local/UnrealEngine/Common/DerivedDataCache/Buckets/FShaderJobCacheShaders/e9/be/444456c4e0915f4a2ad754cea11f1e8854da.udd" 5957
"C:/Users/varghesechac/AppData/Local/UnrealEngine/Common/DerivedDataCache/Buckets/FShaderJobCacheShaders/f3/47/8c2f7903508562349c577aa00b80fbbb0c98.udd" 5958
"C:/Users/varghesechac/AppData/Local/UnrealEngine/Common/DerivedDataCache/Buckets/FShaderJobCacheShaders/74/5c/7c2044bcc2a816b861015e648cc56ec641b3.udd" 5959
"C:/Users/varghesechac/AppData/Local/UnrealEngine/Common/DerivedDataCache/Buckets/FShaderJobCacheShaders/c6/7d/7aa58701ffe7da687580b45383fbc589c3f1.udd" 5960
"C:/Users/varghesechac/AppData/Local/UnrealEngine/Common/DerivedDataCache/Buckets/FShaderJobCacheShaders/77/0a/2b9aed5ec77960c973bede8db8b64b29fde3.udd" 5961
"C:/Users/varghesechac/AppData/Local/UnrealEngine/Common/DerivedDataCache/Buckets/FShaderJobCacheShaders/f0/1d/3aca4dd4cace5c47999302d2b93aece6e15d.udd" 5962
"C:/Users/varghesechac/AppData/Local/UnrealEngine/Common/DerivedDataCache/Buckets/FShaderJobCacheShaders/29/c0/ceaf26789f7823d173bc81affb07ea26774a.udd" 5963
"C:/Users/varghesechac/AppData/Local/UnrealEngine/Common/DerivedDataCache/Buckets/FShaderJobCacheShaders/e9/4f/8cdbc4a07066b5eceab8b47b28e10e880d2e.udd" 5964
"C:/Users/varghesechac/AppData/Local/UnrealEngine/Common/DerivedDataCache/Buckets/FShaderJobCacheShaders/a9/1d/cf1a0adab3d44e06df8d7147fa49ffe8fb5c.udd" 5965
"C:/Users/varghesechac/AppData/Local/UnrealEngine/Common/DerivedDataCache/Buckets/FShaderJobCacheShaders/61/ce/e6026c490a4a569b2c6a1ced090fcefa8ef2.udd" 5966
"C:/Users/varghesechac/AppData/Local/UnrealEngine/Common/DerivedDataCache/Buckets/FShaderJobCacheShaders/e9/c2/7ccb43df3a814dc8d480c84f65407b556114.udd" 5967
"C:/Users/varghesechac/AppData/Local/UnrealEngine/Common/DerivedDataCache/Buckets/FShaderJobCacheShaders/72/b0/9917bb6df20214049a5634e8d8dfe0a4c6eb.udd" 5968
"C:/Users/varghesechac/AppData/Local/UnrealEngine/Common/DerivedDataCache/Buckets/FShaderJobCacheShaders/67/38/a1ae59fb153857c3aa8cafceb0aef32a2412.udd" 5969
"C:/Users/varghesechac/AppData/Local/UnrealEngine/Common/DerivedDataCache/Buckets/FShaderJobCacheShaders/3b/85/14c1c555dd9f90928b4db5d609191b56b834.udd" 5970
"C:/Users/varghesechac/AppData/Local/UnrealEngine/Common/DerivedDataCache/Buckets/FShaderJobCacheShaders/79/f8/9191444727509de6088a0b206d0b3391637a.udd" 5971
"C:/Users/varghesechac/AppData/Local/UnrealEngine/Common/DerivedDataCache/Buckets/FShaderJobCacheShaders/21/bd/0122cba77b29b990bfb0889c06e62b5117c6.udd" 5972
"C:/Users/varghesechac/AppData/Local/UnrealEngine/Common/DerivedDataCache/Buckets/FShaderJobCacheShaders/37/1e/6b263f5bae7e41a58816f854c69c6258c927.udd" 5973
"C:/Users/varghesechac/AppData/Local/UnrealEngine/Common/DerivedDataCache/Buckets/FShaderJobCacheShaders/bc/e1/3819ceb65b82ce8d717840c7e76585d2e881.udd" 5974
"C:/Users/varghesechac/AppData/Local/UnrealEngine/Common/DerivedDataCache/Buckets/FShaderJobCacheShaders/b4/84/b2c14b0514e9c65971b2d8869bbfb3595977.udd" 5975
"C:/Users/varghesechac/AppData/Local/UnrealEngine/Common/DerivedDataCache/Buckets/FShaderJobCacheShaders/42/fa/1b33cf430e2435cc531a0c00450f803d8ec2.udd" 5976
"C:/Users/varghesechac/AppData/Local/UnrealEngine/Common/DerivedDataCache/Buckets/FShaderJobCacheShaders/df/fd/6eef6618e5c3da95aedffd1c6a6dd99625ce.udd" 5977
"C:/Users/varghesechac/AppData/Local/UnrealEngine/Common/DerivedDataCache/Buckets/FShaderJobCacheShaders/df/15/018a980bbc6f61ea4beaabdd369801c59f1b.udd" 5978
"C:/Users/varghesechac/AppData/Local/UnrealEngine/Common/DerivedDataCache/Buckets/FShaderJobCacheShaders/9b/2d/794de59a6f4d9809fc2994e49b171ae2f633.udd" 5979
"C:/Users/varghesechac/AppData/Local/UnrealEngine/Common/DerivedDataCache/Buckets/FShaderJobCacheShaders/34/0e/543f499e38795e2209e1ff845503d2f77145.udd" 5980
"C:/Users/varghesechac/AppData/Local/UnrealEngine/Common/DerivedDataCache/Buckets/FShaderJobCacheShaders/51/be/7f2681a1d62aa56122e6c740b666b50a6272.udd" 5981
"C:/Users/varghesechac/AppData/Local/UnrealEngine/Common/DerivedDataCache/Buckets/FShaderJobCacheShaders/d6/75/77842c119257f7a68402e8799f198db1fd8c.udd" 5982
"C:/Users/varghesechac/AppData/Local/UnrealEngine/Common/DerivedDataCache/Buckets/FShaderJobCacheShaders/bd/9c/e7c493e31c405253f54bd9d1e6c6b60013ba.udd" 5983
"C:/Users/varghesechac/AppData/Local/UnrealEngine/Common/DerivedDataCache/Buckets/FShaderJobCacheShaders/62/b6/2f293ac64e0a34613d2d0255c448cea44905.udd" 5984
"C:/Users/varghesechac/AppData/Local/UnrealEngine/Common/DerivedDataCache/Buckets/FShaderJobCacheShaders/af/e6/c59323b6c90ff1783ada235284982012548d.udd" 5985
"C:/Users/varghesechac/AppData/Local/UnrealEngine/Common/DerivedDataCache/Buckets/FShaderJobCacheShaders/a2/e8/60d5600cafdb532255f85a6e2caec59b5287.udd" 5986
"C:/Users/varghesechac/AppData/Local/UnrealEngine/Common/DerivedDataCache/Buckets/FShaderJobCacheShaders/23/61/3990148fd5d508bfab18af4642c7fab7270a.udd" 5987
"C:/Users/varghesechac/AppData/Local/UnrealEngine/Common/DerivedDataCache/Buckets/FShaderJobCacheShaders/14/4d/98413b1ecfa820bbb0001da2f5bd0b2b58e8.udd" 5988
"C:/Users/varghesechac/AppData/Local/UnrealEngine/Common/DerivedDataCache/Buckets/FShaderJobCacheShaders/47/2d/a5650260aad75e9b9f2c49e762816d662868.udd" 5989
"C:/Users/varghesechac/AppData/Local/UnrealEngine/Common/DerivedDataCache/Buckets/FShaderJobCacheShaders/96/68/a3871556640114d9a93fcbfa43ccbc02919c.udd" 5990
"C:/Users/varghesechac/AppData/Local/UnrealEngine/Common/DerivedDataCache/Buckets/FShaderJobCacheShaders/e2/7d/1f48899bb56a00685a63c9081fdb4c4ed9d0.udd" 5991
"C:/Users/varghesechac/AppData/Local/UnrealEngine/Common/DerivedDataCache/Buckets/FShaderJobCacheShaders/40/9b/45b12006701e69a18895d48c5bff89bc5c40.udd" 5992
"C:/Users/varghesechac/AppData/Local/UnrealEngine/Common/DerivedDataCache/Buckets/FShaderJobCacheShaders/d2/a3/eb647371278e0d01b0f210ad5c92057da293.udd" 5993
"C:/Users/varghesechac/AppData/Local/UnrealEngine/Common/DerivedDataCache/Buckets/FShaderJobCacheShaders/4c/db/d5bcabbab3b9fb32db01d5f8916c67b61587.udd" 5994
"C:/Users/varghesechac/AppData/Local/UnrealEngine/Common/DerivedDataCache/Buckets/FShaderJobCacheShaders/7d/00/09370cdd2f465cad981fc843086f0a5ceca6.udd" 5995
"C:/Users/varghesechac/AppData/Local/UnrealEngine/Common/DerivedDataCache/Buckets/FShaderJobCacheShaders/64/d4/8157c3dde8b42ed35a4b2d1d5685ec1700fd.udd" 5996
"C:/Users/varghesechac/AppData/Local/UnrealEngine/Common/DerivedDataCache/Buckets/FShaderJobCacheShaders/83/00/9cc0f95c6abc1ccc9ae521b77a402fdcdc16.udd" 5997
"C:/Users/varghesechac/AppData/Local/UnrealEngine/Common/DerivedDataCache/Buckets/FShaderJobCacheShaders/ea/c9/102318220f32345b509b311ef7d0dfb5b3a5.udd" 5998
"C:/Users/varghesechac/AppData/Local/UnrealEngine/Common/DerivedDataCache/Buckets/FShaderJobCacheShaders/cc/92/bd27477fee650ad21891ea65ca6c84d55cb8.udd" 5999
"C:/Users/varghesechac/AppData/Local/UnrealEngine/Common/DerivedDataCache/Buckets/FShaderJobCacheShaders/9f/04/1332bfb1838bc69e80105e94eccb5d36585d.udd" 6000
"C:/Users/varghesechac/AppData/Local/UnrealEngine/Common/DerivedDataCache/Buckets/FShaderJobCacheShaders/e9/9e/6e962209cfa11a64fe96e73fe4d87e947d66.udd" 6001
"C:/Users/varghesechac/AppData/Local/UnrealEngine/Common/DerivedDataCache/Buckets/FShaderJobCacheShaders/a4/6f/f5369c7368b3f8231cf31b49d6cabf4e1ac2.udd" 6002
"C:/Users/varghesechac/AppData/Local/UnrealEngine/Common/DerivedDataCache/Buckets/FShaderJobCacheShaders/43/df/4936e73e8868d93512e9eea5c34ad01d2907.udd" 6003
"C:/Users/varghesechac/AppData/Local/UnrealEngine/Common/DerivedDataCache/Buckets/FShaderJobCacheShaders/e5/1d/0ae0ace0f719340293b3249003f986d8654a.udd" 6004
"C:/Users/varghesechac/AppData/Local/UnrealEngine/Common/DerivedDataCache/Buckets/FShaderJobCacheShaders/93/ca/c437fdbe43392481d5c4d219e7f02dee9157.udd" 6005
"C:/Users/varghesechac/AppData/Local/UnrealEngine/Common/DerivedDataCache/Buckets/FShaderJobCacheShaders/98/26/0fa07ff096de6137083d4174119d3a2b3b47.udd" 6006
"C:/Users/varghesechac/AppData/Local/UnrealEngine/Common/DerivedDataCache/Buckets/FShaderJobCacheShaders/90/d4/bdbad1c4dd53e96f72d74ce3c058f3e0c3b5.udd" 6007
"C:/Users/varghesechac/AppData/Local/UnrealEngine/Common/DerivedDataCache/Buckets/FShaderJobCacheShaders/25/22/c6a005307b4c6e10377a54384833b8c18de6.udd" 6008
"C:/Users/varghesechac/AppData/Local/UnrealEngine/Common/DerivedDataCache/Buckets/FShaderJobCacheShaders/73/e0/abcadf353fede3b929bf8614813a407e3f8b.udd" 6009
"C:/Users/varghesechac/AppData/Local/UnrealEngine/Common/DerivedDataCache/Buckets/FShaderJobCacheShaders/a9/c8/a04fd7a54367adaf3a09898bcafc837bd7b2.udd" 6010
"C:/Users/varghesechac/AppData/Local/UnrealEngine/Common/DerivedDataCache/Buckets/FShaderJobCacheShaders/4d/0c/4606b4f293d059b790c86c877775f8f66dd3.udd" 6011
"C:/Users/varghesechac/AppData/Local/UnrealEngine/Common/DerivedDataCache/Buckets/FShaderJobCacheShaders/85/85/e73c98aa88957fcc5c2c06c8692b8049379e.udd" 6012
"C:/Users/varghesechac/AppData/Local/UnrealEngine/Common/DerivedDataCache/Buckets/FShaderJobCacheShaders/c3/78/14f340d1a88edf668a7e931538fd0fb15447.udd" 6013
"C:/Users/varghesechac/AppData/Local/UnrealEngine/Common/DerivedDataCache/Buckets/FShaderJobCacheShaders/dd/b4/4f4ed7085038dfa96ede580dfa38e50d9cb9.udd" 6014
"C:/Users/varghesechac/AppData/Local/UnrealEngine/Common/DerivedDataCache/Buckets/FShaderJobCacheShaders/b0/37/5d0307116919ee790f2824aa27eaad55d4ac.udd" 6015
"C:/Users/varghesechac/AppData/Local/UnrealEngine/Common/DerivedDataCache/Buckets/FShaderJobCacheShaders/0b/02/f5e6ddf13c92de56d7fa69569d67c9cbbb2c.udd" 6016
"C:/Users/varghesechac/AppData/Local/UnrealEngine/Common/DerivedDataCache/Buckets/FShaderJobCacheShaders/8d/65/f5383d65b9aa18b7c1822788e76e256b3368.udd" 6017
"C:/Users/varghesechac/AppData/Local/UnrealEngine/Common/DerivedDataCache/Buckets/FShaderJobCacheShaders/45/c2/da0b302641c53de6db16e7d696460a9630c1.udd" 6018
"C:/Users/varghesechac/AppData/Local/UnrealEngine/Common/DerivedDataCache/Buckets/FShaderJobCacheShaders/6c/63/4eb587f26d33d5ea8a54c0561c20a6d33563.udd" 6019
"C:/Users/varghesechac/AppData/Local/UnrealEngine/Common/DerivedDataCache/Buckets/FShaderJobCacheShaders/93/1d/dcfcdbe052319f28bd92bcd2c9e37af333e0.udd" 6020
"C:/Users/varghesechac/AppData/Local/UnrealEngine/Common/DerivedDataCache/Buckets/FShaderJobCacheShaders/24/9c/efd2991ad137d7dd0022975d66be75ec3a4d.udd" 6021
"C:/Users/varghesechac/AppData/Local/UnrealEngine/Common/DerivedDataCache/Buckets/FShaderJobCacheShaders/e4/0c/57cba8ff133496a7d02d40d9715feb8b4cfa.udd" 6022
"C:/Users/varghesechac/AppData/Local/UnrealEngine/Common/DerivedDataCache/Buckets/FShaderJobCacheShaders/94/76/6fc1ae995eb9eeae8ffe99eaac46c92a74bb.udd" 6023
"C:/Users/varghesechac/AppData/Local/UnrealEngine/Common/DerivedDataCache/Buckets/FShaderJobCacheShaders/cd/5b/da3f89413f4b2a775bbe56093edd6396c4dc.udd" 6024
"C:/Users/varghesechac/AppData/Local/UnrealEngine/Common/DerivedDataCache/Buckets/FShaderJobCacheShaders/99/09/67043895d20ec539aee747816efd189a894a.udd" 6025
"C:/Users/varghesechac/AppData/Local/UnrealEngine/Common/DerivedDataCache/Buckets/FShaderJobCacheShaders/c5/0f/14632ec7fde52b5486a8de19910c39747982.udd" 6026
"C:/Users/varghesechac/AppData/Local/UnrealEngine/Common/DerivedDataCache/Buckets/FShaderJobCacheShaders/03/cd/86e596368bc8afec561d098f5e5f39221be4.udd" 6027
"C:/Users/varghesechac/AppData/Local/UnrealEngine/Common/DerivedDataCache/Buckets/FShaderJobCacheShaders/2c/95/2468f4b6ad4e9d3f2718d2d5d8175dcfc963.udd" 6028
"C:/Users/varghesechac/AppData/Local/UnrealEngine/Common/DerivedDataCache/Buckets/FShaderJobCacheShaders/34/73/c757fd95f0a701b7324bfac3309078a82863.udd" 6029
"C:/Users/varghesechac/AppData/Local/UnrealEngine/Common/DerivedDataCache/Buckets/FShaderJobCacheShaders/28/64/ff680c6a2867d5ad662987bf4cde46762375.udd" 6030
"C:/Users/varghesechac/AppData/Local/UnrealEngine/Common/DerivedDataCache/Buckets/FShaderJobCacheShaders/ca/22/1879a108bfb92a7bd1a083605ad65f00511d.udd" 6031
"C:/Users/varghesechac/AppData/Local/UnrealEngine/Common/DerivedDataCache/Buckets/FShaderJobCacheShaders/62/cb/4406944386ff00be8898633d82ef8bc5919d.udd" 6032
"C:/Users/varghesechac/AppData/Local/UnrealEngine/Common/DerivedDataCache/Buckets/FShaderJobCacheShaders/e6/a0/56ad1a8682a6685849b6a7ae9283a2227724.udd" 6033
"C:/Users/varghesechac/AppData/Local/UnrealEngine/Common/DerivedDataCache/Buckets/FShaderJobCacheShaders/61/38/3678479a08b11fab57b775cacc14b05a0e4b.udd" 6034
"C:/Users/varghesechac/AppData/Local/UnrealEngine/Common/DerivedDataCache/Buckets/FShaderJobCacheShaders/af/63/5324a14c0bd99420c7e654fcddf88765f33a.udd" 6035
"C:/Users/varghesechac/AppData/Local/UnrealEngine/Common/DerivedDataCache/Buckets/FShaderJobCacheShaders/f4/37/24fc20387d7d97d41bf0926a492111bbb6df.udd" 6036
"C:/Users/varghesechac/AppData/Local/UnrealEngine/Common/DerivedDataCache/Buckets/FShaderJobCacheShaders/0b/e8/cdd9cc825c7a2a1f4becf21c3e65c2b2bc7f.udd" 6037
"C:/Users/varghesechac/AppData/Local/UnrealEngine/Common/DerivedDataCache/Buckets/FShaderJobCacheShaders/a8/c5/e82f7cddecb51f5872f6dc02e6b79af164e5.udd" 6038
"C:/Users/varghesechac/AppData/Local/UnrealEngine/Common/DerivedDataCache/Buckets/FShaderJobCacheShaders/56/ce/a8afc669b9c38f6e4c161a35faa741c7b3c2.udd" 6039
"C:/Users/varghesechac/AppData/Local/UnrealEngine/Common/DerivedDataCache/Buckets/FShaderJobCacheShaders/31/37/211b115a8c3c26c2b9231185174e7086d412.udd" 6040
"C:/Users/varghesechac/AppData/Local/UnrealEngine/Common/DerivedDataCache/Buckets/FShaderJobCacheShaders/4b/15/39b97e9da2123d2514b6e016b0402bbff8b3.udd" 6041
"C:/Users/varghesechac/AppData/Local/UnrealEngine/Common/DerivedDataCache/Buckets/FShaderJobCacheShaders/6d/9f/5e55283d0f6d81985591d191a7e8ebc1a73c.udd" 6042
"C:/Users/varghesechac/AppData/Local/UnrealEngine/Common/DerivedDataCache/Buckets/FShaderJobCacheShaders/5c/34/8f20136725bdb5b90bf1513b400ef2385b03.udd" 6043
"C:/Users/varghesechac/AppData/Local/UnrealEngine/Common/DerivedDataCache/Buckets/FShaderJobCacheShaders/51/bd/e35baf6e820fdee962783ae5fb962cdec415.udd" 6044
"C:/Users/varghesechac/AppData/Local/UnrealEngine/Common/DerivedDataCache/Buckets/FShaderJobCacheShaders/2d/cd/09f638cbf16e47accbf4b6436adf4cd293d7.udd" 6045
"C:/Users/varghesechac/AppData/Local/UnrealEngine/Common/DerivedDataCache/Buckets/FShaderJobCacheShaders/c1/68/d8fe938911c452893caf0a20e28877356a6a.udd" 6046
"C:/Users/varghesechac/AppData/Local/UnrealEngine/Common/DerivedDataCache/Buckets/FShaderJobCacheShaders/ae/c7/4dc03f453658c995136bf627e756d4effc15.udd" 6047
"C:/Users/varghesechac/AppData/Local/UnrealEngine/Common/DerivedDataCache/Buckets/FShaderJobCacheShaders/73/5b/443704055ec6d9d88ffd746302e3c5815b17.udd" 6048
"C:/Users/varghesechac/AppData/Local/UnrealEngine/Common/DerivedDataCache/Buckets/FShaderJobCacheShaders/59/e0/32a3a93116af41cba5cfb057480b42a254d4.udd" 6049
"C:/Users/varghesechac/AppData/Local/UnrealEngine/Common/DerivedDataCache/Buckets/FShaderJobCacheShaders/4a/04/e313703f9a5569fc2c9937802e5eba3bdb0f.udd" 6050
"C:/Users/varghesechac/AppData/Local/UnrealEngine/Common/DerivedDataCache/Buckets/FShaderJobCacheShaders/bc/22/49d23776d44707681c62ff5f7098facc9159.udd" 6051
"C:/Users/varghesechac/AppData/Local/UnrealEngine/Common/DerivedDataCache/Buckets/FShaderJobCacheShaders/0b/8a/59cd6e8a947f4765262afc438ac82c042611.udd" 6052
"C:/Users/varghesechac/AppData/Local/UnrealEngine/Common/DerivedDataCache/Buckets/FShaderJobCacheShaders/d1/a9/8c505d5c5c3e2fd0b1ec87c63bf82eae8fa2.udd" 6053
"C:/Users/varghesechac/AppData/Local/UnrealEngine/Common/DerivedDataCache/Buckets/FShaderJobCacheShaders/05/d7/f28f94d71c31cf950a4ab541d1b8cde5798f.udd" 6054
"C:/Users/varghesechac/AppData/Local/UnrealEngine/Common/DerivedDataCache/Buckets/FShaderJobCacheShaders/47/9d/e958728719a67bf80123ead23859c4c87e4a.udd" 6055
"C:/Users/varghesechac/AppData/Local/UnrealEngine/Common/DerivedDataCache/Buckets/FShaderJobCacheShaders/49/9f/b2b6dae61102c5b057205e71f6e1b8548bf1.udd" 6056
"C:/Users/varghesechac/AppData/Local/UnrealEngine/Common/DerivedDataCache/Buckets/FShaderJobCacheShaders/6b/ee/6fd23766f96c5b8eca3df31401efd3ca77c8.udd" 6057
"C:/Users/varghesechac/AppData/Local/UnrealEngine/Common/DerivedDataCache/Buckets/FShaderJobCacheShaders/e5/40/07b4862b34ebbfe93622675535c92ea7d2cb.udd" 6058
"C:/Users/varghesechac/AppData/Local/UnrealEngine/Common/DerivedDataCache/Buckets/FShaderJobCacheShaders/86/e2/7678ccfa498fa3dbf9bf0603ce02d1a1d631.udd" 6059
"C:/Users/varghesechac/AppData/Local/UnrealEngine/Common/DerivedDataCache/Buckets/FShaderJobCacheShaders/64/eb/ab623063ff2bb17fbbe5152f1b69b372adcb.udd" 6060
"C:/Users/varghesechac/AppData/Local/UnrealEngine/Common/DerivedDataCache/Buckets/FShaderJobCacheShaders/47/19/8092109b3eda67a0f30305599b3340b6b3d6.udd" 6061
"C:/Users/varghesechac/AppData/Local/UnrealEngine/Common/DerivedDataCache/Buckets/FShaderJobCacheShaders/c6/52/474d9f42fb6f65a0b40607d1d870c0390cdc.udd" 6062
"C:/Users/varghesechac/AppData/Local/UnrealEngine/Common/DerivedDataCache/Buckets/FShaderJobCacheShaders/80/01/bfb69abf6ff6433b0f4dd72ded0cc68f2ee2.udd" 6063
"C:/Users/varghesechac/AppData/Local/UnrealEngine/Common/DerivedDataCache/Buckets/FShaderJobCacheShaders/f7/91/40b379914790d428e065278259b5fce9057f.udd" 6064
"C:/Users/varghesechac/AppData/Local/UnrealEngine/Common/DerivedDataCache/Buckets/FShaderJobCacheShaders/48/4a/a88ab095587f4af0fdafd1ae0f0ca0cd0fe2.udd" 6065
"C:/Users/varghesechac/AppData/Local/UnrealEngine/Common/DerivedDataCache/Buckets/FShaderJobCacheShaders/08/11/43c1d11cfec84f6f4d1eba5f5d9c1ed32feb.udd" 6066
"C:/Users/varghesechac/AppData/Local/UnrealEngine/Common/DerivedDataCache/Buckets/FShaderJobCacheShaders/ca/c3/ccdb256f4b18b29da4863dd25cd6718025e8.udd" 6067
"C:/Users/varghesechac/AppData/Local/UnrealEngine/Common/DerivedDataCache/Buckets/FShaderJobCacheShaders/21/48/e28180ee30c9dc22c3928147745820763979.udd" 6068
"C:/Users/varghesechac/AppData/Local/UnrealEngine/Common/DerivedDataCache/Buckets/FShaderJobCacheShaders/7e/1f/9e72b86ea7c34fb6e57f20b8035576c8923e.udd" 6069
"C:/Users/varghesechac/AppData/Local/UnrealEngine/Common/DerivedDataCache/Buckets/FShaderJobCacheShaders/79/b4/9b0f4a07737b394968d8c525b8671fdbd0c6.udd" 6070
"C:/Users/varghesechac/AppData/Local/UnrealEngine/Common/DerivedDataCache/Buckets/FShaderJobCacheShaders/b3/93/f69a5cbe56d6080adf73f871620190ca4677.udd" 6071
"C:/Users/varghesechac/AppData/Local/UnrealEngine/Common/DerivedDataCache/Buckets/FShaderJobCacheShaders/08/a4/c3d7e301d30e3d6708a0665cfa81bec72a26.udd" 6072
"C:/Users/varghesechac/AppData/Local/UnrealEngine/Common/DerivedDataCache/Buckets/FShaderJobCacheShaders/5b/55/d05c761c33949d63025f24a185e3dea22b63.udd" 6073
"C:/Users/varghesechac/AppData/Local/UnrealEngine/Common/DerivedDataCache/Buckets/FShaderJobCacheShaders/fd/25/6d8c66c0a46ea4b6dc8d60792865a28a30e5.udd" 6074
"C:/Users/varghesechac/AppData/Local/UnrealEngine/Common/DerivedDataCache/Buckets/FShaderJobCacheShaders/77/d4/62daf84570d6089475417a2e8acfd0b6c9b4.udd" 6075
"C:/Users/varghesechac/AppData/Local/UnrealEngine/Common/DerivedDataCache/Buckets/FShaderJobCacheShaders/a5/7e/9a12cc27de89fbd00b09d6d671c1bfafa468.udd" 6076
"C:/Users/varghesechac/AppData/Local/UnrealEngine/Common/DerivedDataCache/Buckets/FShaderJobCacheShaders/13/30/f66608c8d8659c13950888b9e3c3df445f10.udd" 6077
"C:/Users/varghesechac/AppData/Local/UnrealEngine/Common/DerivedDataCache/Buckets/FShaderJobCacheShaders/6f/4f/b96cf156359b98bac9f515d2511bb467e600.udd" 6078
"C:/Users/varghesechac/AppData/Local/UnrealEngine/Common/DerivedDataCache/Buckets/FShaderJobCacheShaders/ed/e7/cb87a39bc783241ac29381c6cd6430f0cd5a.udd" 6079
"C:/Users/varghesechac/AppData/Local/UnrealEngine/Common/DerivedDataCache/Buckets/FShaderJobCacheShaders/bd/ae/eb4c74f884c6022cd98951543953f396dcc7.udd" 6080
"C:/Users/varghesechac/AppData/Local/UnrealEngine/Common/DerivedDataCache/Buckets/FShaderJobCacheShaders/ed/51/0f1b70faa114b205d4c5f1e46524f74be605.udd" 6081
"C:/Users/varghesechac/AppData/Local/UnrealEngine/Common/DerivedDataCache/Buckets/FShaderJobCacheShaders/54/ac/b417b3068a4588ff08c0544a0adeee59f8a1.udd" 6082
"C:/Users/varghesechac/AppData/Local/UnrealEngine/Common/DerivedDataCache/Buckets/FShaderJobCacheShaders/a5/10/02236417853ac16ecd05c1710c755de0bda2.udd" 6083
"C:/Users/varghesechac/AppData/Local/UnrealEngine/Common/DerivedDataCache/Buckets/FShaderJobCacheShaders/d9/7d/79ecfb7d0a90e4884a17f09b5bf2eefd18ac.udd" 6084
"C:/Users/varghesechac/AppData/Local/UnrealEngine/Common/DerivedDataCache/Buckets/FShaderJobCacheShaders/23/d7/76cd601baa7943fa501d223d83bd9ef01459.udd" 6085
"C:/Users/varghesechac/AppData/Local/UnrealEngine/Common/DerivedDataCache/Buckets/FShaderJobCacheShaders/02/90/676eb71d2a5019ba75108d685d2ff41104a4.udd" 6086
"C:/Users/varghesechac/AppData/Local/UnrealEngine/Common/DerivedDataCache/Buckets/FShaderJobCacheShaders/d9/e3/b982f403be38f9e281a48bb756e294d6f69a.udd" 6087
"C:/Users/varghesechac/AppData/Local/UnrealEngine/Common/DerivedDataCache/Buckets/FShaderJobCacheShaders/01/3d/b63557c194623e36fd2a0953b945eda24ae0.udd" 6088
"C:/Users/varghesechac/AppData/Local/UnrealEngine/Common/DerivedDataCache/Buckets/FShaderJobCacheShaders/23/80/56f541095b795162e863152c7e73a81135a5.udd" 6089
"C:/Users/varghesechac/AppData/Local/UnrealEngine/Common/DerivedDataCache/Buckets/FShaderJobCacheShaders/f4/bb/1045d839dc2b36771fc0b48b7eb05786cc89.udd" 6090
"C:/Users/varghesechac/AppData/Local/UnrealEngine/Common/DerivedDataCache/Buckets/FShaderJobCacheShaders/4a/3c/757bfe8faaddf1500b0c37fb627be13665f5.udd" 6091
"C:/Users/varghesechac/AppData/Local/UnrealEngine/Common/DerivedDataCache/Buckets/FShaderJobCacheShaders/5e/43/867aee531a9a17355b514cf41bbcc7c5eb5d.udd" 6092
"C:/Users/varghesechac/AppData/Local/UnrealEngine/Common/DerivedDataCache/Buckets/FShaderJobCacheShaders/db/ae/2ff615dd676d0155c2171a863cc1db394834.udd" 6093
"C:/Users/varghesechac/AppData/Local/UnrealEngine/Common/DerivedDataCache/Buckets/FShaderJobCacheShaders/8a/53/682e32a2eb8c0343a82603a556ce70fe5bc8.udd" 6094
"C:/Users/varghesechac/AppData/Local/UnrealEngine/Common/DerivedDataCache/Buckets/FShaderJobCacheShaders/c6/d6/6d80086cb64765fc851a70926b4d852e0efa.udd" 6095
"C:/Users/varghesechac/AppData/Local/UnrealEngine/Common/DerivedDataCache/Buckets/FShaderJobCacheShaders/8a/e8/3c8f40d76cf085949af2cee248560d64b4b6.udd" 6096
"C:/Users/varghesechac/AppData/Local/UnrealEngine/Common/DerivedDataCache/Buckets/FShaderJobCacheShaders/19/a8/b2031906063e23c06f673a615efd778bafc5.udd" 6097
"C:/Users/varghesechac/AppData/Local/UnrealEngine/Common/DerivedDataCache/Buckets/FShaderJobCacheShaders/40/79/d4710f3cd0aa02f922602f4b8391a5e83b3b.udd" 6098
"C:/Users/varghesechac/AppData/Local/UnrealEngine/Common/DerivedDataCache/Buckets/FShaderJobCacheShaders/1d/7a/6d531ecfbdf1993a131fb10dc89abee11de9.udd" 6099
"C:/Users/varghesechac/AppData/Local/UnrealEngine/Common/DerivedDataCache/Buckets/FShaderJobCacheShaders/3d/26/a4b3eb17ca3ba891be6a01f747f8552a426c.udd" 6100
"C:/Users/varghesechac/AppData/Local/UnrealEngine/Common/DerivedDataCache/Buckets/FShaderJobCacheShaders/96/c6/287ccded9e63d90b6305684eab779400f1a7.udd" 6101
"C:/Users/varghesechac/AppData/Local/UnrealEngine/Common/DerivedDataCache/Buckets/FShaderJobCacheShaders/f1/a6/3db44ac54d3f9d37778843429de21810b2a1.udd" 6102
"C:/Users/varghesechac/AppData/Local/UnrealEngine/Common/DerivedDataCache/Buckets/FShaderJobCacheShaders/80/b3/b36a4914ff05e991c121073f56661a487d1d.udd" 6103
"C:/Users/varghesechac/AppData/Local/UnrealEngine/Common/DerivedDataCache/Buckets/FShaderJobCacheShaders/eb/8e/2981876dd27961802b1206db675ce31829b0.udd" 6104
"C:/Users/varghesechac/AppData/Local/UnrealEngine/Common/DerivedDataCache/Buckets/FShaderJobCacheShaders/8e/74/878f54a289e81998359b1ccf30184ec7e87e.udd" 6105
"C:/Users/varghesechac/AppData/Local/UnrealEngine/Common/DerivedDataCache/Buckets/FShaderJobCacheShaders/78/87/ef8f7cf9409b9910d46e534fd242859b42db.udd" 6106
"C:/Users/varghesechac/AppData/Local/UnrealEngine/Common/DerivedDataCache/Buckets/FShaderJobCacheShaders/0b/26/6ad8fee47257ddc4a1f86243222c6947a123.udd" 6107
"C:/Users/varghesechac/AppData/Local/UnrealEngine/Common/DerivedDataCache/Buckets/FShaderJobCacheShaders/82/36/bf4024667ecd8825b9b78d14645dc0ba92be.udd" 6108
"C:/Users/varghesechac/AppData/Local/UnrealEngine/Common/DerivedDataCache/Buckets/FShaderJobCacheShaders/38/73/942f38cbf4afbde5ab2e8b5fe613a5c69c30.udd" 6109
"C:/Users/varghesechac/AppData/Local/UnrealEngine/Common/DerivedDataCache/Buckets/FShaderJobCacheShaders/43/6a/b3d42a83bc6deb16a590b29476a13ee06081.udd" 6110
"C:/Users/varghesechac/AppData/Local/UnrealEngine/Common/DerivedDataCache/Buckets/FShaderJobCacheShaders/f2/13/308e9ae7085cd7ed877842543802991b0be6.udd" 6111
"C:/Users/varghesechac/AppData/Local/UnrealEngine/Common/DerivedDataCache/Buckets/FShaderJobCacheShaders/26/d5/74e685a5ec0674e4b55e358bce146205c2da.udd" 6112
"C:/Users/varghesechac/AppData/Local/UnrealEngine/Common/DerivedDataCache/Buckets/FShaderJobCacheShaders/3f/a4/dea13faef3ff8718a9029d87a08128f9c3ed.udd" 6113
"C:/Users/varghesechac/AppData/Local/UnrealEngine/Common/DerivedDataCache/Buckets/FShaderJobCacheShaders/cb/99/a8e20ced129268dc52236ef881469e9a2d71.udd" 6114
"C:/Users/varghesechac/AppData/Local/UnrealEngine/Common/DerivedDataCache/Buckets/FShaderJobCacheShaders/bf/36/774da6cb5670fac934c31b4487d1aef726c6.udd" 6115
"C:/Users/varghesechac/AppData/Local/UnrealEngine/Common/DerivedDataCache/Buckets/FShaderJobCacheShaders/97/1c/921afb47c36f2428065a6863d660d74decc5.udd" 6116
"C:/Users/varghesechac/AppData/Local/UnrealEngine/Common/DerivedDataCache/Buckets/FShaderJobCacheShaders/cd/7c/f5c6441ec0c5a643c3251b245896af33b83b.udd" 6117
"C:/Users/varghesechac/AppData/Local/UnrealEngine/Common/DerivedDataCache/Buckets/FShaderJobCacheShaders/56/ab/896ebdf76dcad7a12f7957eb280946aae4e7.udd" 6118
"C:/Users/varghesechac/AppData/Local/UnrealEngine/Common/DerivedDataCache/Buckets/FShaderJobCacheShaders/df/40/140949ad0c66e6febe11a65751a67fbd3af2.udd" 6119
"C:/Users/varghesechac/AppData/Local/UnrealEngine/Common/DerivedDataCache/Buckets/FShaderJobCacheShaders/c3/77/8e2ba6840d8e642de4abbca506ad633785fc.udd" 6120
"C:/Users/varghesechac/AppData/Local/UnrealEngine/Common/DerivedDataCache/Buckets/FShaderJobCacheShaders/53/a3/756ef4800581a79c3fd015df21407271eccc.udd" 6121
"C:/Users/varghesechac/AppData/Local/UnrealEngine/Common/DerivedDataCache/Buckets/FShaderJobCacheShaders/97/60/23e7256fdda0177680f815f767ad6a1636bb.udd" 6122
"C:/Users/varghesechac/AppData/Local/UnrealEngine/Common/DerivedDataCache/Buckets/FShaderJobCacheShaders/d8/d2/2a4b00d23368b9b392de0f4b6899419cf264.udd" 6123
"C:/Users/varghesechac/AppData/Local/UnrealEngine/Common/DerivedDataCache/Buckets/FShaderJobCacheShaders/d0/a8/43a1f4e4389bec509ea830858f782c20cea8.udd" 6124
"C:/Users/varghesechac/AppData/Local/UnrealEngine/Common/DerivedDataCache/Buckets/FShaderJobCacheShaders/ea/d1/fc4cbe944f3082bae1ddf21da1c3879be1e9.udd" 6125
"C:/Users/varghesechac/AppData/Local/UnrealEngine/Common/DerivedDataCache/Buckets/FShaderJobCacheShaders/d7/e9/3a35ec049b8d98aa7284d165e19a5a0d9ba4.udd" 6126
"C:/Users/varghesechac/AppData/Local/UnrealEngine/Common/DerivedDataCache/Buckets/FShaderJobCacheShaders/0b/1d/6b1ba36fbcb9c02f9fafa4f94ed28a39c335.udd" 6127
"C:/Users/varghesechac/AppData/Local/UnrealEngine/Common/DerivedDataCache/Buckets/FShaderJobCacheShaders/dd/1e/dfa1ca346d481fcaaebe9ca4dce628939c85.udd" 6128
"C:/Users/varghesechac/AppData/Local/UnrealEngine/Common/DerivedDataCache/Buckets/FShaderJobCacheShaders/63/72/d01e9ccb2ca20c1aff828279aab56b18dd1f.udd" 6129
"C:/Users/varghesechac/AppData/Local/UnrealEngine/Common/DerivedDataCache/Buckets/FShaderJobCacheShaders/a1/49/5f9633e193c73a080ef97e04f02a710f6b7d.udd" 6130
"C:/Users/varghesechac/AppData/Local/UnrealEngine/Common/DerivedDataCache/Buckets/FShaderJobCacheShaders/b4/a4/b82a3ab992b0a6c32ce3f9c7298bb0bbcc5e.udd" 6131
"C:/Users/varghesechac/AppData/Local/UnrealEngine/Common/DerivedDataCache/Buckets/FShaderJobCacheShaders/40/5c/de69098132ba7e5d36bf82f85ebcbfcd9826.udd" 6132
"C:/Users/varghesechac/AppData/Local/UnrealEngine/Common/DerivedDataCache/Buckets/FShaderJobCacheShaders/84/70/6b18c9580654f0a787a8d738c8bf53627c58.udd" 6133
"C:/Users/varghesechac/AppData/Local/UnrealEngine/Common/DerivedDataCache/Buckets/FShaderJobCacheShaders/f5/34/d63ca778328d7856a08dd5c69967a2bcf366.udd" 6134
"C:/Users/varghesechac/AppData/Local/UnrealEngine/Common/DerivedDataCache/Buckets/FShaderJobCacheShaders/26/53/640ddd2586c0e5b24e49feaed25df52bfbbb.udd" 6135
"C:/Users/varghesechac/AppData/Local/UnrealEngine/Common/DerivedDataCache/Buckets/FShaderJobCacheShaders/2b/6b/40309f2c9098ecb59363a9543a3cb963dcfa.udd" 6136
"C:/Users/varghesechac/AppData/Local/UnrealEngine/Common/DerivedDataCache/Buckets/FShaderJobCacheShaders/61/d5/f2744fa5026ee4ee8ae4234355fd45e2bde2.udd" 6137
"C:/Users/varghesechac/AppData/Local/UnrealEngine/Common/DerivedDataCache/Buckets/FShaderJobCacheShaders/c9/10/62db9624f94d6611a77d059d2da834bfb0b9.udd" 6138
"C:/Users/varghesechac/AppData/Local/UnrealEngine/Common/DerivedDataCache/Buckets/FShaderJobCacheShaders/b6/d1/1e752b9b9b03b70848f83d373ebe146d0a97.udd" 6139
"C:/Users/varghesechac/AppData/Local/UnrealEngine/Common/DerivedDataCache/Buckets/FShaderJobCacheShaders/9d/54/ebdb8913469e6f854d28747312c1e88bc164.udd" 6140
"C:/Users/varghesechac/AppData/Local/UnrealEngine/Common/DerivedDataCache/Buckets/FShaderJobCacheShaders/f4/d2/946f0ffcd7cf098a61f4c05e240bbd929ab1.udd" 6141
"C:/Users/varghesechac/AppData/Local/UnrealEngine/Common/DerivedDataCache/Buckets/FShaderJobCacheShaders/12/a0/df6282de740ff2214ae1f5adf90da1a83d38.udd" 6142
"C:/Users/varghesechac/AppData/Local/UnrealEngine/Common/DerivedDataCache/Buckets/FShaderJobCacheShaders/91/f6/5ede200965987ccbf526871cc682116b2522.udd" 6143
"C:/Users/varghesechac/AppData/Local/UnrealEngine/Common/DerivedDataCache/Buckets/FShaderJobCacheShaders/43/e7/66d055652f21381b7497caecd517b80b88e3.udd" 6144
"C:/Users/varghesechac/AppData/Local/UnrealEngine/Common/DerivedDataCache/Buckets/FShaderJobCacheShaders/94/cb/b89573ffbbf48c8d2ed25fa034aa1711e496.udd" 6145
"C:/Users/varghesechac/AppData/Local/UnrealEngine/Common/DerivedDataCache/Buckets/FShaderJobCacheShaders/3e/03/f7bc39f7722d618d8e8237526a7edca94fd6.udd" 6146
"C:/Users/varghesechac/AppData/Local/UnrealEngine/Common/DerivedDataCache/Buckets/FShaderJobCacheShaders/61/df/9254aafa6fc5cc3141ca33f82ceea834372a.udd" 6147
"C:/Users/varghesechac/AppData/Local/UnrealEngine/Common/DerivedDataCache/Buckets/FShaderJobCacheShaders/14/ae/57c5b12acf3b63f3c9fe157c7750aa3b3213.udd" 6148
"C:/Users/varghesechac/AppData/Local/UnrealEngine/Common/DerivedDataCache/Buckets/FShaderJobCacheShaders/d3/18/8d6202e42eedf1192116080b714a20a87f89.udd" 6149
"C:/Users/varghesechac/AppData/Local/UnrealEngine/Common/DerivedDataCache/Buckets/FShaderJobCacheShaders/28/1a/ea3f23c3b2edb3b0f89613e90b6826327077.udd" 6150
"C:/Users/varghesechac/AppData/Local/UnrealEngine/Common/DerivedDataCache/Buckets/FShaderJobCacheShaders/65/8e/01770a9ed6e5adba09bb2aea34b337dd345f.udd" 6151
"C:/Users/varghesechac/AppData/Local/UnrealEngine/Common/DerivedDataCache/Buckets/FShaderJobCacheShaders/4d/7b/667f36ac282906dcf2153d3e1412ae419faa.udd" 6152
"C:/Users/varghesechac/AppData/Local/UnrealEngine/Common/DerivedDataCache/Buckets/FShaderJobCacheShaders/90/fa/a6a4adcda0b1efe3d16f1c91e63cf4b845e9.udd" 6153
"C:/Users/varghesechac/AppData/Local/UnrealEngine/Common/DerivedDataCache/Buckets/FShaderJobCacheShaders/5b/c7/75cd66e35d57d06c52d122afb437ff3c16ff.udd" 6154
"C:/Users/varghesechac/AppData/Local/UnrealEngine/Common/DerivedDataCache/Buckets/FShaderJobCacheShaders/7c/39/e503bf29c08d36a6c5b7e2e0b64bae8ec11a.udd" 6155
"C:/Users/varghesechac/AppData/Local/UnrealEngine/Common/DerivedDataCache/Buckets/FShaderJobCacheShaders/db/98/d09837df5739c1e9ca90e59b906b84011839.udd" 6156
"C:/Users/varghesechac/AppData/Local/UnrealEngine/Common/DerivedDataCache/Buckets/FShaderJobCacheShaders/18/cc/3e188524d2f5a2b3e9541bb7a7d99897483f.udd" 6157
"C:/Users/varghesechac/AppData/Local/UnrealEngine/Common/DerivedDataCache/Buckets/FShaderJobCacheShaders/31/01/b8c0eb56f60e461584307994962bba8bd902.udd" 6158
"C:/Users/varghesechac/AppData/Local/UnrealEngine/Common/DerivedDataCache/Buckets/FShaderJobCacheShaders/ee/d9/c75a8b87a2ebdf71f9c09ec1e6cb7c44d7ec.udd" 6159
"C:/Users/varghesechac/AppData/Local/UnrealEngine/Common/DerivedDataCache/Buckets/FShaderJobCacheShaders/21/fa/66f3406c380ab5e901d60466a1478cbcb723.udd" 6160
"C:/Users/varghesechac/AppData/Local/UnrealEngine/Common/DerivedDataCache/Buckets/FShaderJobCacheShaders/79/a0/a69f87e53b290a34e79196cabd210adfe968.udd" 6161
"C:/Users/varghesechac/AppData/Local/UnrealEngine/Common/DerivedDataCache/Buckets/FShaderJobCacheShaders/2f/88/8768bdbdc35f180f2537b27de2563b668e3b.udd" 6162
"C:/Users/varghesechac/AppData/Local/UnrealEngine/Common/DerivedDataCache/Buckets/FShaderJobCacheShaders/04/28/8c9edd7284ec63c0c9c2f7f56c21dbe367c9.udd" 6163
"C:/Users/varghesechac/AppData/Local/UnrealEngine/Common/DerivedDataCache/Buckets/FShaderJobCacheShaders/a9/bc/d25534a03d69db9d009d1c5256aa0f662e08.udd" 6164
"C:/Users/varghesechac/AppData/Local/UnrealEngine/Common/DerivedDataCache/Buckets/FShaderJobCacheShaders/3b/c8/3c26e0deb0272effebdad916f3d5ec517a1f.udd" 6165
"C:/Users/varghesechac/AppData/Local/UnrealEngine/Common/DerivedDataCache/Buckets/FShaderJobCacheShaders/8f/86/6cee5fda83859ea3152dc3468ecb69dd2955.udd" 6166
"C:/Users/varghesechac/AppData/Local/UnrealEngine/Common/DerivedDataCache/Buckets/FShaderJobCacheShaders/d7/53/515b004acc1ac93902e6fa1d9c4c0c8dd69c.udd" 6167
"C:/Users/varghesechac/AppData/Local/UnrealEngine/Common/DerivedDataCache/Buckets/FShaderJobCacheShaders/71/bd/c26070023650abfce4d970b5b3ae1e51d112.udd" 6168
"C:/Users/varghesechac/AppData/Local/UnrealEngine/Common/DerivedDataCache/Buckets/FShaderJobCacheShaders/9c/f2/ccb1b7d477c2881afafa1147547d32e6e1e0.udd" 6169
"C:/Users/varghesechac/AppData/Local/UnrealEngine/Common/DerivedDataCache/Buckets/FShaderJobCacheShaders/96/36/460951d6d77c7d221aa24ecccd8e4293c3fd.udd" 6170
"C:/Users/varghesechac/AppData/Local/UnrealEngine/Common/DerivedDataCache/Buckets/FShaderJobCacheShaders/89/88/bac1e1825a5dc96c4ae7b2bb7f84c97d71c0.udd" 6171
"C:/Users/varghesechac/AppData/Local/UnrealEngine/Common/DerivedDataCache/Buckets/FShaderJobCacheShaders/5d/c5/b4c8a3bc9ec1614c041f696b8f25ab3fdbe0.udd" 6172
"C:/Users/varghesechac/AppData/Local/UnrealEngine/Common/DerivedDataCache/Buckets/FShaderJobCacheShaders/7a/8f/024dc37094e332800b6f2ff2e8f741a6bf2e.udd" 6173
"C:/Users/varghesechac/AppData/Local/UnrealEngine/Common/DerivedDataCache/Buckets/FShaderJobCacheShaders/a4/db/9dd4261c0b47b97084e782d5ee3e61841062.udd" 6174
"C:/Users/varghesechac/AppData/Local/UnrealEngine/Common/DerivedDataCache/Buckets/FShaderJobCacheShaders/32/e5/6d15127a6ac9df2e219ac16a01b9c3957730.udd" 6175
"C:/Users/varghesechac/AppData/Local/UnrealEngine/Common/DerivedDataCache/Buckets/FShaderJobCacheShaders/2b/ed/aca44a05070601603fe504462047b59781c3.udd" 6176
"C:/Users/varghesechac/AppData/Local/UnrealEngine/Common/DerivedDataCache/Buckets/FShaderJobCacheShaders/d8/86/28d96a0d75cb6eb3f1eba635f8bf31b52d1e.udd" 6177
"C:/Users/varghesechac/AppData/Local/UnrealEngine/Common/DerivedDataCache/Buckets/FShaderJobCacheShaders/a8/e9/de7393c0ae2efaf71b8d80368f332b8e3a6c.udd" 6178
"C:/Users/varghesechac/AppData/Local/UnrealEngine/Common/DerivedDataCache/Buckets/FShaderJobCacheShaders/b1/f7/ea0b802d70e1413811bdf04548a1b717163b.udd" 6179
"C:/Users/varghesechac/AppData/Local/UnrealEngine/Common/DerivedDataCache/Buckets/FShaderJobCacheShaders/6f/04/f6dabe6d22441852912a0dce494fae98a677.udd" 6180
"C:/Users/varghesechac/AppData/Local/UnrealEngine/Common/DerivedDataCache/Buckets/FShaderJobCacheShaders/ea/50/71a1bf6186771dc1b83999cedb71dd669f90.udd" 6181
"C:/Users/varghesechac/AppData/Local/UnrealEngine/Common/DerivedDataCache/Buckets/FShaderJobCacheShaders/32/71/51599e045970ca747a2aed5410918d94f0ac.udd" 6182
"C:/Users/varghesechac/AppData/Local/UnrealEngine/Common/DerivedDataCache/Buckets/FShaderJobCacheShaders/45/be/68c0ab0ec2226eef1d67b446dff60255b184.udd" 6183
"C:/Users/varghesechac/AppData/Local/UnrealEngine/Common/DerivedDataCache/Buckets/FShaderJobCacheShaders/fc/ed/3ddb01aedac9cbef01293cbdb36df4cbb91b.udd" 6184
"C:/Users/varghesechac/AppData/Local/UnrealEngine/Common/DerivedDataCache/Buckets/FShaderJobCacheShaders/fc/5b/9dc7e1d3de6806720659fec7b49687e11afe.udd" 6185
"C:/Users/varghesechac/AppData/Local/UnrealEngine/Common/DerivedDataCache/Buckets/FShaderJobCacheShaders/b8/f4/0cdf41ccf156dc46175252dcba1047f91d54.udd" 6186
"C:/Users/varghesechac/AppData/Local/UnrealEngine/Common/DerivedDataCache/Buckets/FShaderJobCacheShaders/05/8f/9711fbac65d0184f89ffb049f8b8d0c81fb0.udd" 6187
"C:/Users/varghesechac/AppData/Local/UnrealEngine/Common/DerivedDataCache/Buckets/FShaderJobCacheShaders/be/82/b4e82d42ca5dfbdba60d36b8d0b7a1ac76df.udd" 6188
"C:/Users/varghesechac/AppData/Local/UnrealEngine/Common/DerivedDataCache/Buckets/FShaderJobCacheShaders/9d/48/c4a530ff9eb548f63966324868ae311b7914.udd" 6189
"C:/Users/varghesechac/AppData/Local/UnrealEngine/Common/DerivedDataCache/Buckets/FShaderJobCacheShaders/92/bb/c8eeb251e3e121bc661d56accde0d59ab321.udd" 6190
"C:/Users/varghesechac/AppData/Local/UnrealEngine/Common/DerivedDataCache/Buckets/FShaderJobCacheShaders/09/bd/8d6ef09b7533af9961e674b5baaceee01280.udd" 6191
"C:/Users/varghesechac/AppData/Local/UnrealEngine/Common/DerivedDataCache/Buckets/FShaderJobCacheShaders/f2/37/219dfa8a53d470b9735da269603f4cbbfeac.udd" 6192
"C:/Users/varghesechac/AppData/Local/UnrealEngine/Common/DerivedDataCache/Buckets/FShaderJobCacheShaders/a6/fc/5199f14b6d6d625a2fab877169c56bfe0407.udd" 6193
"C:/Users/varghesechac/AppData/Local/UnrealEngine/Common/DerivedDataCache/Buckets/FShaderJobCacheShaders/03/8b/29041cb03e1fa782547218d1018a8fbfc70c.udd" 6194
"C:/Users/varghesechac/AppData/Local/UnrealEngine/Common/DerivedDataCache/Buckets/FShaderJobCacheShaders/c9/6a/fc8d7afb09ea225d78ce8423a146249cad45.udd" 6195
"C:/Users/varghesechac/AppData/Local/UnrealEngine/Common/DerivedDataCache/Buckets/FShaderJobCacheShaders/34/62/de1c6e1725e817095324872b9d3cd4d19a06.udd" 6196
"C:/Users/varghesechac/AppData/Local/UnrealEngine/Common/DerivedDataCache/Buckets/FShaderJobCacheShaders/e8/28/7234c757bfa49520ce7cc25543887f0ab35a.udd" 6197
"C:/Users/varghesechac/AppData/Local/UnrealEngine/Common/DerivedDataCache/Buckets/FShaderJobCacheShaders/ab/6e/d26c4882c6275f12b5c9c4aed9c96f23a582.udd" 6198
"C:/Users/varghesechac/AppData/Local/UnrealEngine/Common/DerivedDataCache/Buckets/FShaderJobCacheShaders/c2/c1/5f8e3bd0aaf490cb431e8cdb3e8626bec1e8.udd" 6199
"C:/Users/varghesechac/AppData/Local/UnrealEngine/Common/DerivedDataCache/Buckets/FShaderJobCacheShaders/fb/47/dde3deea96ce8aff315a8e777dfdd900a924.udd" 6200
"C:/Users/varghesechac/AppData/Local/UnrealEngine/Common/DerivedDataCache/Buckets/FShaderJobCacheShaders/e0/44/9e91fbe0dc84a934075e3c457a82fe803161.udd" 6201
"C:/Users/varghesechac/AppData/Local/UnrealEngine/Common/DerivedDataCache/Buckets/FShaderJobCacheShaders/e2/8a/376eaadda6eb7589b63cbec8632a2282467c.udd" 6202
"C:/Users/varghesechac/AppData/Local/UnrealEngine/Common/DerivedDataCache/Buckets/FShaderJobCacheShaders/7a/68/bc159d4d86e22476695953b02f21bfbaf037.udd" 6203
"C:/Users/varghesechac/AppData/Local/UnrealEngine/Common/DerivedDataCache/Buckets/FShaderJobCacheShaders/54/b3/a488daa82c79415a0fb83fadcf82f265c102.udd" 6204
"C:/Users/varghesechac/AppData/Local/UnrealEngine/Common/DerivedDataCache/Buckets/FShaderJobCacheShaders/6b/dd/6639965d7413321151ebb1520c02d537defb.udd" 6205
"C:/Users/varghesechac/AppData/Local/UnrealEngine/Common/DerivedDataCache/Buckets/FShaderJobCacheShaders/87/57/2e5288b90d445881ee65bd5cbfcf774d707e.udd" 6206
"C:/Users/varghesechac/AppData/Local/UnrealEngine/Common/DerivedDataCache/Buckets/FShaderJobCacheShaders/3e/99/4cade13f4fa115f9553cbc5e6c63e046ec7a.udd" 6207
"C:/Users/varghesechac/AppData/Local/UnrealEngine/Common/DerivedDataCache/Buckets/FShaderJobCacheShaders/07/f2/5d6ca92976682751dc6c47a87e5510980276.udd" 6208
"C:/Users/varghesechac/AppData/Local/UnrealEngine/Common/DerivedDataCache/Buckets/FShaderJobCacheShaders/44/bc/410f8a4077191203b63757b885071649f6e5.udd" 6209
"C:/Users/varghesechac/AppData/Local/UnrealEngine/Common/DerivedDataCache/Buckets/FShaderJobCacheShaders/3b/ee/0c72d94bf855a8f6fef0d76cf268e4c94716.udd" 6210
"C:/Users/varghesechac/AppData/Local/UnrealEngine/Common/DerivedDataCache/Buckets/FShaderJobCacheShaders/17/3c/88fa26e703847244cddcbab9d4e991600019.udd" 6211
"C:/Users/varghesechac/AppData/Local/UnrealEngine/Common/DerivedDataCache/Buckets/FShaderJobCacheShaders/e4/0f/f7ac7fb3d85f9fe6b7f9f3def929013e0ba6.udd" 6212
"C:/Users/varghesechac/AppData/Local/UnrealEngine/Common/DerivedDataCache/Buckets/FShaderJobCacheShaders/e2/eb/24cdeaba6ffa4135b1ae9a1de784b6c7e067.udd" 6213
"C:/Users/varghesechac/AppData/Local/UnrealEngine/Common/DerivedDataCache/Buckets/FShaderJobCacheShaders/4d/f4/53a3e92d2e6c49a0a5e0a196fd022796ac50.udd" 6214
"C:/Users/varghesechac/AppData/Local/UnrealEngine/Common/DerivedDataCache/Buckets/FShaderJobCacheShaders/5c/e9/a27383512a44ecf962de6af24e8f794a88ca.udd" 6215
"C:/Users/varghesechac/AppData/Local/UnrealEngine/Common/DerivedDataCache/Buckets/FShaderJobCacheShaders/04/5e/b9aebb9dae61e691ab690a68a79663be9b38.udd" 6216
"C:/Users/varghesechac/AppData/Local/UnrealEngine/Common/DerivedDataCache/Buckets/FShaderJobCacheShaders/e1/f4/7482e04d608ad555170cbac46cd5990cd444.udd" 6217
"C:/Users/varghesechac/AppData/Local/UnrealEngine/Common/DerivedDataCache/Buckets/FShaderJobCacheShaders/39/d9/1da10f65ca0cd17d7bc74bb91a436a5e326e.udd" 6218
"C:/Users/varghesechac/AppData/Local/UnrealEngine/Common/DerivedDataCache/Buckets/FShaderJobCacheShaders/98/59/be8d1a8481473f9b4f4ab3da87c844a34f1d.udd" 6219
"C:/Users/varghesechac/AppData/Local/UnrealEngine/Common/DerivedDataCache/Buckets/FShaderJobCacheShaders/1f/92/aa4e51a185a4f269748ccc4b5488864f40f0.udd" 6220
"C:/Users/varghesechac/AppData/Local/UnrealEngine/Common/DerivedDataCache/Buckets/FShaderJobCacheShaders/6a/9f/3ef96f9bac0b0a12f2c135f336875125b0b8.udd" 6221
"C:/Users/varghesechac/AppData/Local/UnrealEngine/Common/DerivedDataCache/Buckets/FShaderJobCacheShaders/27/dc/26b821961b6c41a9f25fc80d5d79781ccf18.udd" 6222
"C:/Users/varghesechac/AppData/Local/UnrealEngine/Common/DerivedDataCache/Buckets/FShaderJobCacheShaders/b4/fe/1068eeaa39465f28f8f13bdf52bbde30e2a7.udd" 6223
"C:/Users/varghesechac/AppData/Local/UnrealEngine/Common/DerivedDataCache/Buckets/FShaderJobCacheShaders/80/b6/89189ee5e01f24e34df05ee7bfc4ad1d9aa3.udd" 6224
"C:/Users/varghesechac/AppData/Local/UnrealEngine/Common/DerivedDataCache/Buckets/FShaderJobCacheShaders/91/b4/7dc471321d8467cea9a3345c6385e7b70f73.udd" 6225
"C:/Users/varghesechac/AppData/Local/UnrealEngine/Common/DerivedDataCache/Buckets/FShaderJobCacheShaders/63/22/f837be66eefed980df53b341dc0d671f6de1.udd" 6226
"C:/Users/varghesechac/AppData/Local/UnrealEngine/Common/DerivedDataCache/Buckets/FShaderJobCacheShaders/de/b5/13f3f1720573c4293dd3740bb2718d0a4c21.udd" 6227
"C:/Users/varghesechac/AppData/Local/UnrealEngine/Common/DerivedDataCache/Buckets/FShaderJobCacheShaders/f8/08/0a36ab1af03eb07727c97575dd05a691d1d4.udd" 6228
"C:/Users/varghesechac/AppData/Local/UnrealEngine/Common/DerivedDataCache/Buckets/FShaderJobCacheShaders/e7/af/ec9d73f5843a1011257992fa8c2a90c149cb.udd" 6229
"C:/Users/varghesechac/AppData/Local/UnrealEngine/Common/DerivedDataCache/Buckets/FShaderJobCacheShaders/d7/7f/1a5590498042914418b903d093a86a2abcc7.udd" 6230
"C:/Users/varghesechac/AppData/Local/UnrealEngine/Common/DerivedDataCache/Buckets/FShaderJobCacheShaders/dd/99/b6ac1157ff31de060aa5ac937c8f64c56f80.udd" 6231
"C:/Users/varghesechac/AppData/Local/UnrealEngine/Common/DerivedDataCache/Buckets/FShaderJobCacheShaders/7f/18/30e72f9517ef7e86c97c617be92e6c900d3d.udd" 6232
"C:/Users/varghesechac/AppData/Local/UnrealEngine/Common/DerivedDataCache/Buckets/FShaderJobCacheShaders/42/1d/9df423ffb3e20d9469150d6ed654af259812.udd" 6233
"C:/Users/varghesechac/AppData/Local/UnrealEngine/Common/DerivedDataCache/Buckets/FShaderJobCacheShaders/ee/c2/2c56dab172830aea72b741a38beab8ea4a97.udd" 6234
"C:/Users/varghesechac/AppData/Local/UnrealEngine/Common/DerivedDataCache/Buckets/FShaderJobCacheShaders/e8/9f/e7bc47a0675455210dbab7d5444e2193a034.udd" 6235
"C:/Users/varghesechac/AppData/Local/UnrealEngine/Common/DerivedDataCache/Buckets/FShaderJobCacheShaders/f5/98/96b6353d678e217acacd91db84ca1a5e17a6.udd" 6236
"C:/Users/varghesechac/AppData/Local/UnrealEngine/Common/DerivedDataCache/Buckets/FShaderJobCacheShaders/62/c3/7ec1da55c29a8ed360ecb9518f89a28677a5.udd" 6237
"C:/Users/varghesechac/AppData/Local/UnrealEngine/Common/DerivedDataCache/Buckets/FShaderJobCacheShaders/34/69/07f100f910403c826d6264639cb6e8dfe626.udd" 6238
"C:/Users/varghesechac/AppData/Local/UnrealEngine/Common/DerivedDataCache/Buckets/FShaderJobCacheShaders/fe/8d/cf1ee37896876fb27e31a18ac3f9b3542f55.udd" 6239
"C:/Users/varghesechac/AppData/Local/UnrealEngine/Common/DerivedDataCache/Buckets/FShaderJobCacheShaders/e6/b0/22c47a76e33259be662463d070acb4302bae.udd" 6240
"C:/Users/varghesechac/AppData/Local/UnrealEngine/Common/DerivedDataCache/Buckets/FShaderJobCacheShaders/64/fc/3f03c58223537dc5d5c848f659f48fa1ffe5.udd" 6241
"C:/Users/varghesechac/AppData/Local/UnrealEngine/Common/DerivedDataCache/Buckets/FShaderJobCacheShaders/fd/0b/ee99e11b6747d975702c4d1e1d81f99fcc99.udd" 6242
"C:/Users/varghesechac/AppData/Local/UnrealEngine/Common/DerivedDataCache/Buckets/FShaderJobCacheShaders/21/3c/35f79bc57411342daec37ab234221955a8d7.udd" 6243
"C:/Users/varghesechac/AppData/Local/UnrealEngine/Common/DerivedDataCache/Buckets/FShaderJobCacheShaders/c3/fe/34f010f6acc2495b8724fe01e810210cf27e.udd" 6244
"C:/Users/varghesechac/AppData/Local/UnrealEngine/Common/DerivedDataCache/Buckets/FShaderJobCacheShaders/a6/f7/0afa508cb2d15731e6db1cfa49e428adeb20.udd" 6245
"C:/Users/varghesechac/AppData/Local/UnrealEngine/Common/DerivedDataCache/Buckets/FShaderJobCacheShaders/ef/2f/5352120beef5e7bc375739431a3eb978fc57.udd" 6246
"C:/Users/varghesechac/AppData/Local/UnrealEngine/Common/DerivedDataCache/Buckets/FShaderJobCacheShaders/cc/0a/989115f78d8f7099298ff0860e97d998ed9d.udd" 6247
"C:/Users/varghesechac/AppData/Local/UnrealEngine/Common/DerivedDataCache/Buckets/FShaderJobCacheShaders/9e/c5/a727f4e9fb77003d961cd4be9d025518072a.udd" 6248
"C:/Users/varghesechac/AppData/Local/UnrealEngine/Common/DerivedDataCache/Buckets/FShaderJobCacheShaders/1d/0e/001c4c75e2ead6cc93b7dbfca124fdb2c8e6.udd" 6249
"C:/Users/varghesechac/AppData/Local/UnrealEngine/Common/DerivedDataCache/Buckets/FShaderJobCacheShaders/f3/2f/1df6a9a646359b78ebb54475e4458b936f90.udd" 6250
"C:/Users/varghesechac/AppData/Local/UnrealEngine/Common/DerivedDataCache/Buckets/FShaderJobCacheShaders/40/1e/d7f5455e4c9940e982892a3cd12fce88cdc3.udd" 6251
"C:/Users/varghesechac/AppData/Local/UnrealEngine/Common/DerivedDataCache/Buckets/FShaderJobCacheShaders/ea/22/d88cb7a32fd644a4558146fb75b2bbb515b8.udd" 6252
"C:/Users/varghesechac/AppData/Local/UnrealEngine/Common/DerivedDataCache/Buckets/FShaderJobCacheShaders/f1/51/7b9a86cd707e5f17318174300bed5f6b3b4d.udd" 6253
"C:/Users/varghesechac/AppData/Local/UnrealEngine/Common/DerivedDataCache/Buckets/FShaderJobCacheShaders/95/41/b0824acb9f8deb99134fe2c4dcedcf049400.udd" 6254
"C:/Users/varghesechac/AppData/Local/UnrealEngine/Common/DerivedDataCache/Buckets/FShaderJobCacheShaders/61/74/574aeac7bbc8fc8c4bf4de6287ef8aa2afc4.udd" 6255
"C:/Users/varghesechac/AppData/Local/UnrealEngine/Common/DerivedDataCache/Buckets/FShaderJobCacheShaders/18/dc/48706d50690bc6561f92d3391d907ea72246.udd" 6256
"C:/Users/varghesechac/AppData/Local/UnrealEngine/Common/DerivedDataCache/Buckets/FShaderJobCacheShaders/be/01/6b4c194a58390a6ed7616acafbaf8428ac07.udd" 6257
"C:/Users/varghesechac/AppData/Local/UnrealEngine/Common/DerivedDataCache/Buckets/FShaderJobCacheShaders/a6/14/24803c16989aa1a0bb346b294618027eac19.udd" 6258
"C:/Users/varghesechac/AppData/Local/UnrealEngine/Common/DerivedDataCache/Buckets/FShaderJobCacheShaders/81/a4/07d0d022e1e6f70a712b31723c754e39eff3.udd" 6259
"C:/Users/varghesechac/AppData/Local/UnrealEngine/Common/DerivedDataCache/Buckets/FShaderJobCacheShaders/c3/bb/9dc35e27b96d15ad31bd1b3ba38c5decfaf6.udd" 6260
"C:/Users/varghesechac/AppData/Local/UnrealEngine/Common/DerivedDataCache/Buckets/FShaderJobCacheShaders/b4/82/e4a862325b49d5c88c9462f0a2649b16659a.udd" 6261
"C:/Users/varghesechac/AppData/Local/UnrealEngine/Common/DerivedDataCache/Buckets/FShaderJobCacheShaders/d6/52/4a54917c7c05dc1440f5baa7bdcef0c28a64.udd" 6262
"C:/Users/varghesechac/AppData/Local/UnrealEngine/Common/DerivedDataCache/Buckets/FShaderJobCacheShaders/0a/d7/7435afdc9132ec6b512f2966a9ec608852ac.udd" 6263
"C:/Users/varghesechac/AppData/Local/UnrealEngine/Common/DerivedDataCache/Buckets/FShaderJobCacheShaders/e4/e7/d7bcfe47ad1a228866dfed8b12b392c69e0e.udd" 6264
"C:/Users/varghesechac/AppData/Local/UnrealEngine/Common/DerivedDataCache/Buckets/FShaderJobCacheShaders/0f/76/b93239eccea91e54ea586834c3840e3f700e.udd" 6265
"C:/Users/varghesechac/AppData/Local/UnrealEngine/Common/DerivedDataCache/Buckets/FShaderJobCacheShaders/e8/0c/28e77a124696b2bf8928e821b89a929c2041.udd" 6266
"C:/Users/varghesechac/AppData/Local/UnrealEngine/Common/DerivedDataCache/Buckets/FShaderJobCacheShaders/5c/8f/8d8937f8c281fb56cee8951a1403c34eab5e.udd" 6267
"C:/Users/varghesechac/AppData/Local/UnrealEngine/Common/DerivedDataCache/Buckets/FShaderJobCacheShaders/20/ad/cebba6d5df52a3448220628885aba35c54c8.udd" 6268
"C:/Users/varghesechac/AppData/Local/UnrealEngine/Common/DerivedDataCache/Buckets/FShaderJobCacheShaders/54/f4/98b514e8e5eccd1ea57953fa55aec22f4387.udd" 6269
"C:/Users/varghesechac/AppData/Local/UnrealEngine/Common/DerivedDataCache/Buckets/FShaderJobCacheShaders/64/59/32e5285295203b4534978c4d5944fdc51074.udd" 6270
"C:/Users/varghesechac/AppData/Local/UnrealEngine/Common/DerivedDataCache/Buckets/FShaderJobCacheShaders/3f/39/6a5837d7e77df5bbc5ecf55f959ac17ebfbc.udd" 6271
"C:/Users/varghesechac/AppData/Local/UnrealEngine/Common/DerivedDataCache/Buckets/FShaderJobCacheShaders/e6/8c/a8d9d4943ce0ab0016ee1d19f854a0940dd3.udd" 6272
"C:/Users/varghesechac/AppData/Local/UnrealEngine/Common/DerivedDataCache/Buckets/FShaderJobCacheShaders/0d/0b/8bed21aabe9fc20ab60234b397f594631897.udd" 6273
"C:/Users/varghesechac/AppData/Local/UnrealEngine/Common/DerivedDataCache/Buckets/FShaderJobCacheShaders/46/e0/6183f064c3c71a2f417a6089983c2f47bbd5.udd" 6274
"C:/Users/varghesechac/AppData/Local/UnrealEngine/Common/DerivedDataCache/Buckets/FShaderJobCacheShaders/b6/fd/7b03f4c6bc752555a77bff4ebd17ab0594ba.udd" 6275
"C:/Users/varghesechac/AppData/Local/UnrealEngine/Common/DerivedDataCache/Buckets/FShaderJobCacheShaders/76/03/41002d2a824217995625cf47e5b1fa683993.udd" 6276
"C:/Users/varghesechac/AppData/Local/UnrealEngine/Common/DerivedDataCache/Buckets/FShaderJobCacheShaders/52/9b/4b34814185018cf43c0ab0fe9d9b20736a92.udd" 6277
"C:/Users/varghesechac/AppData/Local/UnrealEngine/Common/DerivedDataCache/Buckets/FShaderJobCacheShaders/65/ac/9fbd27a6d656eba66e0ff8d673e0e3b86ed2.udd" 6278
"C:/Users/varghesechac/AppData/Local/UnrealEngine/Common/DerivedDataCache/Buckets/FShaderJobCacheShaders/d9/90/4bda883b29d713cbb59f9024b1bb3724adc4.udd" 6279
"C:/Users/varghesechac/AppData/Local/UnrealEngine/Common/DerivedDataCache/Buckets/FShaderJobCacheShaders/c3/e0/fd3bd5a0a7b8b425c50c4e62350ee0654f15.udd" 6280
"C:/Users/varghesechac/AppData/Local/UnrealEngine/Common/DerivedDataCache/Buckets/FShaderJobCacheShaders/d3/a6/32de3fb67fcaba784df43ee1be0faa073586.udd" 6281
"C:/Users/varghesechac/AppData/Local/UnrealEngine/Common/DerivedDataCache/Buckets/FShaderJobCacheShaders/32/5d/417ab0d1f924415b886b6a5765b21bfa7c81.udd" 6282
"C:/Users/varghesechac/AppData/Local/UnrealEngine/Common/DerivedDataCache/Buckets/FShaderJobCacheShaders/b2/61/5e71339391eb0e2d1e3cf1c18e174759164d.udd" 6283
"C:/Users/varghesechac/AppData/Local/UnrealEngine/Common/DerivedDataCache/Buckets/FShaderJobCacheShaders/24/5e/f4ce19ce6d778674448c5cdb476b8c22b76e.udd" 6284
"C:/Users/varghesechac/AppData/Local/UnrealEngine/Common/DerivedDataCache/Buckets/FShaderJobCacheShaders/e6/f7/b66ddc1d736784efbb6660bd61f029666953.udd" 6285
"C:/Users/varghesechac/AppData/Local/UnrealEngine/Common/DerivedDataCache/Buckets/FShaderJobCacheShaders/bc/70/18022ee9a31ff3f99ae672e72efb9f4fd024.udd" 6286
"C:/Users/varghesechac/AppData/Local/UnrealEngine/Common/DerivedDataCache/Buckets/FShaderJobCacheShaders/ed/41/2936a891b85ed607b66cd4bda6f6b9195d82.udd" 6287
"C:/Users/varghesechac/AppData/Local/UnrealEngine/Common/DerivedDataCache/Buckets/FShaderJobCacheShaders/44/e9/00648337539a75eaad05ad12cf946988cf52.udd" 6288
"C:/Users/varghesechac/AppData/Local/UnrealEngine/Common/DerivedDataCache/Buckets/FShaderJobCacheShaders/fa/15/3d335fcbcd1a71b2b2d4c2fe341e047fb7fe.udd" 6289
"C:/Users/varghesechac/AppData/Local/UnrealEngine/Common/DerivedDataCache/Buckets/FShaderJobCacheShaders/3e/6e/7400df93286127e1dc29d2f4526f2c7e870d.udd" 6290
"C:/Users/varghesechac/AppData/Local/UnrealEngine/Common/DerivedDataCache/Buckets/FShaderJobCacheShaders/dd/f5/d35115105de0bd9c5e886dab5b4e15bd7c64.udd" 6291
"C:/Users/varghesechac/AppData/Local/UnrealEngine/Common/DerivedDataCache/Buckets/FShaderJobCacheShaders/c5/e8/53b7cf5d24b56f29f44f933b2a5a9105cee3.udd" 6292
"C:/Users/varghesechac/AppData/Local/UnrealEngine/Common/DerivedDataCache/Buckets/FShaderJobCacheShaders/15/f3/67f051105d4b3b746decd48c764d612d77f8.udd" 6293
"C:/Users/varghesechac/AppData/Local/UnrealEngine/Common/DerivedDataCache/Buckets/FShaderJobCacheShaders/a4/01/7761a033a148ee2ed3656ad5713859dd70a9.udd" 6294
"C:/Users/varghesechac/AppData/Local/UnrealEngine/Common/DerivedDataCache/Buckets/FShaderJobCacheShaders/d8/26/54c121b429842bda352ac9e5cfc8d578a803.udd" 6295
"C:/Users/varghesechac/AppData/Local/UnrealEngine/Common/DerivedDataCache/Buckets/FShaderJobCacheShaders/3f/3b/87b12b3f72a7ed4135ef00b018996c668ce6.udd" 6296
"C:/Users/varghesechac/AppData/Local/UnrealEngine/Common/DerivedDataCache/Buckets/FShaderJobCacheShaders/40/d0/ea5baee9f253bf6f4462856e2f89909f2163.udd" 6297
"C:/Users/varghesechac/AppData/Local/UnrealEngine/Common/DerivedDataCache/Buckets/FShaderJobCacheShaders/0c/2d/3836b43f962a71f7797ad733bf90f903f411.udd" 6298
"C:/Users/varghesechac/AppData/Local/UnrealEngine/Common/DerivedDataCache/Buckets/FShaderJobCacheShaders/09/82/78857fe286da9e15fbf31442f404b3d826ad.udd" 6299
"C:/Users/varghesechac/AppData/Local/UnrealEngine/Common/DerivedDataCache/Buckets/FShaderJobCacheShaders/fc/b6/faffc07e279503fe7b3a4fe9e5f546d6f9ec.udd" 6300
"C:/Users/varghesechac/AppData/Local/UnrealEngine/Common/DerivedDataCache/Buckets/FShaderJobCacheShaders/cf/f3/f3863badb628573bf756fd94bbe5409805e7.udd" 6301
"C:/Users/varghesechac/AppData/Local/UnrealEngine/Common/DerivedDataCache/Buckets/FShaderJobCacheShaders/de/a7/b88e0c299fbf048d2c5496cb4ac1d3443826.udd" 6302
"C:/Users/varghesechac/AppData/Local/UnrealEngine/Common/DerivedDataCache/Buckets/FShaderJobCacheShaders/95/30/ec12e3ff4b1f7c5031ed20eef33bc330eed6.udd" 6303
"C:/Users/varghesechac/AppData/Local/UnrealEngine/Common/DerivedDataCache/Buckets/FShaderJobCacheShaders/dc/cb/c0fdfae3d97dfd1671d39af1e1918c6dc9d6.udd" 6304
"C:/Users/varghesechac/AppData/Local/UnrealEngine/Common/DerivedDataCache/Buckets/FShaderJobCacheShaders/6f/77/f99d62a285dd9dc86b1d8d58347394472a55.udd" 6305
"C:/Users/varghesechac/AppData/Local/UnrealEngine/Common/DerivedDataCache/Buckets/FShaderJobCacheShaders/27/aa/b09c86c02391db8b87a22cc0bd6e7fd355a7.udd" 6306
"C:/Users/varghesechac/AppData/Local/UnrealEngine/Common/DerivedDataCache/Buckets/FShaderJobCacheShaders/00/a2/9eb3a6371ab6e9d902a8fc05c978bc08d792.udd" 6307
"C:/Users/varghesechac/AppData/Local/UnrealEngine/Common/DerivedDataCache/Buckets/FShaderJobCacheShaders/cc/b0/c41d90190842b530a435a0e49d428e583a3a.udd" 6308
"C:/Users/varghesechac/AppData/Local/UnrealEngine/Common/DerivedDataCache/Buckets/FShaderJobCacheShaders/ef/c8/d9cc8f209e828c7c45a0ba8f5f11260eb3ed.udd" 6309
"C:/Users/varghesechac/AppData/Local/UnrealEngine/Common/DerivedDataCache/Buckets/FShaderJobCacheShaders/5e/b9/fa2ab2d46793740d4dd6b3a83448d782192f.udd" 6310
"C:/Users/varghesechac/AppData/Local/UnrealEngine/Common/DerivedDataCache/Buckets/FShaderJobCacheShaders/b3/cd/be904512624f8cfec24b2509884878403b76.udd" 6311
"C:/Users/varghesechac/AppData/Local/UnrealEngine/Common/DerivedDataCache/Buckets/FShaderJobCacheShaders/89/10/33a837719b1eb912c146d0bc7c5e7fca7c66.udd" 6312
"C:/Users/varghesechac/AppData/Local/UnrealEngine/Common/DerivedDataCache/Buckets/FShaderJobCacheShaders/f7/e9/28a07bb8a67de1d7aa79841fb899c02c38ba.udd" 6313
"C:/Users/varghesechac/AppData/Local/UnrealEngine/Common/DerivedDataCache/Buckets/FShaderJobCacheShaders/ef/cc/ca75a3fada70b0ef87386e75764b3a8c166a.udd" 6314
"C:/Users/varghesechac/AppData/Local/UnrealEngine/Common/DerivedDataCache/Buckets/FShaderJobCacheShaders/4f/a0/6eedf0f8e34622d04a8e954e55c3328125b5.udd" 6315
"C:/Users/varghesechac/AppData/Local/UnrealEngine/Common/DerivedDataCache/Buckets/FShaderJobCacheShaders/aa/f8/7b6485d72671b2c23bb87a17e157bd147a34.udd" 6316
"C:/Users/varghesechac/AppData/Local/UnrealEngine/Common/DerivedDataCache/Buckets/FShaderJobCacheShaders/57/4c/1ed581d114bd456aa51330374d11098ab24e.udd" 6317
"C:/Users/varghesechac/AppData/Local/UnrealEngine/Common/DerivedDataCache/Buckets/FShaderJobCacheShaders/53/3f/bbad6146ed5c60b635202d4387258db637a7.udd" 6318
"C:/Users/varghesechac/AppData/Local/UnrealEngine/Common/DerivedDataCache/Buckets/FShaderJobCacheShaders/5b/f6/33e57c95a0ba9e486f0ebdd04753de5ce3a6.udd" 6319
"C:/Users/varghesechac/AppData/Local/UnrealEngine/Common/DerivedDataCache/Buckets/FShaderJobCacheShaders/ee/3d/dead0e107095d7a285286a56b5e50d4cf996.udd" 6320
"C:/Users/varghesechac/AppData/Local/UnrealEngine/Common/DerivedDataCache/Buckets/FShaderJobCacheShaders/1e/e4/0d41db09658f6ce27c0fd42405a0667ec91a.udd" 6321
"C:/Users/varghesechac/AppData/Local/UnrealEngine/Common/DerivedDataCache/Buckets/FShaderJobCacheShaders/ef/b0/b63c5ddb4c9779f8df6ad6e8fa187ed0e789.udd" 6322
"C:/Users/varghesechac/AppData/Local/UnrealEngine/Common/DerivedDataCache/Buckets/FShaderJobCacheShaders/e1/b8/baabdc9ef30637330d26e114f34fcd1f54bd.udd" 6323
"C:/Users/varghesechac/AppData/Local/UnrealEngine/Common/DerivedDataCache/Buckets/FShaderJobCacheShaders/bf/02/245453ace404d6d517517e342f0eec45dc4a.udd" 6324
"C:/Users/varghesechac/AppData/Local/UnrealEngine/Common/DerivedDataCache/Buckets/FShaderJobCacheShaders/d8/c1/7ed11ca1263b97d05825c25d01882405ad21.udd" 6325
"C:/Users/varghesechac/AppData/Local/UnrealEngine/Common/DerivedDataCache/Buckets/FShaderJobCacheShaders/d8/05/0587e67d0390c0026a3f8a6738eb27790d78.udd" 6326
"C:/Users/varghesechac/AppData/Local/UnrealEngine/Common/DerivedDataCache/Buckets/FShaderJobCacheShaders/77/75/17fd68c125c1c11755f00de2fa5fbc6a9c5d.udd" 6327
"C:/Users/varghesechac/AppData/Local/UnrealEngine/Common/DerivedDataCache/Buckets/FShaderJobCacheShaders/4e/90/1b77469f7d8f5b11e9ec0db0554134430dcf.udd" 6328
"C:/Users/varghesechac/AppData/Local/UnrealEngine/Common/DerivedDataCache/Buckets/FShaderJobCacheShaders/32/7e/653abbc51b7ad05f7de5b0718ec4b711ca00.udd" 6329
"C:/Users/varghesechac/AppData/Local/UnrealEngine/Common/DerivedDataCache/Buckets/FShaderJobCacheShaders/74/0a/f89c68e8949d178f37de4630064215516ad9.udd" 6330
"C:/Users/varghesechac/AppData/Local/UnrealEngine/Common/DerivedDataCache/Buckets/FShaderJobCacheShaders/85/0f/d4dc5b4d2ae915893e4a26ef1d17ae9b8fbd.udd" 6331
"C:/Users/varghesechac/AppData/Local/UnrealEngine/Common/DerivedDataCache/Buckets/FShaderJobCacheShaders/54/ed/df9e6a38e5e0856cab1e88ac093b72addd92.udd" 6332
"C:/Users/varghesechac/AppData/Local/UnrealEngine/Common/DerivedDataCache/Buckets/FShaderJobCacheShaders/98/97/032997df3f47880aba40d3be5ec3a492852c.udd" 6333
"C:/Users/varghesechac/AppData/Local/UnrealEngine/Common/DerivedDataCache/Buckets/FShaderJobCacheShaders/a9/0d/e90c14c1526c37113f3f3378efe0b6c98b09.udd" 6334
"C:/Users/varghesechac/AppData/Local/UnrealEngine/Common/DerivedDataCache/Buckets/FShaderJobCacheShaders/8d/04/af85ee288c94e2108fda29dea1a44d552945.udd" 6335
"C:/Users/varghesechac/AppData/Local/UnrealEngine/Common/DerivedDataCache/Buckets/FShaderJobCacheShaders/93/c0/118e1dc632519daa9c7a2b564c59e4551e04.udd" 6336
"C:/Users/varghesechac/AppData/Local/UnrealEngine/Common/DerivedDataCache/Buckets/FShaderJobCacheShaders/5b/f2/08a1eb2406fa1b45b12b0060c122db33af61.udd" 6337
"C:/Users/varghesechac/AppData/Local/UnrealEngine/Common/DerivedDataCache/Buckets/FShaderJobCacheShaders/5e/4f/7ece5b04695c1cfbe19a490833dc12b17f67.udd" 6338
"C:/Users/varghesechac/AppData/Local/UnrealEngine/Common/DerivedDataCache/Buckets/FShaderJobCacheShaders/9b/a6/3ca7cf79ba10e02cf3fb02712b66d792e0b1.udd" 6339
"C:/Users/varghesechac/AppData/Local/UnrealEngine/Common/DerivedDataCache/Buckets/FShaderJobCacheShaders/9f/b5/24ad6168e1918bf274f7ffcbe4870297ee59.udd" 6340
"C:/Users/varghesechac/AppData/Local/UnrealEngine/Common/DerivedDataCache/Buckets/FShaderJobCacheShaders/7a/e7/ac373cc92b2581c320b8235531eef72818e9.udd" 6341
"C:/Users/varghesechac/AppData/Local/UnrealEngine/Common/DerivedDataCache/Buckets/FShaderJobCacheShaders/00/9f/bc5350e6b77c57708884b12e1eb9009455c2.udd" 6342
"C:/Users/varghesechac/AppData/Local/UnrealEngine/Common/DerivedDataCache/Buckets/FShaderJobCacheShaders/ca/94/592bf2393155cac028272d0d2bf7e567a67d.udd" 6343
"C:/Users/varghesechac/AppData/Local/UnrealEngine/Common/DerivedDataCache/Buckets/FShaderJobCacheShaders/97/c2/62964736e968640245b4d4720bc5d50970ed.udd" 6344
"C:/Users/varghesechac/AppData/Local/UnrealEngine/Common/DerivedDataCache/Buckets/FShaderJobCacheShaders/44/1e/901c7c84a3db13367644745c65be7cc8b02f.udd" 6345
"C:/Users/varghesechac/AppData/Local/UnrealEngine/Common/DerivedDataCache/Buckets/FShaderJobCacheShaders/1b/d1/2850197e995a33b981510ebc4b87b49b5b02.udd" 6346
"C:/Users/varghesechac/AppData/Local/UnrealEngine/Common/DerivedDataCache/Buckets/FShaderJobCacheShaders/40/96/b24350ced4484c2b6918116e0404c6f6cf39.udd" 6347
"C:/Users/varghesechac/AppData/Local/UnrealEngine/Common/DerivedDataCache/Buckets/FShaderJobCacheShaders/dc/dc/d58124ac1109aab654674ebbbad1db707890.udd" 6348
"C:/Users/varghesechac/AppData/Local/UnrealEngine/Common/DerivedDataCache/Buckets/FShaderJobCacheShaders/d5/ff/4eb6e77f2c7e5b1b59ee1477b7bdd1ce011a.udd" 6349
"C:/Users/varghesechac/AppData/Local/UnrealEngine/Common/DerivedDataCache/Buckets/FShaderJobCacheShaders/92/09/bede145c863f11fc36ba8504d584d0147be3.udd" 6350
"C:/Users/varghesechac/AppData/Local/UnrealEngine/Common/DerivedDataCache/Buckets/FShaderJobCacheShaders/c2/ff/94484976966ca4bd76a9503a691da5027fa5.udd" 6351
"C:/Users/varghesechac/AppData/Local/UnrealEngine/Common/DerivedDataCache/Buckets/FShaderJobCacheShaders/e4/ac/a056a799763296694a5e31dbe1405ea10914.udd" 6352
"C:/Users/varghesechac/AppData/Local/UnrealEngine/Common/DerivedDataCache/Buckets/FShaderJobCacheShaders/16/6d/f250f3e40b8dfec293ada6da5acc5ac0ed91.udd" 6353
"C:/Users/varghesechac/AppData/Local/UnrealEngine/Common/DerivedDataCache/Buckets/FShaderJobCacheShaders/f4/be/9cf67670489b675f767d509474325c82fe9a.udd" 6354
"C:/Users/varghesechac/AppData/Local/UnrealEngine/Common/DerivedDataCache/Buckets/FShaderJobCacheShaders/9c/d0/1b9106d133f14395e8416b0dbd5ef1d46918.udd" 6355
"C:/Users/varghesechac/AppData/Local/UnrealEngine/Common/DerivedDataCache/Buckets/FShaderJobCacheShaders/9f/a2/61388002f82f9524bc03e2cddf2393f59520.udd" 6356
"C:/Users/varghesechac/AppData/Local/UnrealEngine/Common/DerivedDataCache/Buckets/FShaderJobCacheShaders/ca/1a/6e0cdb9f0e1defd84288c616709671738627.udd" 6357
"C:/Users/varghesechac/AppData/Local/UnrealEngine/Common/DerivedDataCache/Buckets/FShaderJobCacheShaders/45/63/5c70ed1f3be0d8f7b978a3cb7ab6a98e25f3.udd" 6358
"C:/Users/varghesechac/AppData/Local/UnrealEngine/Common/DerivedDataCache/Buckets/FShaderJobCacheShaders/46/a1/51dc79572a3cf497be61c399dc4f971cca83.udd" 6359
"C:/Users/varghesechac/AppData/Local/UnrealEngine/Common/DerivedDataCache/Buckets/FShaderJobCacheShaders/30/e0/f82680fd73de5c4e205301aa77b963f7b05d.udd" 6360
"C:/Users/varghesechac/AppData/Local/UnrealEngine/Common/DerivedDataCache/Buckets/FShaderJobCacheShaders/7d/f3/0758758eeeef2bb17157f8c8b555cb67a142.udd" 6361
"C:/Users/varghesechac/AppData/Local/UnrealEngine/Common/DerivedDataCache/Buckets/FShaderJobCacheShaders/9a/62/46e0b143c6cbd67481f0d31479304cae0000.udd" 6362
"C:/Users/varghesechac/AppData/Local/UnrealEngine/Common/DerivedDataCache/Buckets/FShaderJobCacheShaders/25/76/664ec23c24efb03c330ff6d752e223926cde.udd" 6363
"C:/Users/varghesechac/AppData/Local/UnrealEngine/Common/DerivedDataCache/Buckets/FShaderJobCacheShaders/34/d2/19429522e6a0ebe096a13b37a8d225d46fa9.udd" 6364
"C:/Users/varghesechac/AppData/Local/UnrealEngine/Common/DerivedDataCache/Buckets/FShaderJobCacheShaders/c9/92/dc2b1d8f9c398d9c09865317978e7eb585ff.udd" 6365
"C:/Users/varghesechac/AppData/Local/UnrealEngine/Common/DerivedDataCache/Buckets/FShaderJobCacheShaders/4f/50/33d1268a6006dc6deed07adedb29764546f8.udd" 6366
"C:/Users/varghesechac/AppData/Local/UnrealEngine/Common/DerivedDataCache/Buckets/FShaderJobCacheShaders/d2/b5/bf903e3ba1049a898697fd0726ad7cb80ffe.udd" 6367
"C:/Users/varghesechac/AppData/Local/UnrealEngine/Common/DerivedDataCache/Buckets/FShaderJobCacheShaders/ba/f7/55e3b1b1b47270bd18144deedde86bf2cdd5.udd" 6368
"C:/Users/varghesechac/AppData/Local/UnrealEngine/Common/DerivedDataCache/Buckets/FShaderJobCacheShaders/87/24/e32ba44b5a37d7e8cc1090e6fd27f38ea644.udd" 6369
"C:/Users/varghesechac/AppData/Local/UnrealEngine/Common/DerivedDataCache/Buckets/FShaderJobCacheShaders/2a/22/bcc69f6e0cfe691710799df752b51c40d017.udd" 6370
"C:/Users/varghesechac/AppData/Local/UnrealEngine/Common/DerivedDataCache/Buckets/FShaderJobCacheShaders/05/ab/534ce2531c779a35a8acbe5b34e1223c48c8.udd" 6371
"C:/Users/varghesechac/AppData/Local/UnrealEngine/Common/DerivedDataCache/Buckets/FShaderJobCacheShaders/74/b7/91b816acc1409832cef853401bc3d76c05af.udd" 6372
"C:/Users/varghesechac/AppData/Local/UnrealEngine/Common/DerivedDataCache/Buckets/FShaderJobCacheShaders/8d/ce/ac2b29568d1b805b056f013457d2fd9edd0c.udd" 6373
"C:/Users/varghesechac/AppData/Local/UnrealEngine/Common/DerivedDataCache/Buckets/FShaderJobCacheShaders/e9/42/23309c55198b5e3218e15a078b547d9ae2bd.udd" 6374
"C:/Users/varghesechac/AppData/Local/UnrealEngine/Common/DerivedDataCache/Buckets/FShaderJobCacheShaders/08/8b/62a0d24a883560775e433324c253a21df62a.udd" 6375
"C:/Users/varghesechac/AppData/Local/UnrealEngine/Common/DerivedDataCache/Buckets/FShaderJobCacheShaders/30/96/2eb81f687c1291a5517a00d7b51a426e06df.udd" 6376
"C:/Users/varghesechac/AppData/Local/UnrealEngine/Common/DerivedDataCache/Buckets/FShaderJobCacheShaders/15/67/35963c09d3248395b3f232d0426e05624541.udd" 6377
"C:/Users/varghesechac/AppData/Local/UnrealEngine/Common/DerivedDataCache/Buckets/FShaderJobCacheShaders/a6/13/a3ca20390b98fce4576f6ee248ca9f8efb16.udd" 6378
"C:/Users/varghesechac/AppData/Local/UnrealEngine/Common/DerivedDataCache/Buckets/FShaderJobCacheShaders/01/04/426df2f95f75aa3e91ab0b3eeeb27561d2c4.udd" 6379
"C:/Users/varghesechac/AppData/Local/UnrealEngine/Common/DerivedDataCache/Buckets/FShaderJobCacheShaders/30/30/e764d84f803bd520cb7b9312f5c73b4a7b16.udd" 6380
"C:/Users/varghesechac/AppData/Local/UnrealEngine/Common/DerivedDataCache/Buckets/FShaderJobCacheShaders/7e/06/db04627d533859811d93b3caabc8bbfc5690.udd" 6381
"C:/Users/varghesechac/AppData/Local/UnrealEngine/Common/DerivedDataCache/Buckets/FShaderJobCacheShaders/26/36/6f95ce335701d6b24fd01cba3dcb4005409c.udd" 6382
"C:/Users/varghesechac/AppData/Local/UnrealEngine/Common/DerivedDataCache/Buckets/FShaderJobCacheShaders/67/4b/f5a345d901f797635a65784eb0914638c8f0.udd" 6383
"C:/Users/varghesechac/AppData/Local/UnrealEngine/Common/DerivedDataCache/Buckets/FShaderJobCacheShaders/0f/d6/976df02234f5be1e7e1164297377ccf04769.udd" 6384
"C:/Users/varghesechac/AppData/Local/UnrealEngine/Common/DerivedDataCache/Buckets/FShaderJobCacheShaders/20/e5/997a7bb6c6961bd202f2f39a08ffef58c7a2.udd" 6385
"C:/Users/varghesechac/AppData/Local/UnrealEngine/Common/DerivedDataCache/Buckets/FShaderJobCacheShaders/4f/b8/cd7a9db5e872f67069fca36eb60192a87c71.udd" 6386
"C:/Users/varghesechac/AppData/Local/UnrealEngine/Common/DerivedDataCache/Buckets/FShaderJobCacheShaders/3f/42/6fd7fbe40d8bccf65bc5ef792efb4807a2a1.udd" 6387
"C:/Users/varghesechac/AppData/Local/UnrealEngine/Common/DerivedDataCache/Buckets/FShaderJobCacheShaders/aa/9d/6441e4e71ea9ff268f19ac7bb59650a62721.udd" 6388
"C:/Users/varghesechac/AppData/Local/UnrealEngine/Common/DerivedDataCache/Buckets/FShaderJobCacheShaders/99/43/6716e51fb06544ddaa1ab684989816e0ad12.udd" 6389
"C:/Users/varghesechac/AppData/Local/UnrealEngine/Common/DerivedDataCache/Buckets/FShaderJobCacheShaders/0e/a2/57f9bdc926876f06043f08407896454ade65.udd" 6390
"C:/Users/varghesechac/AppData/Local/UnrealEngine/Common/DerivedDataCache/Buckets/FShaderJobCacheShaders/45/90/a5c6dfb7a9847025c09f6ba3d029208a36f8.udd" 6391
"C:/Users/varghesechac/AppData/Local/UnrealEngine/Common/DerivedDataCache/Buckets/FShaderJobCacheShaders/f2/39/a5c8ada0d3ed95d8701ead89ad884dc5ccd7.udd" 6392
"C:/Users/varghesechac/AppData/Local/UnrealEngine/Common/DerivedDataCache/Buckets/FShaderJobCacheShaders/21/64/6c6347a5f6cee5f8137f34829655b5a8842c.udd" 6393
"C:/Users/varghesechac/AppData/Local/UnrealEngine/Common/DerivedDataCache/Buckets/FShaderJobCacheShaders/40/4d/b9063fa6c5586151cd68f411c413c979b80d.udd" 6394
"C:/Users/varghesechac/AppData/Local/UnrealEngine/Common/DerivedDataCache/Buckets/FShaderJobCacheShaders/89/ff/0aed3e3f809b6a844d582b94a835977345d7.udd" 6395
"C:/Users/varghesechac/AppData/Local/UnrealEngine/Common/DerivedDataCache/Buckets/FShaderJobCacheShaders/ed/ce/7436af29fe434e7d7313d2e8aea9ed67e2e1.udd" 6396
"C:/Users/varghesechac/AppData/Local/UnrealEngine/Common/DerivedDataCache/Buckets/FShaderJobCacheShaders/be/53/f3979678a72a224d929b4dcc166de167acfa.udd" 6397
"C:/Users/varghesechac/AppData/Local/UnrealEngine/Common/DerivedDataCache/Buckets/FShaderJobCacheShaders/fd/35/0040440095f17b0a7a00be7cf5c535df0413.udd" 6398
"C:/Users/varghesechac/AppData/Local/UnrealEngine/Common/DerivedDataCache/Buckets/FShaderJobCacheShaders/b0/ad/a57a2145603c0bc5bd559060bbbaed995004.udd" 6399
"C:/Users/varghesechac/AppData/Local/UnrealEngine/Common/DerivedDataCache/Buckets/FShaderJobCacheShaders/7d/22/22a9a77836a36657ec6f8256596a4d163b81.udd" 6400
"C:/Users/varghesechac/AppData/Local/UnrealEngine/Common/DerivedDataCache/Buckets/FShaderJobCacheShaders/1c/ec/ddba11b266b012f4a053e4e23d6555582477.udd" 6401
"C:/Users/varghesechac/AppData/Local/UnrealEngine/Common/DerivedDataCache/Buckets/FShaderJobCacheShaders/c6/7d/06a9537fb7da887ad511c9326478e8315116.udd" 6402
"C:/Users/varghesechac/AppData/Local/UnrealEngine/Common/DerivedDataCache/Buckets/FShaderJobCacheShaders/62/a4/940900a0cc636c617b637f482be737bb6df2.udd" 6403
"C:/Users/varghesechac/AppData/Local/UnrealEngine/Common/DerivedDataCache/Buckets/FShaderJobCacheShaders/22/ef/b952f19cb2cca7516782a395553206f2a1a0.udd" 6404
"C:/Users/varghesechac/AppData/Local/UnrealEngine/Common/DerivedDataCache/Buckets/FShaderJobCacheShaders/74/2f/c7de33d14c1fe1076204b94565bbe9b87866.udd" 6405
"C:/Users/varghesechac/AppData/Local/UnrealEngine/Common/DerivedDataCache/Buckets/FShaderJobCacheShaders/be/4c/156f2d16ddc6f07aa294abdcea50cb31ca0a.udd" 6406
"C:/Users/varghesechac/AppData/Local/UnrealEngine/Common/DerivedDataCache/Buckets/FShaderJobCacheShaders/98/61/6fa532554d11293136495e1ab5fa8a6c21c0.udd" 6407
"C:/Users/varghesechac/AppData/Local/UnrealEngine/Common/DerivedDataCache/Buckets/FShaderJobCacheShaders/fc/8b/fef0678c773704a42e0cdf0eb462738decdf.udd" 6408
"C:/Users/varghesechac/AppData/Local/UnrealEngine/Common/DerivedDataCache/Buckets/FShaderJobCacheShaders/1e/c1/49824a4945c941e20fcee94e01a41d79b799.udd" 6409
"C:/Users/varghesechac/AppData/Local/UnrealEngine/Common/DerivedDataCache/Buckets/FShaderJobCacheShaders/21/7e/b65681ccfb5e28a8af222c5553edeb1c5023.udd" 6410
"C:/Users/varghesechac/AppData/Local/UnrealEngine/Common/DerivedDataCache/Buckets/FShaderJobCacheShaders/8d/e6/6f061ec22a72c8b18ea811fdbc7827981387.udd" 6411
"C:/Users/varghesechac/AppData/Local/UnrealEngine/Common/DerivedDataCache/Buckets/FShaderJobCacheShaders/81/79/e28d72a06f99e56522e2827d8ced7ddf5366.udd" 6412
"C:/Users/varghesechac/AppData/Local/UnrealEngine/Common/DerivedDataCache/Buckets/FShaderJobCacheShaders/0f/60/779575c03b509a1f931a3df70f1e8f825b44.udd" 6413
"C:/Users/varghesechac/AppData/Local/UnrealEngine/Common/DerivedDataCache/Buckets/FShaderJobCacheShaders/9a/0a/fc00554cabd519e2b7e5719261631f04b832.udd" 6414
"C:/Users/varghesechac/AppData/Local/UnrealEngine/Common/DerivedDataCache/Buckets/FShaderJobCacheShaders/c9/c3/13e9bd510af342470b82c31d95a813aa835b.udd" 6415
"C:/Users/varghesechac/AppData/Local/UnrealEngine/Common/DerivedDataCache/Buckets/FShaderJobCacheShaders/25/90/39c2a5ccb098b34b90c02e799c1ad31a795a.udd" 6416
"C:/Users/varghesechac/AppData/Local/UnrealEngine/Common/DerivedDataCache/Buckets/FShaderJobCacheShaders/f6/fc/e3835ef062b42f1649eb1c6b04c1b6070e46.udd" 6417
"C:/Users/varghesechac/AppData/Local/UnrealEngine/Common/DerivedDataCache/Buckets/FShaderJobCacheShaders/81/e8/1fdb1e875d6dac4c0ad4608ed62b3434bf6b.udd" 6418
"C:/Users/varghesechac/AppData/Local/UnrealEngine/Common/DerivedDataCache/Buckets/FShaderJobCacheShaders/1e/fc/66c86faf7e58998989817aef894ff4ea5a2c.udd" 6419
"C:/Users/varghesechac/AppData/Local/UnrealEngine/Common/DerivedDataCache/Buckets/FShaderJobCacheShaders/e7/f9/1e86266175cb2fbd2963e86caa12df3d2a74.udd" 6420
"C:/Users/varghesechac/AppData/Local/UnrealEngine/Common/DerivedDataCache/Buckets/FShaderJobCacheShaders/59/5c/23dec2d5668864705493c285fbcb4af04e2f.udd" 6421
"C:/Users/varghesechac/AppData/Local/UnrealEngine/Common/DerivedDataCache/Buckets/FShaderJobCacheShaders/30/9a/240ce9e8db0b06d75813683b8d81e15f6815.udd" 6422
"C:/Users/varghesechac/AppData/Local/UnrealEngine/Common/DerivedDataCache/Buckets/FShaderJobCacheShaders/98/34/7610172b273a725395b7b18e9d71c60edcd8.udd" 6423
"C:/Users/varghesechac/AppData/Local/UnrealEngine/Common/DerivedDataCache/Buckets/FShaderJobCacheShaders/53/79/f960aefb5f5bb3d19cd9f45b5fdb4673f916.udd" 6424
"C:/Users/varghesechac/AppData/Local/UnrealEngine/Common/DerivedDataCache/Buckets/FShaderJobCacheShaders/ce/0d/ca2fb08b1df50147e8b207f3890a97d083b0.udd" 6425
"C:/Users/varghesechac/AppData/Local/UnrealEngine/Common/DerivedDataCache/Buckets/FShaderJobCacheShaders/03/51/9b50b1f9a3d402b04afe8b3089a9cd19824c.udd" 6426
"C:/Users/varghesechac/AppData/Local/UnrealEngine/Common/DerivedDataCache/Buckets/FShaderJobCacheShaders/59/05/36ccef4ee347f1c3bb2dd0a3886f1fb3f32a.udd" 6427
"C:/Users/varghesechac/AppData/Local/UnrealEngine/Common/DerivedDataCache/Buckets/FShaderJobCacheShaders/1c/59/5475ca3ee5cea3895f12c52dec40d5759d83.udd" 6428
"C:/Users/varghesechac/AppData/Local/UnrealEngine/Common/DerivedDataCache/Buckets/FShaderJobCacheShaders/e5/09/b8b843fb058e95ac319819620b3304a2dabe.udd" 6429
"C:/Users/varghesechac/AppData/Local/UnrealEngine/Common/DerivedDataCache/Buckets/FShaderJobCacheShaders/cf/e2/596aa4909a93e218721510b73b960595705a.udd" 6430
"C:/Users/varghesechac/AppData/Local/UnrealEngine/Common/DerivedDataCache/Buckets/FShaderJobCacheShaders/df/45/ad640e6658b0e783693228f95d1c0fd45555.udd" 6431
"C:/Users/varghesechac/AppData/Local/UnrealEngine/Common/DerivedDataCache/Buckets/FShaderJobCacheShaders/00/04/d5695b4f8b5342a9b94caecce027f106d42a.udd" 6432
"C:/Users/varghesechac/AppData/Local/UnrealEngine/Common/DerivedDataCache/Buckets/FShaderJobCacheShaders/9a/1c/baf0df2caabd9748a3e697a286c74f5f685d.udd" 6433
"C:/Users/varghesechac/AppData/Local/UnrealEngine/Common/DerivedDataCache/Buckets/FShaderJobCacheShaders/c2/a3/df8debc4de1e13faaaacfacaeee16a4bc754.udd" 6434
"C:/Users/varghesechac/AppData/Local/UnrealEngine/Common/DerivedDataCache/Buckets/FShaderJobCacheShaders/b2/b2/f14b048c3e5db41e20b9998ccc1151cc051b.udd" 6435
"C:/Users/varghesechac/AppData/Local/UnrealEngine/Common/DerivedDataCache/Buckets/FShaderJobCacheShaders/eb/88/b66249597e02f0b5fe50f35dff7eec318002.udd" 6436
"C:/Users/varghesechac/AppData/Local/UnrealEngine/Common/DerivedDataCache/Buckets/FShaderJobCacheShaders/8f/53/fc16a15fc41480915c8015c84435cefa4fe6.udd" 6437
"C:/Users/varghesechac/AppData/Local/UnrealEngine/Common/DerivedDataCache/Buckets/FShaderJobCacheShaders/18/01/cfb6dcd64df10d7723a08aed7e068ead44a4.udd" 6438
"C:/Users/varghesechac/AppData/Local/UnrealEngine/Common/DerivedDataCache/Buckets/FShaderJobCacheShaders/26/96/a8cb37854f4aa133946cb065cf384efc0a0d.udd" 6439
"C:/Users/varghesechac/AppData/Local/UnrealEngine/Common/DerivedDataCache/Buckets/FShaderJobCacheShaders/01/68/cc33e10275e2f64693a39380d96b931356ca.udd" 6440
"C:/Users/varghesechac/AppData/Local/UnrealEngine/Common/DerivedDataCache/Buckets/FShaderJobCacheShaders/63/8e/14f39313dfd19305d590060b3e843192542a.udd" 6441
"C:/Users/varghesechac/AppData/Local/UnrealEngine/Common/DerivedDataCache/Buckets/FShaderJobCacheShaders/b5/8e/379c3edea87ed5da0c17e5c9c41fcfd8e785.udd" 6442
"C:/Users/varghesechac/AppData/Local/UnrealEngine/Common/DerivedDataCache/Buckets/FShaderJobCacheShaders/0f/04/1fc115dff93310afebce12e23fa41134aaad.udd" 6443
"C:/Users/varghesechac/AppData/Local/UnrealEngine/Common/DerivedDataCache/Buckets/FShaderJobCacheShaders/de/20/4bac445bc0a6db0e1a36f80d19e5d406bec7.udd" 6444
"C:/Users/varghesechac/AppData/Local/UnrealEngine/Common/DerivedDataCache/Buckets/FShaderJobCacheShaders/2c/7a/56a904c4445861df29b57f11c838190963d2.udd" 6445
"C:/Users/varghesechac/AppData/Local/UnrealEngine/Common/DerivedDataCache/Buckets/FShaderJobCacheShaders/74/f8/e4aa069cc46f4d6773708256dfd99d694459.udd" 6446
"C:/Users/varghesechac/AppData/Local/UnrealEngine/Common/DerivedDataCache/Buckets/FShaderJobCacheShaders/05/38/bf6b86fc15c62b545cab330fc5cbce6bf211.udd" 6447
"C:/Users/varghesechac/AppData/Local/UnrealEngine/Common/DerivedDataCache/Buckets/FShaderJobCacheShaders/be/6e/fcceef321322108e8f26fb429df8215eccb6.udd" 6448
"C:/Users/varghesechac/AppData/Local/UnrealEngine/Common/DerivedDataCache/Buckets/FShaderJobCacheShaders/70/1b/7ec78e143f3875a4480977338f145d615c95.udd" 6449
"C:/Users/varghesechac/AppData/Local/UnrealEngine/Common/DerivedDataCache/Buckets/FShaderJobCacheShaders/03/17/215db9eac133c52b37cf227ca28789f0d28f.udd" 6450
"C:/Users/varghesechac/AppData/Local/UnrealEngine/Common/DerivedDataCache/Buckets/FShaderJobCacheShaders/4b/f0/31488da43792bcd238b37a52f452a30bc1cd.udd" 6451
"C:/Users/varghesechac/AppData/Local/UnrealEngine/Common/DerivedDataCache/Buckets/FShaderJobCacheShaders/98/48/c00d814ab54b04a089e0220f0a4611565bbb.udd" 6452
"C:/Users/varghesechac/AppData/Local/UnrealEngine/Common/DerivedDataCache/Buckets/FShaderJobCacheShaders/5f/15/554d9776f17e22c522af176302aaeb365628.udd" 6453
"C:/Users/varghesechac/AppData/Local/UnrealEngine/Common/DerivedDataCache/Buckets/FShaderJobCacheShaders/4f/17/169f65fb1340e9f30f7416e4b27b2de11e74.udd" 6454
"C:/Users/varghesechac/AppData/Local/UnrealEngine/Common/DerivedDataCache/Buckets/FShaderJobCacheShaders/f4/0b/e6c1a517d962c25c16258db4290bdfd21c1b.udd" 6455
"C:/Users/varghesechac/AppData/Local/UnrealEngine/Common/DerivedDataCache/Buckets/FShaderJobCacheShaders/07/6c/4aa80180abc5cada4a29cec7c83913d5af96.udd" 6456
"C:/Users/varghesechac/AppData/Local/UnrealEngine/Common/DerivedDataCache/Buckets/FShaderJobCacheShaders/59/43/4ca303c837a5dd8c05ce236988701d94f702.udd" 6457
"C:/Users/varghesechac/AppData/Local/UnrealEngine/Common/DerivedDataCache/Buckets/FShaderJobCacheShaders/0a/ad/889285cae286b750727cea2d873576ce5b3f.udd" 6458
"C:/Users/varghesechac/AppData/Local/UnrealEngine/Common/DerivedDataCache/Buckets/FShaderJobCacheShaders/ad/f6/8fe02adb9a1dbb72e15732ca19aac6920168.udd" 6459
"C:/Users/varghesechac/AppData/Local/UnrealEngine/Common/DerivedDataCache/Buckets/FShaderJobCacheShaders/49/ed/faf5dc4d6aed4421f0974434dfa0ecc94f65.udd" 6460
"C:/Users/varghesechac/AppData/Local/UnrealEngine/Common/DerivedDataCache/Buckets/FShaderJobCacheShaders/4f/e9/ce4543ec4d656a911d5fc4b8a5bd1171970e.udd" 6461
"C:/Users/varghesechac/AppData/Local/UnrealEngine/Common/DerivedDataCache/Buckets/FShaderJobCacheShaders/d5/51/74753e06bc4a2af20d2f4a5bb61bf6f49bf6.udd" 6462
"C:/Users/varghesechac/AppData/Local/UnrealEngine/Common/DerivedDataCache/Buckets/FShaderJobCacheShaders/d9/2a/36248c878c2da56ad6a11d530e539f1f8c69.udd" 6463
"C:/Users/varghesechac/AppData/Local/UnrealEngine/Common/DerivedDataCache/Buckets/FShaderJobCacheShaders/b2/dd/f84c5f64324108fcd8301db6e66029e0a3cd.udd" 6464
"C:/Users/varghesechac/AppData/Local/UnrealEngine/Common/DerivedDataCache/Buckets/FShaderJobCacheShaders/79/82/0259609cb10ede7ef42cfefd03728516f170.udd" 6465
"C:/Users/varghesechac/AppData/Local/UnrealEngine/Common/DerivedDataCache/Buckets/FShaderJobCacheShaders/5e/69/08169e8c24ce80df8c44b5f0971095be7097.udd" 6466
"C:/Users/varghesechac/AppData/Local/UnrealEngine/Common/DerivedDataCache/Buckets/FShaderJobCacheShaders/f0/76/4770d83ee8ca511981c9256da462c403013b.udd" 6467
"C:/Users/varghesechac/AppData/Local/UnrealEngine/Common/DerivedDataCache/Buckets/FShaderJobCacheShaders/57/ce/319e81ebb3cb47c1c84e41a2dbe6aff20da2.udd" 6468
"C:/Users/varghesechac/AppData/Local/UnrealEngine/Common/DerivedDataCache/Buckets/FShaderJobCacheShaders/5b/98/7d1c83c3d87c467cb0f1173ea2344499dbf4.udd" 6469
"C:/Users/varghesechac/AppData/Local/UnrealEngine/Common/DerivedDataCache/Buckets/FShaderJobCacheShaders/68/11/fd3cd499b195a98125597a4e656d335befad.udd" 6470
"C:/Users/varghesechac/AppData/Local/UnrealEngine/Common/DerivedDataCache/Buckets/FShaderJobCacheShaders/07/57/1040c95a78aab5a35aa32470be58e34f655a.udd" 6471
"C:/Users/varghesechac/AppData/Local/UnrealEngine/Common/DerivedDataCache/Buckets/FShaderJobCacheShaders/b7/06/b84bc00e1a7743f79601ddc4503bc5627e27.udd" 6472
"C:/Users/varghesechac/AppData/Local/UnrealEngine/Common/DerivedDataCache/Buckets/FShaderJobCacheShaders/5d/79/ed4eb18334c6856d3da2ee5c9fb5d796b96a.udd" 6473
"C:/Users/varghesechac/AppData/Local/UnrealEngine/Common/DerivedDataCache/Buckets/FShaderJobCacheShaders/c3/90/dd8ce6bac978ab6ac917387e390f9688eb65.udd" 6474
"C:/Users/varghesechac/AppData/Local/UnrealEngine/Common/DerivedDataCache/Buckets/FShaderJobCacheShaders/09/c6/5a84c089c13f2de53c57a7fbc71886bbe350.udd" 6475
"C:/Users/varghesechac/AppData/Local/UnrealEngine/Common/DerivedDataCache/Buckets/FShaderJobCacheShaders/66/8c/25be55083ed00cbd1e4e521ea91204c61efc.udd" 6476
"C:/Users/varghesechac/AppData/Local/UnrealEngine/Common/DerivedDataCache/Buckets/FShaderJobCacheShaders/f3/88/e3a107263d41e1763aa5e976f966acd4b5b6.udd" 6477
"C:/Users/varghesechac/AppData/Local/UnrealEngine/Common/DerivedDataCache/Buckets/FShaderJobCacheShaders/6a/07/abd2ddf53b1225f8ca83d7debfeb78e49b76.udd" 6478
"C:/Users/varghesechac/AppData/Local/UnrealEngine/Common/DerivedDataCache/Buckets/FShaderJobCacheShaders/e8/1c/267d8043e7d756e7317f9703baea85e94e2f.udd" 6479
"C:/Users/varghesechac/AppData/Local/UnrealEngine/Common/DerivedDataCache/Buckets/FShaderJobCacheShaders/90/38/5748c9b39c668918fbe7dbcc89cd1d74a7ee.udd" 6480
"C:/Users/varghesechac/AppData/Local/UnrealEngine/Common/DerivedDataCache/Buckets/FShaderJobCacheShaders/4b/9a/3e4da90b09f04ae8b50177c71257e3d4ec8e.udd" 6481
"C:/Users/varghesechac/AppData/Local/UnrealEngine/Common/DerivedDataCache/Buckets/FShaderJobCacheShaders/09/75/61fafa1b20a64fa6e36fdac09959a91a1182.udd" 6482
"C:/Users/varghesechac/AppData/Local/UnrealEngine/Common/DerivedDataCache/Buckets/FShaderJobCacheShaders/32/1e/8189e81dfd8cded54509fd8fba559534786d.udd" 6483
"C:/Users/varghesechac/AppData/Local/UnrealEngine/Common/DerivedDataCache/Buckets/FShaderJobCacheShaders/f0/c7/a77bbfcfb5f252ac7ee0ffd3a2b6419ecef7.udd" 6484
"C:/Users/varghesechac/AppData/Local/UnrealEngine/Common/DerivedDataCache/Buckets/FShaderJobCacheShaders/d9/01/f752322c2f9b9dcc39858bcf7aee34cb4c92.udd" 6485
"C:/Users/varghesechac/AppData/Local/UnrealEngine/Common/DerivedDataCache/Buckets/FShaderJobCacheShaders/f1/f0/0200bc48f5a17e79b5270e2d48d1bec6f216.udd" 6486
"C:/Users/varghesechac/AppData/Local/UnrealEngine/Common/DerivedDataCache/Buckets/FShaderJobCacheShaders/b6/72/415b0f0b6805af0ed8eccaa48ec339d40e13.udd" 6487
"C:/Users/varghesechac/AppData/Local/UnrealEngine/Common/DerivedDataCache/Buckets/FShaderJobCacheShaders/54/b6/d853099a5842ad2328d43ab3746185bae19f.udd" 6488
"C:/Users/varghesechac/AppData/Local/UnrealEngine/Common/DerivedDataCache/Buckets/FShaderJobCacheShaders/94/a7/43fa9a789bfd7e69ce47c032a5fd2c935c14.udd" 6489
"C:/Users/varghesechac/AppData/Local/UnrealEngine/Common/DerivedDataCache/Buckets/FShaderJobCacheShaders/87/70/9e68ad6bc5f05049092f36646e75aaed072b.udd" 6490
"C:/Users/varghesechac/AppData/Local/UnrealEngine/Common/DerivedDataCache/Buckets/FShaderJobCacheShaders/67/f7/6243b0a623bd7103a37fd1cd523062f0639e.udd" 6491
"C:/Users/varghesechac/AppData/Local/UnrealEngine/Common/DerivedDataCache/Buckets/FShaderJobCacheShaders/99/42/c88de2cebd4045afedd3dce4b3f8282998ca.udd" 6492
"C:/Users/varghesechac/AppData/Local/UnrealEngine/Common/DerivedDataCache/Buckets/FShaderJobCacheShaders/b0/e6/b6b550167ba95cff0a225277a888f1083068.udd" 6493
"C:/Users/varghesechac/AppData/Local/UnrealEngine/Common/DerivedDataCache/Buckets/FShaderJobCacheShaders/2d/73/b5adf885d0c750f4e24bcdc1c6d9b7021b48.udd" 6494
"C:/Users/varghesechac/AppData/Local/UnrealEngine/Common/DerivedDataCache/Buckets/FShaderJobCacheShaders/3c/11/f78fceb69e50619c65640724c53e58a0afff.udd" 6495
"C:/Users/varghesechac/AppData/Local/UnrealEngine/Common/DerivedDataCache/Buckets/FShaderJobCacheShaders/cc/46/ce81ed78548ce2195a7a4d7ef2351f74b9c2.udd" 6496
"C:/Users/varghesechac/AppData/Local/UnrealEngine/Common/DerivedDataCache/Buckets/FShaderJobCacheShaders/57/4f/7ffb4206670fe85abedcd014c36f1d7c3268.udd" 6497
"C:/Users/varghesechac/AppData/Local/UnrealEngine/Common/DerivedDataCache/Buckets/FShaderJobCacheShaders/e4/9e/ba025b9f071ca67e3a2c5a112a3a30d9301d.udd" 6498
"C:/Users/varghesechac/AppData/Local/UnrealEngine/Common/DerivedDataCache/Buckets/FShaderJobCacheShaders/f9/e9/6ce1e86f21e982ce7a61b61950da65b54bab.udd" 6499
"C:/Users/varghesechac/AppData/Local/UnrealEngine/Common/DerivedDataCache/Buckets/FShaderJobCacheShaders/c2/64/23491cfb7a66e14e321f9d3477f4337b19d9.udd" 6500
"C:/Users/varghesechac/AppData/Local/UnrealEngine/Common/DerivedDataCache/Buckets/FShaderJobCacheShaders/55/1a/3e51a6de11015a183d549eb0a21f6454c96c.udd" 6501
"C:/Users/varghesechac/AppData/Local/UnrealEngine/Common/DerivedDataCache/Buckets/FShaderJobCacheShaders/37/6b/73cc4c46d938f899a362f576be3a86490d09.udd" 6502
"C:/Users/varghesechac/AppData/Local/UnrealEngine/Common/DerivedDataCache/Buckets/FShaderJobCacheShaders/05/73/92c87e9413616379294541b861938568e5c0.udd" 6503
"C:/Users/varghesechac/AppData/Local/UnrealEngine/Common/DerivedDataCache/Buckets/FShaderJobCacheShaders/9c/01/1616a0773d198d3efffc209fa4289de0dbfb.udd" 6504
"C:/Users/varghesechac/AppData/Local/UnrealEngine/Common/DerivedDataCache/Buckets/FShaderJobCacheShaders/2a/40/9c69ac55cef0353399e67f4f9c2f6ed7c350.udd" 6505
"C:/Users/varghesechac/AppData/Local/UnrealEngine/Common/DerivedDataCache/Buckets/FShaderJobCacheShaders/91/ac/ab4b4e233db69dcd8ef863d968c9424561ef.udd" 6506
"C:/Users/varghesechac/AppData/Local/UnrealEngine/Common/DerivedDataCache/Buckets/FShaderJobCacheShaders/c0/db/3e122a65ceccb7e601b8dd504dfb08a67ff5.udd" 6507
"C:/Users/varghesechac/AppData/Local/UnrealEngine/Common/DerivedDataCache/Buckets/FShaderJobCacheShaders/38/cf/bebeda757c6fe91ed2856ad6196f7bc86197.udd" 6508
"C:/Users/varghesechac/AppData/Local/UnrealEngine/Common/DerivedDataCache/Buckets/FShaderJobCacheShaders/81/dd/fd701b2fd6c6f685220804f8720663f9873d.udd" 6509
"C:/Users/varghesechac/AppData/Local/UnrealEngine/Common/DerivedDataCache/Buckets/FShaderJobCacheShaders/7e/18/9f5c88383e4a8fdd6e4884a997bfafb46ecb.udd" 6510
"C:/Users/varghesechac/AppData/Local/UnrealEngine/Common/DerivedDataCache/Buckets/FShaderJobCacheShaders/f6/25/431ec5f4eb5346cb84fa433a2b278bad0418.udd" 6511
"C:/Users/varghesechac/AppData/Local/UnrealEngine/Common/DerivedDataCache/Buckets/FShaderJobCacheShaders/47/f0/fed5e3148c87fb5279f299fcc03b6923aad9.udd" 6512
"C:/Users/varghesechac/AppData/Local/UnrealEngine/Common/DerivedDataCache/Buckets/FShaderJobCacheShaders/c5/71/51b0dfab202e81faf21d97c0403deef22db7.udd" 6513
"C:/Users/varghesechac/AppData/Local/UnrealEngine/Common/DerivedDataCache/Buckets/FShaderJobCacheShaders/97/47/bce4dc4be07d031a3913706881d7c47a3281.udd" 6514
"C:/Users/varghesechac/AppData/Local/UnrealEngine/Common/DerivedDataCache/Buckets/FShaderJobCacheShaders/b1/04/ef7901b1a33f74d9a8a47453d274192fd983.udd" 6515
"C:/Users/varghesechac/AppData/Local/UnrealEngine/Common/DerivedDataCache/Buckets/FShaderJobCacheShaders/62/90/27dc0fd4e9366c467371b12b08324738d0f6.udd" 6516
"C:/Users/varghesechac/AppData/Local/UnrealEngine/Common/DerivedDataCache/Buckets/FShaderJobCacheShaders/c0/28/fc122fd2bbe101f5dcd4961952778cfa3262.udd" 6517
"C:/Users/varghesechac/AppData/Local/UnrealEngine/Common/DerivedDataCache/Buckets/FShaderJobCacheShaders/fa/89/e72b85bd983f68bed9da56aae589b02acc03.udd" 6518
"C:/Users/varghesechac/AppData/Local/UnrealEngine/Common/DerivedDataCache/Buckets/FShaderJobCacheShaders/8d/12/c6504fcda6c2d5efd3bdd28f2a0bbe8c410c.udd" 6519
"C:/Users/varghesechac/AppData/Local/UnrealEngine/Common/DerivedDataCache/Buckets/FShaderJobCacheShaders/1d/7b/7ce23a36ef66347cd87aae5d17e4f6dea436.udd" 6520
"C:/Users/varghesechac/AppData/Local/UnrealEngine/Common/DerivedDataCache/Buckets/FShaderJobCacheShaders/91/ca/7a47b3887ba6b1f6607c7e838a30c5b2ae77.udd" 6521
"C:/Users/varghesechac/AppData/Local/UnrealEngine/Common/DerivedDataCache/Buckets/FShaderJobCacheShaders/91/81/291291a1202c53809c96428261e11d7dcbcd.udd" 6522
"C:/Users/varghesechac/AppData/Local/UnrealEngine/Common/DerivedDataCache/Buckets/FShaderJobCacheShaders/ff/e5/50a2bacc0371e57fe681d0ab247673867d24.udd" 6523
"C:/Users/varghesechac/AppData/Local/UnrealEngine/Common/DerivedDataCache/Buckets/FShaderJobCacheShaders/26/45/618bbe479116933c7c5ad9ffcbf7f7aa1ffd.udd" 6524
"C:/Users/varghesechac/AppData/Local/UnrealEngine/Common/DerivedDataCache/Buckets/FShaderJobCacheShaders/89/c8/6de54928b49a65b5ae046245eefcece244bc.udd" 6525
"C:/Users/varghesechac/AppData/Local/UnrealEngine/Common/DerivedDataCache/Buckets/FShaderJobCacheShaders/d1/b0/04335f98e0998e8841fd8fb99712a2a498b9.udd" 6526
"C:/Users/varghesechac/AppData/Local/UnrealEngine/Common/DerivedDataCache/Buckets/FShaderJobCacheShaders/37/ba/1f406f595db1987a723715e60f6774eb82e2.udd" 6527
"C:/Users/varghesechac/AppData/Local/UnrealEngine/Common/DerivedDataCache/Buckets/FShaderJobCacheShaders/2f/7e/04023776860324efc12dc0de1caa8a76c10b.udd" 6528
"C:/Users/varghesechac/AppData/Local/UnrealEngine/Common/DerivedDataCache/Buckets/FShaderJobCacheShaders/c2/52/31c693d6bbeefd2fc99095270589cc29df94.udd" 6529
"C:/Users/varghesechac/AppData/Local/UnrealEngine/Common/DerivedDataCache/Buckets/FShaderJobCacheShaders/4a/7e/fff5ccb56cec242f33105688b1533a9b3104.udd" 6530
"C:/Users/varghesechac/AppData/Local/UnrealEngine/Common/DerivedDataCache/Buckets/FShaderJobCacheShaders/b5/90/d3860335ad1d9d7bb8054501289425cbadb3.udd" 6531
"C:/Users/varghesechac/AppData/Local/UnrealEngine/Common/DerivedDataCache/Buckets/FShaderJobCacheShaders/23/03/4fcc2a3ccdb1d67ffffa997e07976b8a8769.udd" 6532
"C:/Users/varghesechac/AppData/Local/UnrealEngine/Common/DerivedDataCache/Buckets/FShaderJobCacheShaders/be/fe/dd86573f27965321e2ccf9f2d54a48ceaefb.udd" 6533
"C:/Users/varghesechac/AppData/Local/UnrealEngine/Common/DerivedDataCache/Buckets/FShaderJobCacheShaders/04/90/91a388c5b07ad6bd981c68cb95aec9fcb84b.udd" 6534
"C:/Users/varghesechac/AppData/Local/UnrealEngine/Common/DerivedDataCache/Buckets/FShaderJobCacheShaders/c5/fb/5b495bb52dde66f66125f9e64d6bd080b368.udd" 6535
"C:/Users/varghesechac/AppData/Local/UnrealEngine/Common/DerivedDataCache/Buckets/FShaderJobCacheShaders/da/ed/3132c8b4f743aa50d5df4b60f8ce6f8243ca.udd" 6536
"C:/Users/varghesechac/AppData/Local/UnrealEngine/Common/DerivedDataCache/Buckets/FShaderJobCacheShaders/f7/4b/948271ec165f6deff8bde29377c5cc881e2c.udd" 6537
"C:/Users/varghesechac/AppData/Local/UnrealEngine/Common/DerivedDataCache/Buckets/FShaderJobCacheShaders/0a/25/761fe04c3fcb19075b70ae7638b3016724de.udd" 6538
"C:/Users/varghesechac/AppData/Local/UnrealEngine/Common/DerivedDataCache/Buckets/FShaderJobCacheShaders/a9/e9/0f32f39b4c398890bff88a7a9ed816200122.udd" 6539
"C:/Users/varghesechac/AppData/Local/UnrealEngine/Common/DerivedDataCache/Buckets/FShaderJobCacheShaders/23/0d/e0dca039451cd61561a2df491c092629e55d.udd" 6540
"C:/Users/varghesechac/AppData/Local/UnrealEngine/Common/DerivedDataCache/Buckets/FShaderJobCacheShaders/3e/8c/31d65d97d889a8e11fddcffeb6f13bc9ec0b.udd" 6541
"C:/Users/varghesechac/AppData/Local/UnrealEngine/Common/DerivedDataCache/Buckets/FShaderJobCacheShaders/5f/a4/7b37dbbcbdbdb1b7962de88a2095c4ca0ebc.udd" 6542
"C:/Users/varghesechac/AppData/Local/UnrealEngine/Common/DerivedDataCache/Buckets/FShaderJobCacheShaders/a1/3f/53330bc30bc9edc130301fcdf3fb25916e4d.udd" 6543
"C:/Users/varghesechac/AppData/Local/UnrealEngine/Common/DerivedDataCache/Buckets/FShaderJobCacheShaders/e5/ed/68dd50aed0530443d4a059bd1d7048672064.udd" 6544
"C:/Users/varghesechac/AppData/Local/UnrealEngine/Common/DerivedDataCache/Buckets/FShaderJobCacheShaders/e4/c8/170b0fac19574b51eae7363dafadc8c3373d.udd" 6545
"C:/Users/varghesechac/AppData/Local/UnrealEngine/Common/DerivedDataCache/Buckets/FShaderJobCacheShaders/72/b6/b5ddbfb1fdc710e52ed3ddd7dfb367ffe99d.udd" 6546
"C:/Users/varghesechac/AppData/Local/UnrealEngine/Common/DerivedDataCache/Buckets/FShaderJobCacheShaders/1d/28/f9b9571737e9a0f0980be429293abe24ba4c.udd" 6547
"C:/Users/varghesechac/AppData/Local/UnrealEngine/Common/DerivedDataCache/Buckets/FShaderJobCacheShaders/29/37/a675d3b7a371ab552445eaf8642fff811a17.udd" 6548
"C:/Users/varghesechac/AppData/Local/UnrealEngine/Common/DerivedDataCache/Buckets/FShaderJobCacheShaders/9d/8e/e57fcc755014984a503cd2856f68e0478acc.udd" 6549
"C:/Users/varghesechac/AppData/Local/UnrealEngine/Common/DerivedDataCache/Buckets/FShaderJobCacheShaders/24/a8/06e8bc963d5c203c5f9229f2f8dd5b3ea8b0.udd" 6550
"C:/Users/varghesechac/AppData/Local/UnrealEngine/Common/DerivedDataCache/Buckets/FShaderJobCacheShaders/9b/e7/afff3aaee66902a354338381be3663c3076a.udd" 6551
"C:/Users/varghesechac/AppData/Local/UnrealEngine/Common/DerivedDataCache/Buckets/FShaderJobCacheShaders/c9/ad/92a46429fb36aef37ac2f2daf7382dee195e.udd" 6552
"C:/Users/varghesechac/AppData/Local/UnrealEngine/Common/DerivedDataCache/Buckets/FShaderJobCacheShaders/35/4c/c23805a3ccc85f51e6ac363578f09dc39aa2.udd" 6553
"C:/Users/varghesechac/AppData/Local/UnrealEngine/Common/DerivedDataCache/Buckets/FShaderJobCacheShaders/bb/19/3b17e7c9033e95e6d216218222d35bde4c53.udd" 6554
"C:/Users/varghesechac/AppData/Local/UnrealEngine/Common/DerivedDataCache/Buckets/FShaderJobCacheShaders/0d/5a/b1ccc8776468f73ee46f1701f45656266d5c.udd" 6555
"C:/Users/varghesechac/AppData/Local/UnrealEngine/Common/DerivedDataCache/Buckets/FShaderJobCacheShaders/6d/4b/5cbe21ec8df429cc5e229443272fb7224003.udd" 6556
"C:/Users/varghesechac/AppData/Local/UnrealEngine/Common/DerivedDataCache/Buckets/FShaderJobCacheShaders/31/dc/f632e6e2610715b722d722922dacfe4e0387.udd" 6557
"C:/Users/varghesechac/AppData/Local/UnrealEngine/Common/DerivedDataCache/Buckets/FShaderJobCacheShaders/b7/0c/73ea1bec48ddfd7b181f4cf6e8d4bd557b67.udd" 6558
"C:/Users/varghesechac/AppData/Local/UnrealEngine/Common/DerivedDataCache/Buckets/FShaderJobCacheShaders/c2/33/755fc7faf1e37716bc2f7e16b4227abc6206.udd" 6559
"C:/Users/varghesechac/AppData/Local/UnrealEngine/Common/DerivedDataCache/Buckets/FShaderJobCacheShaders/da/16/f0fe32d472a01ab760065380a6f9fa6f07ec.udd" 6560
"C:/Users/varghesechac/AppData/Local/UnrealEngine/Common/DerivedDataCache/Buckets/FShaderJobCacheShaders/60/8a/e55c27897adc37f805804ac527137f72ba0e.udd" 6561
"C:/Users/varghesechac/AppData/Local/UnrealEngine/Common/DerivedDataCache/Buckets/FShaderJobCacheShaders/ef/a2/c30175cbf6d7b3f72b6cef8a8a256406bfac.udd" 6562
"C:/Users/varghesechac/AppData/Local/UnrealEngine/Common/DerivedDataCache/Buckets/FShaderJobCacheShaders/50/08/c26b044bb798d61e18758689dbfdd8629bb0.udd" 6563
"C:/Users/varghesechac/AppData/Local/UnrealEngine/Common/DerivedDataCache/Buckets/FShaderJobCacheShaders/d1/81/13df746178c1ce8c5c0ee52bfabc46db1023.udd" 6564
"C:/Users/varghesechac/AppData/Local/UnrealEngine/Common/DerivedDataCache/Buckets/FShaderJobCacheShaders/be/f4/13fe3d6200338daa11e794abe704390a199b.udd" 6565
"C:/Users/varghesechac/AppData/Local/UnrealEngine/Common/DerivedDataCache/Buckets/FShaderJobCacheShaders/ff/e5/550e53b8a2cbf447421b971a23ec92a0df9b.udd" 6566
"C:/Users/varghesechac/AppData/Local/UnrealEngine/Common/DerivedDataCache/Buckets/FShaderJobCacheShaders/98/7f/099431b0581dab3e399b532a799081b2bcc2.udd" 6567
"C:/Users/varghesechac/AppData/Local/UnrealEngine/Common/DerivedDataCache/Buckets/FShaderJobCacheShaders/d3/3a/e38b34b23121db5a0e74b6e7e51039ede415.udd" 6568
"C:/Users/varghesechac/AppData/Local/UnrealEngine/Common/DerivedDataCache/Buckets/FShaderJobCacheShaders/1b/c0/e9ae8dbb76136ec47b071ad9e84a19c11025.udd" 6569
"C:/Users/varghesechac/AppData/Local/UnrealEngine/Common/DerivedDataCache/Buckets/FShaderJobCacheShaders/be/0d/fccc7d7f321297973c422e48d914801a166b.udd" 6570
"C:/Users/varghesechac/AppData/Local/UnrealEngine/Common/DerivedDataCache/Buckets/FShaderJobCacheShaders/fb/3b/bdd952a00f5cd20b24849fd2960690c05eb3.udd" 6571
"C:/Users/varghesechac/AppData/Local/UnrealEngine/Common/DerivedDataCache/Buckets/FShaderJobCacheShaders/87/f0/8314751b8331fd6b5f427be43398eebe3470.udd" 6572
"C:/Users/varghesechac/AppData/Local/UnrealEngine/Common/DerivedDataCache/Buckets/FShaderJobCacheShaders/fa/4c/be9c0af61c3050b61a566720597c4dc8da5f.udd" 6573
"C:/Users/varghesechac/AppData/Local/UnrealEngine/Common/DerivedDataCache/Buckets/FShaderJobCacheShaders/47/37/846d2e72ec977ddfabc5c3087cf21e3aa717.udd" 6574
"C:/Users/varghesechac/AppData/Local/UnrealEngine/Common/DerivedDataCache/Buckets/FShaderJobCacheShaders/d5/f5/3b54856de178c80864d96597738497790e89.udd" 6575
"C:/Users/varghesechac/AppData/Local/UnrealEngine/Common/DerivedDataCache/Buckets/FShaderJobCacheShaders/8a/b1/08f45582191645a6f06267b10f4243cdff2d.udd" 6576
"C:/Users/varghesechac/AppData/Local/UnrealEngine/Common/DerivedDataCache/Buckets/FShaderJobCacheShaders/7d/3b/3ed07dad6e160ad4bb94510faceba73d888f.udd" 6577
"C:/Users/varghesechac/AppData/Local/UnrealEngine/Common/DerivedDataCache/Buckets/FShaderJobCacheShaders/b0/6a/e018512c4bec9acaf723f5edb9b99ce2dcf6.udd" 6578
"C:/Users/varghesechac/AppData/Local/UnrealEngine/Common/DerivedDataCache/Buckets/FShaderJobCacheShaders/e6/be/bc1179cee4511e3fc5a6474e4a50419cdaf5.udd" 6579
"C:/Users/varghesechac/AppData/Local/UnrealEngine/Common/DerivedDataCache/Buckets/FShaderJobCacheShaders/50/93/98f8dcc6b5347b514cbc1c8220fb350f6f8f.udd" 6580
"C:/Users/varghesechac/AppData/Local/UnrealEngine/Common/DerivedDataCache/Buckets/FShaderJobCacheShaders/e7/e9/0efcdf4f77b7e3bf2ba43e4afce30ed48f25.udd" 6581
"C:/Users/varghesechac/AppData/Local/UnrealEngine/Common/DerivedDataCache/Buckets/FShaderJobCacheShaders/13/db/5d476a0e0e59eeb441d27966b02a21c3c4ec.udd" 6582
"C:/Users/varghesechac/AppData/Local/UnrealEngine/Common/DerivedDataCache/Buckets/FShaderJobCacheShaders/41/62/788c4d9300f556dd71b026b92200b1a01c50.udd" 6583
"C:/Users/varghesechac/AppData/Local/UnrealEngine/Common/DerivedDataCache/Buckets/FShaderJobCacheShaders/c2/4e/a9dcd140ae1228e9cfe3c5a481045df66445.udd" 6584
"C:/Users/varghesechac/AppData/Local/UnrealEngine/Common/DerivedDataCache/Buckets/FShaderJobCacheShaders/12/b0/f4833175f666749e7f9edcd0f0d0641fd44a.udd" 6585
"C:/Users/varghesechac/AppData/Local/UnrealEngine/Common/DerivedDataCache/Buckets/FShaderJobCacheShaders/17/3f/ce771b4ac18ef3dce6c51a2a0fe3061dd264.udd" 6586
"C:/Users/varghesechac/AppData/Local/UnrealEngine/Common/DerivedDataCache/Buckets/FShaderJobCacheShaders/9d/b9/9828bc1c9f6cde0c7124495a0ae9472d2a2c.udd" 6587
"C:/Users/varghesechac/AppData/Local/UnrealEngine/Common/DerivedDataCache/Buckets/FShaderJobCacheShaders/5e/84/966b2b7d782ecf7a08fd6cf48d763323a1af.udd" 6588
"C:/Users/varghesechac/AppData/Local/UnrealEngine/Common/DerivedDataCache/Buckets/FShaderJobCacheShaders/10/0b/69ac437acb8cb0c07099128de4099716cbe2.udd" 6589
"C:/Users/varghesechac/AppData/Local/UnrealEngine/Common/DerivedDataCache/Buckets/FShaderJobCacheShaders/5e/07/b0355281224cf151a474ccd47e84dc89bd3f.udd" 6590
"C:/Users/varghesechac/AppData/Local/UnrealEngine/Common/DerivedDataCache/Buckets/FShaderJobCacheShaders/9a/fd/1c63c2c3d57e04b3c5a5cfa0b0694ba839f5.udd" 6591
"C:/Users/varghesechac/AppData/Local/UnrealEngine/Common/DerivedDataCache/Buckets/FShaderJobCacheShaders/fe/4b/975b9fcaf797f78a3a34b48939cb62c09128.udd" 6592
"C:/Users/varghesechac/AppData/Local/UnrealEngine/Common/DerivedDataCache/Buckets/FShaderJobCacheShaders/5b/58/eda25a1b581af5d2026718a50d9ebc3a415b.udd" 6593
"C:/Users/varghesechac/AppData/Local/UnrealEngine/Common/DerivedDataCache/Buckets/FShaderJobCacheShaders/78/05/d2720019cefd6b68d2da7edac354be34c0aa.udd" 6594
"C:/Users/varghesechac/AppData/Local/UnrealEngine/Common/DerivedDataCache/Buckets/FShaderJobCacheShaders/5d/8a/32008d9dae6d8ef26aa24126f7d07fe2d9d6.udd" 6595
"C:/Users/varghesechac/AppData/Local/UnrealEngine/Common/DerivedDataCache/Buckets/FShaderJobCacheShaders/37/ce/b71c3152578451afe6e28030c8b2326d6dd2.udd" 6596
"C:/Users/varghesechac/AppData/Local/UnrealEngine/Common/DerivedDataCache/Buckets/FShaderJobCacheShaders/38/3d/81470b03cfbaa1c2b2090afb93b6494a8f67.udd" 6597
"C:/Users/varghesechac/AppData/Local/UnrealEngine/Common/DerivedDataCache/Buckets/FShaderJobCacheShaders/a2/d2/fddbfc56dc9312df7396b94fa8607c32dd73.udd" 6598
"C:/Users/varghesechac/AppData/Local/UnrealEngine/Common/DerivedDataCache/Buckets/FShaderJobCacheShaders/b0/3c/e6d7ec33374caaab9939f105ee1d78dc65b2.udd" 6599
"C:/Users/varghesechac/AppData/Local/UnrealEngine/Common/DerivedDataCache/Buckets/FShaderJobCacheShaders/40/d0/75f556359b6d046c12f08f9b66ffd7611ba6.udd" 6600
"C:/Users/varghesechac/AppData/Local/UnrealEngine/Common/DerivedDataCache/Buckets/FShaderJobCacheShaders/51/1e/63631e2e456258d36dec4c5c827d64dc2b2c.udd" 6601
"C:/Users/varghesechac/AppData/Local/UnrealEngine/Common/DerivedDataCache/Buckets/FShaderJobCacheShaders/d5/66/de8cd0e2ce2468c8ef4f9df59f4f6e2f7b5a.udd" 6602
"C:/Users/varghesechac/AppData/Local/UnrealEngine/Common/DerivedDataCache/Buckets/FShaderJobCacheShaders/d6/7a/c35628bd2f95b15f8299d4b7163d188d9b07.udd" 6603
"C:/Users/varghesechac/AppData/Local/UnrealEngine/Common/DerivedDataCache/Buckets/FShaderJobCacheShaders/d8/60/3cb333919100470f9317dbefc9964f1e443d.udd" 6604
"C:/Users/varghesechac/AppData/Local/UnrealEngine/Common/DerivedDataCache/Buckets/FShaderJobCacheShaders/fc/c9/b57b242695e5a110bfe88df149a4694c1223.udd" 6605
"C:/Users/varghesechac/AppData/Local/UnrealEngine/Common/DerivedDataCache/Buckets/FShaderJobCacheShaders/00/e4/eba007f1ca20de6386486c0dbbd54ad0052b.udd" 6606
"C:/Users/varghesechac/AppData/Local/UnrealEngine/Common/DerivedDataCache/Buckets/FShaderJobCacheShaders/57/bb/bca79be510103e40ccad7384d1018ee94fbd.udd" 6607
"C:/Users/varghesechac/AppData/Local/UnrealEngine/Common/DerivedDataCache/Buckets/FShaderJobCacheShaders/0e/9a/bce73fb1664cfe6b603ea3d967ea588f9fcc.udd" 6608
"C:/Users/varghesechac/AppData/Local/UnrealEngine/Common/DerivedDataCache/Buckets/FShaderJobCacheShaders/a3/21/cee0a73fa29acd5ab62365fb81b75af36da0.udd" 6609
"C:/Users/varghesechac/AppData/Local/UnrealEngine/Common/DerivedDataCache/Buckets/FShaderJobCacheShaders/95/7d/625ea976b845984bf8a1f894828b61d8c4f0.udd" 6610
"C:/Users/varghesechac/AppData/Local/UnrealEngine/Common/DerivedDataCache/Buckets/FShaderJobCacheShaders/80/4a/4ed49fae931e2f7c5f019a10a6f0b09cd670.udd" 6611
"C:/Users/varghesechac/AppData/Local/UnrealEngine/Common/DerivedDataCache/Buckets/FShaderJobCacheShaders/85/0b/f9dcf17cf020d3153751365113d5752b3c45.udd" 6612
"C:/Users/varghesechac/AppData/Local/UnrealEngine/Common/DerivedDataCache/Buckets/FShaderJobCacheShaders/fc/e5/e762a46ce63a9f65f856a377584d26e42543.udd" 6613
"C:/Users/varghesechac/AppData/Local/UnrealEngine/Common/DerivedDataCache/Buckets/FShaderJobCacheShaders/aa/fc/a767af2957a496e52f5a300d442b29bbbab0.udd" 6614
"C:/Users/varghesechac/AppData/Local/UnrealEngine/Common/DerivedDataCache/Buckets/FShaderJobCacheShaders/73/34/5e9bc30e0833901b9481a6251fd0eb982a1e.udd" 6615
"C:/Users/varghesechac/AppData/Local/UnrealEngine/Common/DerivedDataCache/Buckets/FShaderJobCacheShaders/02/14/156ee66f7d31f2d3dc32a6f703aa0607fda5.udd" 6616
"C:/Users/varghesechac/AppData/Local/UnrealEngine/Common/DerivedDataCache/Buckets/FShaderJobCacheShaders/3e/05/dd45b56225373b1c8f427a212390957a687c.udd" 6617
"C:/Users/varghesechac/AppData/Local/UnrealEngine/Common/DerivedDataCache/Buckets/FShaderJobCacheShaders/de/4e/80249e2c0ac652f7a2dfba5f2ec5b7dbb256.udd" 6618
"C:/Users/varghesechac/AppData/Local/UnrealEngine/Common/DerivedDataCache/Buckets/FShaderJobCacheShaders/03/41/33eea0632fd1e06032a8f352da56d7f3cbca.udd" 6619
"C:/Users/varghesechac/AppData/Local/UnrealEngine/Common/DerivedDataCache/Buckets/FShaderJobCacheShaders/b2/e0/14aed73b7a44b41d516b90e7ec1a3341d33e.udd" 6620
"C:/Users/varghesechac/AppData/Local/UnrealEngine/Common/DerivedDataCache/Buckets/FShaderJobCacheShaders/32/ec/826b1129c3ee0c031a55fc473c430f0a780c.udd" 6621
"C:/Users/varghesechac/AppData/Local/UnrealEngine/Common/DerivedDataCache/Buckets/FShaderJobCacheShaders/72/3d/418db89dccbd534d3cab2a2d293efcc231d8.udd" 6622
"C:/Users/varghesechac/AppData/Local/UnrealEngine/Common/DerivedDataCache/Buckets/FShaderJobCacheShaders/c2/d5/69c978e9d5841bc2cfee32bb667b5635bbb8.udd" 6623
"C:/Users/varghesechac/AppData/Local/UnrealEngine/Common/DerivedDataCache/Buckets/FShaderJobCacheShaders/30/19/f6a4fe5b3624960bd1d47598b64be8af5931.udd" 6624
"C:/Users/varghesechac/AppData/Local/UnrealEngine/Common/DerivedDataCache/Buckets/FShaderJobCacheShaders/dc/bc/832941887fe12d9efcd995d8179652071e83.udd" 6625
"C:/Users/varghesechac/AppData/Local/UnrealEngine/Common/DerivedDataCache/Buckets/FShaderJobCacheShaders/05/58/0bf75c275a5ba26440828ad985c3cfc7abec.udd" 6626
"C:/Users/varghesechac/AppData/Local/UnrealEngine/Common/DerivedDataCache/Buckets/FShaderJobCacheShaders/35/d4/004c25cbb3620b21e923ebe62613958c0b56.udd" 6627
"C:/Users/varghesechac/AppData/Local/UnrealEngine/Common/DerivedDataCache/Buckets/FShaderJobCacheShaders/e8/81/6e6a6f20009fed81e50667d013a038c64976.udd" 6628
"C:/Users/varghesechac/AppData/Local/UnrealEngine/Common/DerivedDataCache/Buckets/FShaderJobCacheShaders/96/91/e8c318e2cf49ec8d9ea6b2edad545f257c1b.udd" 6629
"C:/Users/varghesechac/AppData/Local/UnrealEngine/Common/DerivedDataCache/Buckets/FShaderJobCacheShaders/6f/47/5bbb777683eeb5fcd61cca2881490d252915.udd" 6630
"C:/Users/varghesechac/AppData/Local/UnrealEngine/Common/DerivedDataCache/Buckets/FShaderJobCacheShaders/51/4a/d85fb6d55871908b0e4b5a10e0f967445d87.udd" 6631
"C:/Users/varghesechac/AppData/Local/UnrealEngine/Common/DerivedDataCache/Buckets/FShaderJobCacheShaders/06/85/a8a0b9dbbf608b8d2a8b701fa611a65d20c3.udd" 6632
"C:/Users/varghesechac/AppData/Local/UnrealEngine/Common/DerivedDataCache/Buckets/FShaderJobCacheShaders/87/b0/97bf16010cb390c11da7ac12a1fe598d8f1f.udd" 6633
"C:/Users/varghesechac/AppData/Local/UnrealEngine/Common/DerivedDataCache/Buckets/FShaderJobCacheShaders/98/d9/a2fb645e72338eb106bc669a545f569ecb63.udd" 6634
"C:/Users/varghesechac/AppData/Local/UnrealEngine/Common/DerivedDataCache/Buckets/FShaderJobCacheShaders/8a/b7/464572e44dea65b3655a4d57e8897ef25b7a.udd" 6635
"C:/Users/varghesechac/AppData/Local/UnrealEngine/Common/DerivedDataCache/Buckets/FShaderJobCacheShaders/5b/27/e5ee3c05b6ad2b35cf977bb9f0d6db45b625.udd" 6636
"C:/Users/varghesechac/AppData/Local/UnrealEngine/Common/DerivedDataCache/Buckets/FShaderJobCacheShaders/74/ff/971651929db6140600695eecb58218b33f4d.udd" 6637
"C:/Users/varghesechac/AppData/Local/UnrealEngine/Common/DerivedDataCache/Buckets/FShaderJobCacheShaders/9a/b4/2dcfba582ea7db26fa44246b6562570192b6.udd" 6638
"C:/Users/varghesechac/AppData/Local/UnrealEngine/Common/DerivedDataCache/Buckets/FShaderJobCacheShaders/5e/5f/36839142cd9a0d1681579c18ca508b3fe799.udd" 6639
"C:/Users/varghesechac/AppData/Local/UnrealEngine/Common/DerivedDataCache/Buckets/FShaderJobCacheShaders/60/99/4dea4776e07466db86c43135b5a4cd8b5456.udd" 6640
"C:/Users/varghesechac/AppData/Local/UnrealEngine/Common/DerivedDataCache/Buckets/FShaderJobCacheShaders/87/18/fb1accff25e1fc42d4086e5b984126ba658b.udd" 6641
"C:/Users/varghesechac/AppData/Local/UnrealEngine/Common/DerivedDataCache/Buckets/FShaderJobCacheShaders/be/c9/a9d76c80a1329098a375c4bfb083a712b328.udd" 6642
"C:/Users/varghesechac/AppData/Local/UnrealEngine/Common/DerivedDataCache/Buckets/FShaderJobCacheShaders/40/88/d939c0309678416d1124fbc2422ecdbdd6f5.udd" 6643
"C:/Users/varghesechac/AppData/Local/UnrealEngine/Common/DerivedDataCache/Buckets/FShaderJobCacheShaders/3c/1a/aa5ca605eb80fc458ff95f638e0ad5ab1f38.udd" 6644
"C:/Users/varghesechac/AppData/Local/UnrealEngine/Common/DerivedDataCache/Buckets/FShaderJobCacheShaders/78/6c/2fcf29711100265164a637116eb90dd9c0ad.udd" 6645
"C:/Users/varghesechac/AppData/Local/UnrealEngine/Common/DerivedDataCache/Buckets/FShaderJobCacheShaders/30/48/fbdb5de615af88781b59ef246a9431cec5f8.udd" 6646
"C:/Users/varghesechac/AppData/Local/UnrealEngine/Common/DerivedDataCache/Buckets/FShaderJobCacheShaders/5e/32/a771e0e9cdb4a4ddba09a1d1ffe7fdf577c5.udd" 6647
"C:/Users/varghesechac/AppData/Local/UnrealEngine/Common/DerivedDataCache/Buckets/FShaderJobCacheShaders/f7/8b/4c0fb55265a10e42e7e282c75b4ff5696262.udd" 6648
"C:/Users/varghesechac/AppData/Local/UnrealEngine/Common/DerivedDataCache/Buckets/FShaderJobCacheShaders/83/dd/860e2ceaede17f57303b9d99053e4d9438fa.udd" 6649
"C:/Users/varghesechac/AppData/Local/UnrealEngine/Common/DerivedDataCache/Buckets/FShaderJobCacheShaders/5a/88/8600c090324ce63a95477af5a2666337cd02.udd" 6650
"C:/Users/varghesechac/AppData/Local/UnrealEngine/Common/DerivedDataCache/Buckets/FShaderJobCacheShaders/d9/bf/9b44035d81f757c365f601090d18f1504a69.udd" 6651
"C:/Users/varghesechac/AppData/Local/UnrealEngine/Common/DerivedDataCache/Buckets/FShaderJobCacheShaders/dd/1b/5bf56b65655cefcdffeb25cf7c02d912da19.udd" 6652
"C:/Users/varghesechac/AppData/Local/UnrealEngine/Common/DerivedDataCache/Buckets/FShaderJobCacheShaders/b9/ad/be189275428e848c3d5a8f5d176b7f29f673.udd" 6653
"C:/Users/varghesechac/AppData/Local/UnrealEngine/Common/DerivedDataCache/Buckets/FShaderJobCacheShaders/8f/42/3840b11da664ae4c4de41dde123633397e54.udd" 6654
"C:/Users/varghesechac/AppData/Local/UnrealEngine/Common/DerivedDataCache/Buckets/FShaderJobCacheShaders/79/46/a8f8e56426633700720ae641e935206cc945.udd" 6655
"C:/Users/varghesechac/AppData/Local/UnrealEngine/Common/DerivedDataCache/Buckets/FShaderJobCacheShaders/3a/b9/d27ef048780bba903321cb5a003b3b701039.udd" 6656
"C:/Users/varghesechac/AppData/Local/UnrealEngine/Common/DerivedDataCache/Buckets/FShaderJobCacheShaders/bf/23/669cef4a7a6fdee84451fa0a2131c9f80b31.udd" 6657
"C:/Users/varghesechac/AppData/Local/UnrealEngine/Common/DerivedDataCache/Buckets/FShaderJobCacheShaders/bd/b5/e0cae4aba69aa7328287f140e3c874cd5ff4.udd" 6658
"C:/Users/varghesechac/AppData/Local/UnrealEngine/Common/DerivedDataCache/Buckets/FShaderJobCacheShaders/8a/76/221e78f934a652e25bc0e90bef4c3c82a3f4.udd" 6659
"C:/Users/varghesechac/AppData/Local/UnrealEngine/Common/DerivedDataCache/Buckets/FShaderJobCacheShaders/e5/b0/315efb4a4595b87d50811c7e4b4fcacd24fc.udd" 6660
"C:/Users/varghesechac/AppData/Local/UnrealEngine/Common/DerivedDataCache/Buckets/FShaderJobCacheShaders/b6/f6/72e67764ff0b0b2237035b7b5369295b1bed.udd" 6661
"C:/Users/varghesechac/AppData/Local/UnrealEngine/Common/DerivedDataCache/Buckets/FShaderJobCacheShaders/02/ac/baa699ed12a0fa50773fd052610bf7b91fdb.udd" 6662
"C:/Users/varghesechac/AppData/Local/UnrealEngine/Common/DerivedDataCache/Buckets/FShaderJobCacheShaders/d8/cd/3f3a4328c8727d9cd33cc98b42a923f2919f.udd" 6663
"C:/Users/varghesechac/AppData/Local/UnrealEngine/Common/DerivedDataCache/Buckets/FShaderJobCacheShaders/93/7a/23bce1a01641fc2423489381ca0d31a5cf64.udd" 6664
"C:/Users/varghesechac/AppData/Local/UnrealEngine/Common/DerivedDataCache/Buckets/FShaderJobCacheShaders/92/55/e0fb2972dc1ac525d5d462814d758556bd3e.udd" 6665
"C:/Users/varghesechac/AppData/Local/UnrealEngine/Common/DerivedDataCache/Buckets/FShaderJobCacheShaders/0f/1c/02715e169015a6ae3dede90f0be9c0394a4d.udd" 6666
"C:/Users/varghesechac/AppData/Local/UnrealEngine/Common/DerivedDataCache/Buckets/FShaderJobCacheShaders/f6/e2/78fcc66a2070685f1e82defbeffcad406df1.udd" 6667
"C:/Users/varghesechac/AppData/Local/UnrealEngine/Common/DerivedDataCache/Buckets/FShaderJobCacheShaders/59/74/c4f7167813b512995a96f82af63480ab6661.udd" 6668
"C:/Users/varghesechac/AppData/Local/UnrealEngine/Common/DerivedDataCache/Buckets/FShaderJobCacheShaders/ce/98/d716332b250f809be2bf6c027a17b941a4ce.udd" 6669
"C:/Users/varghesechac/AppData/Local/UnrealEngine/Common/DerivedDataCache/Buckets/FShaderJobCacheShaders/e5/9a/41684a442a4047ece2dc71eadf60c65d94a1.udd" 6670
"C:/Users/varghesechac/AppData/Local/UnrealEngine/Common/DerivedDataCache/Buckets/FShaderJobCacheShaders/f6/e3/558b2c8d4fc47b4ae6d3a88490933a7bdf76.udd" 6671
"C:/Users/varghesechac/AppData/Local/UnrealEngine/Common/DerivedDataCache/Buckets/FShaderJobCacheShaders/d6/59/8a9f2f234b931e11c2895285efda17c5df5b.udd" 6672
"C:/Users/varghesechac/AppData/Local/UnrealEngine/Common/DerivedDataCache/Buckets/FShaderJobCacheShaders/6b/c5/7fce5104c62fefdbe0231c42419f727b393d.udd" 6673
"C:/Users/varghesechac/AppData/Local/UnrealEngine/Common/DerivedDataCache/Buckets/FShaderJobCacheShaders/be/21/5e12229a3b07c3789f0cbc3c73decf02fa85.udd" 6674
"C:/Users/varghesechac/AppData/Local/UnrealEngine/Common/DerivedDataCache/Buckets/FShaderJobCacheShaders/d9/62/c2d90256c0417458e333917087e388499525.udd" 6675
"C:/Users/varghesechac/AppData/Local/UnrealEngine/Common/DerivedDataCache/Buckets/FShaderJobCacheShaders/40/a4/c31bec26095700bfba138125defb2ed98f0d.udd" 6676
"C:/Users/varghesechac/AppData/Local/UnrealEngine/Common/DerivedDataCache/Buckets/FShaderJobCacheShaders/96/8b/fd782910e0f20732069906612742c6d62f82.udd" 6677
"C:/Users/varghesechac/AppData/Local/UnrealEngine/Common/DerivedDataCache/Buckets/FShaderJobCacheShaders/31/32/a555fe5028cec9de979283ba432e83437c47.udd" 6678
"C:/Users/varghesechac/AppData/Local/UnrealEngine/Common/DerivedDataCache/Buckets/FShaderJobCacheShaders/8b/5f/1a1f737816aa937ea9aa59c55ccb34d47592.udd" 6679
"C:/Users/varghesechac/AppData/Local/UnrealEngine/Common/DerivedDataCache/Buckets/FShaderJobCacheShaders/cb/bd/df47409b6ae7f287dd88896e9b400d57725f.udd" 6680
"C:/Users/varghesechac/AppData/Local/UnrealEngine/Common/DerivedDataCache/Buckets/FShaderJobCacheShaders/09/3e/1b6b35fba4b833af49407b3e16f4407689ac.udd" 6681
"C:/Users/varghesechac/AppData/Local/UnrealEngine/Common/DerivedDataCache/Buckets/FShaderJobCacheShaders/04/70/509b4090962117f5e0f52aab717bf8ee0a56.udd" 6682
"C:/Users/varghesechac/AppData/Local/UnrealEngine/Common/DerivedDataCache/Buckets/FShaderJobCacheShaders/e2/a7/523e7253036e2ee3533d1ec5c8243282ad03.udd" 6683
"C:/Users/varghesechac/AppData/Local/UnrealEngine/Common/DerivedDataCache/Buckets/FShaderJobCacheShaders/d6/d7/73d32bd5e62019e958e57fd816fb54f70988.udd" 6684
"C:/Users/varghesechac/AppData/Local/UnrealEngine/Common/DerivedDataCache/Buckets/FShaderJobCacheShaders/81/9c/c0951a62d20c657b2da9ca6875a981e7e270.udd" 6685
"C:/Users/varghesechac/AppData/Local/UnrealEngine/Common/DerivedDataCache/Buckets/FShaderJobCacheShaders/90/96/f6cce7100fdd9d87cdd94ac6fcfc7a362279.udd" 6686
"C:/Users/varghesechac/AppData/Local/UnrealEngine/Common/DerivedDataCache/Buckets/FShaderJobCacheShaders/45/eb/487dadf6349449f18d382d8cddee846944bf.udd" 6687
"C:/Users/varghesechac/AppData/Local/UnrealEngine/Common/DerivedDataCache/Buckets/FShaderJobCacheShaders/10/78/f407d925a004d3c95cc0ee91e3cd0037122f.udd" 6688
"C:/Users/varghesechac/AppData/Local/UnrealEngine/Common/DerivedDataCache/Buckets/FShaderJobCacheShaders/77/f8/cf3183cd9e05d23856c9d05b4ae0d3d993f7.udd" 6689
"C:/Users/varghesechac/AppData/Local/UnrealEngine/Common/DerivedDataCache/Buckets/FShaderJobCacheShaders/eb/73/fdd4e1ae37cea5783ce778bfa4dd431f4dfa.udd" 6690
"C:/Users/varghesechac/AppData/Local/UnrealEngine/Common/DerivedDataCache/Buckets/FShaderJobCacheShaders/9a/48/76e146bceea02d8d271f02fae2ab76200c70.udd" 6691
"C:/Users/varghesechac/AppData/Local/UnrealEngine/Common/DerivedDataCache/Buckets/FShaderJobCacheShaders/85/3d/257ce275bd623f68309c89dec3d65027d4aa.udd" 6692
"C:/Users/varghesechac/AppData/Local/UnrealEngine/Common/DerivedDataCache/Buckets/FShaderJobCacheShaders/15/ff/b13692c000deeef48a02bb035f7b8083d4b7.udd" 6693
"C:/Users/varghesechac/AppData/Local/UnrealEngine/Common/DerivedDataCache/Buckets/FShaderJobCacheShaders/5f/20/54aea0bcd99faed6be6bcb3fa7631169e64d.udd" 6694
"C:/Users/varghesechac/AppData/Local/UnrealEngine/Common/DerivedDataCache/Buckets/FShaderJobCacheShaders/ca/dd/20c39ccd7c065932f346f9a57a6053a3aeea.udd" 6695
"C:/Users/varghesechac/AppData/Local/UnrealEngine/Common/DerivedDataCache/Buckets/FShaderJobCacheShaders/98/29/f05091f4549038aa7c4f04aefd263cf41db4.udd" 6696
"C:/Users/varghesechac/AppData/Local/UnrealEngine/Common/DerivedDataCache/Buckets/FShaderJobCacheShaders/53/04/5e436d53f08629b16e48cf298442ea5eb56f.udd" 6697
"C:/Users/varghesechac/AppData/Local/UnrealEngine/Common/DerivedDataCache/Buckets/FShaderJobCacheShaders/28/e3/fa1367d91f959bb674584de3d6518e405f1c.udd" 6698
"C:/Users/varghesechac/AppData/Local/UnrealEngine/Common/DerivedDataCache/Buckets/FShaderJobCacheShaders/48/74/9bba9b986358b68b4201ab807748663c387f.udd" 6699
"C:/Users/varghesechac/AppData/Local/UnrealEngine/Common/DerivedDataCache/Buckets/FShaderJobCacheShaders/dc/84/f3290f9e02a80b7eadda29b68157fcb3cd01.udd" 6700
"C:/Users/varghesechac/AppData/Local/UnrealEngine/Common/DerivedDataCache/Buckets/FShaderJobCacheShaders/8d/ed/93cba42b7f64cd9b61774d2be08014f83300.udd" 6701
"C:/Users/varghesechac/AppData/Local/UnrealEngine/Common/DerivedDataCache/Buckets/FShaderJobCacheShaders/63/b0/61b264ed45e956cb174f3b52bbbac48d16d9.udd" 6702
"C:/Users/varghesechac/AppData/Local/UnrealEngine/Common/DerivedDataCache/Buckets/FShaderJobCacheShaders/89/17/17b8babe6b74ef510559443fd7a41a6cd27d.udd" 6703
"C:/Users/varghesechac/AppData/Local/UnrealEngine/Common/DerivedDataCache/Buckets/FShaderJobCacheShaders/28/f0/985019db2f2c8b1451eeca314f2f8bf3f462.udd" 6704
"C:/Users/varghesechac/AppData/Local/UnrealEngine/Common/DerivedDataCache/Buckets/FShaderJobCacheShaders/d4/4c/11a67f774b297e087a7600228dfb1bd33ffc.udd" 6705
"C:/Users/varghesechac/AppData/Local/UnrealEngine/Common/DerivedDataCache/Buckets/FShaderJobCacheShaders/c2/77/f74924ac6f234f6e4635a0e68e8efacdea57.udd" 6706
"C:/Users/varghesechac/AppData/Local/UnrealEngine/Common/DerivedDataCache/Buckets/FShaderJobCacheShaders/dd/cd/bf4361e82b2a6131b7a2ae33ae8c25c9657d.udd" 6707
"C:/Users/varghesechac/AppData/Local/UnrealEngine/Common/DerivedDataCache/Buckets/FShaderJobCacheShaders/e2/66/88c1489e419da8473c3e093cecc10192f078.udd" 6708
"C:/Users/varghesechac/AppData/Local/UnrealEngine/Common/DerivedDataCache/Buckets/FShaderJobCacheShaders/38/ea/7b9eea7b9cdc9c23cc890047b5aa7b24a4e2.udd" 6709
"C:/Users/varghesechac/AppData/Local/UnrealEngine/Common/DerivedDataCache/Buckets/FShaderJobCacheShaders/28/5c/e74305e3ebeb12426873b449f1197ca89373.udd" 6710
"C:/Users/varghesechac/AppData/Local/UnrealEngine/Common/DerivedDataCache/Buckets/FShaderJobCacheShaders/8a/07/1645b0796ff7a6c715990487edc4e81df3de.udd" 6711
"C:/Users/varghesechac/AppData/Local/UnrealEngine/Common/DerivedDataCache/Buckets/FShaderJobCacheShaders/0c/27/1079dd50f1a1ec87e343222dc1adb1433ea2.udd" 6712
"C:/Users/varghesechac/AppData/Local/UnrealEngine/Common/DerivedDataCache/Buckets/FShaderJobCacheShaders/c2/0d/8813dc55d8860bcf8e584866d4ed15457551.udd" 6713
"C:/Users/varghesechac/AppData/Local/UnrealEngine/Common/DerivedDataCache/Buckets/FShaderJobCacheShaders/84/aa/ef1f156f9ebddae323e7e76c218cde99f36d.udd" 6714
"C:/Users/varghesechac/AppData/Local/UnrealEngine/Common/DerivedDataCache/Buckets/FShaderJobCacheShaders/59/d4/874af30c4520ae0b74f692dcc53e02489b39.udd" 6715
"C:/Users/varghesechac/AppData/Local/UnrealEngine/Common/DerivedDataCache/Buckets/FShaderJobCacheShaders/5f/dd/3a170143c70b58034a534e1ca43d873f8534.udd" 6716
"C:/Users/varghesechac/AppData/Local/UnrealEngine/Common/DerivedDataCache/Buckets/FShaderJobCacheShaders/66/3a/70fc16f19f757cf7f84f813ddf1415ceaea7.udd" 6717
"C:/Users/varghesechac/AppData/Local/UnrealEngine/Common/DerivedDataCache/Buckets/FShaderJobCacheShaders/88/80/41aba1a60b12639c88678fa651ad50bcdd27.udd" 6718
"C:/Users/varghesechac/AppData/Local/UnrealEngine/Common/DerivedDataCache/Buckets/FShaderJobCacheShaders/55/6a/9902336aa2ad895680b84767f64e499d36ea.udd" 6719
"C:/Users/varghesechac/AppData/Local/UnrealEngine/Common/DerivedDataCache/Buckets/FShaderJobCacheShaders/8f/4b/9c5a84932615f2ed372ffd8ffc88ddb7f892.udd" 6720
"C:/Users/varghesechac/AppData/Local/UnrealEngine/Common/DerivedDataCache/Buckets/FShaderJobCacheShaders/27/6a/180e35f86707709b5f8d0e4b8fe5ec018db2.udd" 6721
"C:/Users/varghesechac/AppData/Local/UnrealEngine/Common/DerivedDataCache/Buckets/FShaderJobCacheShaders/6f/62/96b2cdfe59571d481f35a89383a1ce4af370.udd" 6722
"C:/Users/varghesechac/AppData/Local/UnrealEngine/Common/DerivedDataCache/Buckets/FShaderJobCacheShaders/4d/4a/d7f301d7246aba70b6047fdfd6621aaf2836.udd" 6723
"C:/Users/varghesechac/AppData/Local/UnrealEngine/Common/DerivedDataCache/Buckets/FShaderJobCacheShaders/09/cc/2db21da3dc6405386a86ec4ddc09247017b1.udd" 6724
"C:/Users/varghesechac/AppData/Local/UnrealEngine/Common/DerivedDataCache/Buckets/FShaderJobCacheShaders/03/83/4c02c21ec61a41a2429c67ad8b6448912784.udd" 6725
"C:/Users/varghesechac/AppData/Local/UnrealEngine/Common/DerivedDataCache/Buckets/FShaderJobCacheShaders/e3/2f/3c4a35672799fb92304118dc1adad6c370b3.udd" 6726
"C:/Users/varghesechac/AppData/Local/UnrealEngine/Common/DerivedDataCache/Buckets/FShaderJobCacheShaders/4f/cc/30fdfe69f4b1f9d05a220cc4effec50b1d7b.udd" 6727
"C:/Users/varghesechac/AppData/Local/UnrealEngine/Common/DerivedDataCache/Buckets/FShaderJobCacheShaders/d8/90/4a1dfe48089d345ba549bf470c01b89655e7.udd" 6728
"C:/Users/varghesechac/AppData/Local/UnrealEngine/Common/DerivedDataCache/Buckets/FShaderJobCacheShaders/74/43/184932ddcc0ac3eee8c1160c349f4aab9867.udd" 6729
"C:/Users/varghesechac/AppData/Local/UnrealEngine/Common/DerivedDataCache/Buckets/FShaderJobCacheShaders/e5/4b/70cea1493deadf87ad0304146813b6aec053.udd" 6730
"C:/Users/varghesechac/AppData/Local/UnrealEngine/Common/DerivedDataCache/Buckets/FShaderJobCacheShaders/0c/fe/e3efbff7942f8c308683ac702ced445e2e2b.udd" 6731
"C:/Users/varghesechac/AppData/Local/UnrealEngine/Common/DerivedDataCache/Buckets/FShaderJobCacheShaders/e4/8a/66442b7771fffe058665ed54862ab90440c7.udd" 6732
"C:/Users/varghesechac/AppData/Local/UnrealEngine/Common/DerivedDataCache/Buckets/FShaderJobCacheShaders/87/ca/f293d1db78a7083a6403959f7b70799a4069.udd" 6733
"C:/Users/varghesechac/AppData/Local/UnrealEngine/Common/DerivedDataCache/Buckets/FShaderJobCacheShaders/64/6a/4a0f255368e020eb20fa2ffa847357edf34d.udd" 6734
"C:/Users/varghesechac/AppData/Local/UnrealEngine/Common/DerivedDataCache/Buckets/FShaderJobCacheShaders/44/42/6935915aff0b4a5408a5c0455ecf696a187c.udd" 6735
"C:/Users/varghesechac/AppData/Local/UnrealEngine/Common/DerivedDataCache/Buckets/FShaderJobCacheShaders/df/5a/916a2297a7bf556f5c8979993cd6299be1fc.udd" 6736
"C:/Users/varghesechac/AppData/Local/UnrealEngine/Common/DerivedDataCache/Buckets/FShaderJobCacheShaders/9e/bd/b38713946383167a79afdcc87efb93f6f67e.udd" 6737
"C:/Users/varghesechac/AppData/Local/UnrealEngine/Common/DerivedDataCache/Buckets/FShaderJobCacheShaders/b0/48/208a7d7bb9978eed78227716baec00345929.udd" 6738
"C:/Users/varghesechac/AppData/Local/UnrealEngine/Common/DerivedDataCache/Buckets/FShaderJobCacheShaders/8c/12/1f0f7dacf69fe605a644267801c16b7c151b.udd" 6739
"C:/Users/varghesechac/AppData/Local/UnrealEngine/Common/DerivedDataCache/Buckets/FShaderJobCacheShaders/cc/78/b5603ba3c44a58be4cafce95f2b53c4a91ad.udd" 6740
"C:/Users/varghesechac/AppData/Local/UnrealEngine/Common/DerivedDataCache/Buckets/FShaderJobCacheShaders/75/0e/38363cb345b7eb633938a14fa376f92d31c4.udd" 6741
"C:/Users/varghesechac/AppData/Local/UnrealEngine/Common/DerivedDataCache/Buckets/FShaderJobCacheShaders/14/ca/f49395050abc6872ebaf484b0fc87d313edd.udd" 6742
"C:/Users/varghesechac/AppData/Local/UnrealEngine/Common/DerivedDataCache/Buckets/FShaderJobCacheShaders/30/8e/5954d5179523dcc565b2f8cb5a0734b387aa.udd" 6743
"C:/Users/varghesechac/AppData/Local/UnrealEngine/Common/DerivedDataCache/Buckets/FShaderJobCacheShaders/87/55/80cf680cb7840dad18d77f0d77f121ad6ba5.udd" 6744
"C:/Users/varghesechac/AppData/Local/UnrealEngine/Common/DerivedDataCache/Buckets/FShaderJobCacheShaders/b7/0b/9d5877eefa942a5ca373a8a4b77bcb999e3b.udd" 6745
"C:/Users/varghesechac/AppData/Local/UnrealEngine/Common/DerivedDataCache/Buckets/FShaderJobCacheShaders/dc/1b/2fee0818be3b82ab27e8033a1ae845558bf2.udd" 6746
"C:/Users/varghesechac/AppData/Local/UnrealEngine/Common/DerivedDataCache/Buckets/FShaderJobCacheShaders/9d/46/ef39b42df5a205b7feb61f77941f3044bf7e.udd" 6747
"C:/Users/varghesechac/AppData/Local/UnrealEngine/Common/DerivedDataCache/Buckets/FShaderJobCacheShaders/4b/e2/e3e82656dc2ba32e3fd852ffa9bdce55e6b2.udd" 6748
"C:/Users/varghesechac/AppData/Local/UnrealEngine/Common/DerivedDataCache/Buckets/FShaderJobCacheShaders/90/eb/6217095784481669746bba671f0c858decc3.udd" 6749
"C:/Users/varghesechac/AppData/Local/UnrealEngine/Common/DerivedDataCache/Buckets/FShaderJobCacheShaders/c6/27/e619c36f30e8db49037954bea1154c595339.udd" 6750
"C:/Users/varghesechac/AppData/Local/UnrealEngine/Common/DerivedDataCache/Buckets/FShaderJobCacheShaders/63/e4/6ef7296190569ac1773ba306af100415d664.udd" 6751
"C:/Users/varghesechac/AppData/Local/UnrealEngine/Common/DerivedDataCache/Buckets/FShaderJobCacheShaders/4f/9b/d12b81fdb4ec42827bd15fafa76658521c4d.udd" 6752
"C:/Users/varghesechac/AppData/Local/UnrealEngine/Common/DerivedDataCache/Buckets/FShaderJobCacheShaders/03/79/a1934276e80f94c3e93f4b2b8a5ebb614f08.udd" 6753
"C:/Users/varghesechac/AppData/Local/UnrealEngine/Common/DerivedDataCache/Buckets/FShaderJobCacheShaders/dd/37/d91620c08504721852bdbccf7a0645b1986e.udd" 6754
"C:/Users/varghesechac/AppData/Local/UnrealEngine/Common/DerivedDataCache/Buckets/FShaderJobCacheShaders/e5/08/a55e097837cd01b3f415e06afd61b06b1300.udd" 6755
"C:/Users/varghesechac/AppData/Local/UnrealEngine/Common/DerivedDataCache/Buckets/FShaderJobCacheShaders/13/94/b49cc1746a7175c4717f705615c0be080fe1.udd" 6756
"C:/Users/varghesechac/AppData/Local/UnrealEngine/Common/DerivedDataCache/Buckets/FShaderJobCacheShaders/e2/43/403dfe239076b79b04b091d4fb19e70394c7.udd" 6757
"C:/Users/varghesechac/AppData/Local/UnrealEngine/Common/DerivedDataCache/Buckets/FShaderJobCacheShaders/80/b2/255933d26ff6e7e0804b856179fa4e503abb.udd" 6758
"C:/Users/varghesechac/AppData/Local/UnrealEngine/Common/DerivedDataCache/Buckets/FShaderJobCacheShaders/4c/b4/48071ceab7219e37f8fdc87d1aa0a9803ae2.udd" 6759
"C:/Users/varghesechac/AppData/Local/UnrealEngine/Common/DerivedDataCache/Buckets/FShaderJobCacheShaders/15/94/656329177cf864043bc289ab74f8e32fe1cc.udd" 6760
"C:/Users/varghesechac/AppData/Local/UnrealEngine/Common/DerivedDataCache/Buckets/FShaderJobCacheShaders/18/14/24aba12ea433c0315754151d676940a0de05.udd" 6761
"C:/Users/varghesechac/AppData/Local/UnrealEngine/Common/DerivedDataCache/Buckets/FShaderJobCacheShaders/bb/d5/c98e9bc385ba63aeaf161992fa8cdedfec06.udd" 6762
"C:/Users/varghesechac/AppData/Local/UnrealEngine/Common/DerivedDataCache/Buckets/FShaderJobCacheShaders/49/ae/25ab0f5fb6dfeaa96ad32abd49596b9cbd7f.udd" 6763
"C:/Users/varghesechac/AppData/Local/UnrealEngine/Common/DerivedDataCache/Buckets/FShaderJobCacheShaders/25/c0/9c24a5b9a456019c22ee298e9f8f4c63d98e.udd" 6764
"C:/Users/varghesechac/AppData/Local/UnrealEngine/Common/DerivedDataCache/Buckets/FShaderJobCacheShaders/1f/78/8947175406cef3b7af324451bdcd19b327ec.udd" 6765
"C:/Users/varghesechac/AppData/Local/UnrealEngine/Common/DerivedDataCache/Buckets/FShaderJobCacheShaders/a6/ba/b908f8ed93bcea5a8f62e77a4dee2662b79e.udd" 6766
"C:/Users/varghesechac/AppData/Local/UnrealEngine/Common/DerivedDataCache/Buckets/FShaderJobCacheShaders/a8/8d/7825b3b6d0b264d9182c6e724f52e22c03cf.udd" 6767
"C:/Users/varghesechac/AppData/Local/UnrealEngine/Common/DerivedDataCache/Buckets/FShaderJobCacheShaders/fc/72/a0ceb1c920cfec69e3a8d22f66c27aa6f81a.udd" 6768
"C:/Users/varghesechac/AppData/Local/UnrealEngine/Common/DerivedDataCache/Buckets/FShaderJobCacheShaders/55/43/fb49eab1d72656fb82731562da86ed45bdab.udd" 6769
"C:/Users/varghesechac/AppData/Local/UnrealEngine/Common/DerivedDataCache/Buckets/FShaderJobCacheShaders/11/08/a1da1438420a48c27a8bff65ea7f44fad0a4.udd" 6770
"C:/Users/varghesechac/AppData/Local/UnrealEngine/Common/DerivedDataCache/Buckets/FShaderJobCacheShaders/8a/5e/30529ba7b05eaa47b99acba5b80c7c72fe5b.udd" 6771
"C:/Users/varghesechac/AppData/Local/UnrealEngine/Common/DerivedDataCache/Buckets/FShaderJobCacheShaders/51/4b/1bb4b9520822e4ef6d7868deba457d6fe5e6.udd" 6772
"C:/Users/varghesechac/AppData/Local/UnrealEngine/Common/DerivedDataCache/Buckets/FShaderJobCacheShaders/f9/11/5c0e24844f7239e3140a526bf1a947c44176.udd" 6773
"C:/Users/varghesechac/AppData/Local/UnrealEngine/Common/DerivedDataCache/Buckets/FShaderJobCacheShaders/dc/2c/4a015fe609523471bc7d9981708fcc4fed67.udd" 6774
"C:/Users/varghesechac/AppData/Local/UnrealEngine/Common/DerivedDataCache/Buckets/FShaderJobCacheShaders/94/a3/4c907dcca80814a74a82fcd292c190136b90.udd" 6775
"C:/Users/varghesechac/AppData/Local/UnrealEngine/Common/DerivedDataCache/Buckets/FShaderJobCacheShaders/e9/43/7e9aaf2f8a5b35074f40a6954116e7fa7b0e.udd" 6776
"C:/Users/varghesechac/AppData/Local/UnrealEngine/Common/DerivedDataCache/Buckets/FShaderJobCacheShaders/82/8b/3f6e8ba044ba590db995445e29c82056efe6.udd" 6777
"C:/Users/varghesechac/AppData/Local/UnrealEngine/Common/DerivedDataCache/Buckets/FShaderJobCacheShaders/e6/df/4290321d4b63f8b2f6645f447fb848850ded.udd" 6778
"C:/Users/varghesechac/AppData/Local/UnrealEngine/Common/DerivedDataCache/Buckets/FShaderJobCacheShaders/38/f8/8b237938b7dbf6e1d4d2566d7451b9553f6f.udd" 6779
"C:/Users/varghesechac/AppData/Local/UnrealEngine/Common/DerivedDataCache/Buckets/FShaderJobCacheShaders/b3/0f/7928cb1064814cc78d5016a17f521f466169.udd" 6780
"C:/Users/varghesechac/AppData/Local/UnrealEngine/Common/DerivedDataCache/Buckets/FShaderJobCacheShaders/71/b0/966d0af6dd71195a5e01164743e890542401.udd" 6781
"C:/Users/varghesechac/AppData/Local/UnrealEngine/Common/DerivedDataCache/Buckets/FShaderJobCacheShaders/2e/c9/7f092d3fa7c708bbb59e428945d39a480a11.udd" 6782
"C:/Users/varghesechac/AppData/Local/UnrealEngine/Common/DerivedDataCache/Buckets/FShaderJobCacheShaders/f9/3c/493cb9251045a5efa69f5176564d14ab4200.udd" 6783
"C:/Users/varghesechac/AppData/Local/UnrealEngine/Common/DerivedDataCache/Buckets/FShaderJobCacheShaders/45/95/f98db3a3ef636f3c6e8b6894708c95c11fe6.udd" 6784
"C:/Users/varghesechac/AppData/Local/UnrealEngine/Common/DerivedDataCache/Buckets/FShaderJobCacheShaders/53/fa/e13e0265a813ae217564efdd08deb56e811e.udd" 6785
"C:/Users/varghesechac/AppData/Local/UnrealEngine/Common/DerivedDataCache/Buckets/FShaderJobCacheShaders/5a/14/61fb5908c4a7b62bbf32e5ff288f620255f6.udd" 6786
"C:/Users/varghesechac/AppData/Local/UnrealEngine/Common/DerivedDataCache/Buckets/FShaderJobCacheShaders/19/ed/3c5671d4a2cac4f3536e60393643e8c5f31c.udd" 6787
"C:/Users/varghesechac/AppData/Local/UnrealEngine/Common/DerivedDataCache/Buckets/FShaderJobCacheShaders/21/4d/efa74ae455a067808d9603d112478918a4f1.udd" 6788
"C:/Users/varghesechac/AppData/Local/UnrealEngine/Common/DerivedDataCache/Buckets/FShaderJobCacheShaders/6e/37/5d9d6e9af391da1ba737b01c2960eba7b68a.udd" 6789
"C:/Users/varghesechac/AppData/Local/UnrealEngine/Common/DerivedDataCache/Buckets/FShaderJobCacheShaders/04/d8/d54da4b86ab30c219a1c3304123d948af13d.udd" 6790
"C:/Users/varghesechac/AppData/Local/UnrealEngine/Common/DerivedDataCache/Buckets/FShaderJobCacheShaders/d7/51/71028679fa0cd01f388235e62eec637ae6e2.udd" 6791
"C:/Users/varghesechac/AppData/Local/UnrealEngine/Common/DerivedDataCache/Buckets/FShaderJobCacheShaders/db/61/14b3697fbf55ddec251795be70ad3838ffae.udd" 6792
"C:/Users/varghesechac/AppData/Local/UnrealEngine/Common/DerivedDataCache/Buckets/FShaderJobCacheShaders/05/c0/148e126375b25e3f04df439eca08e9ddd4a9.udd" 6793
"C:/Users/varghesechac/AppData/Local/UnrealEngine/Common/DerivedDataCache/Buckets/FShaderJobCacheShaders/50/5a/435f9e55b3b1207bc97126d8a6bd7a19e9a6.udd" 6794
"C:/Users/varghesechac/AppData/Local/UnrealEngine/Common/DerivedDataCache/Buckets/FShaderJobCacheShaders/56/fe/8019bf07f001a74794619bf618b94479b884.udd" 6795
"C:/Users/varghesechac/AppData/Local/UnrealEngine/Common/DerivedDataCache/Buckets/FShaderJobCacheShaders/b7/23/5130439c3b8379c58e2c2deb268868120c22.udd" 6796
"C:/Users/varghesechac/AppData/Local/UnrealEngine/Common/DerivedDataCache/Buckets/FShaderJobCacheShaders/d1/b9/ee92808dd0b602a9c6323e45f30cdf708b56.udd" 6797
"C:/Users/varghesechac/AppData/Local/UnrealEngine/Common/DerivedDataCache/Buckets/FShaderJobCacheShaders/1f/91/23715bcf06d3470950b3e667ae2866753108.udd" 6798
"C:/Users/varghesechac/AppData/Local/UnrealEngine/Common/DerivedDataCache/Buckets/FShaderJobCacheShaders/26/cc/1a20b6807170045440052efd08256f98531f.udd" 6799
"C:/Users/varghesechac/AppData/Local/UnrealEngine/Common/DerivedDataCache/Buckets/FShaderJobCacheShaders/66/21/e0c8b7cd21960c54e600a7b43d9077628ce7.udd" 6800
"C:/Users/varghesechac/AppData/Local/UnrealEngine/Common/DerivedDataCache/Buckets/FShaderJobCacheShaders/c2/cb/4436ecf6d018f157ffd5f14d0babd76e2af1.udd" 6801
"C:/Users/varghesechac/AppData/Local/UnrealEngine/Common/DerivedDataCache/Buckets/FShaderJobCacheShaders/ab/ca/9794dd4f7141019a2fd6b8718ccec1117e4e.udd" 6802
"C:/Users/varghesechac/AppData/Local/UnrealEngine/Common/DerivedDataCache/Buckets/FShaderJobCacheShaders/b8/06/40420d9c0bbd57dbdc4a4455a746a49a2a9a.udd" 6803
"C:/Users/varghesechac/AppData/Local/UnrealEngine/Common/DerivedDataCache/Buckets/FShaderJobCacheShaders/f3/65/21c16d0c23fa3b1fc027ba7fee85e439709c.udd" 6804
"C:/Users/varghesechac/AppData/Local/UnrealEngine/Common/DerivedDataCache/Buckets/FShaderJobCacheShaders/eb/14/ed89652653b2bb0574c93c4f89a82b8db02a.udd" 6805
"C:/Users/varghesechac/AppData/Local/UnrealEngine/Common/DerivedDataCache/Buckets/FShaderJobCacheShaders/a0/26/b55f1f0c7f52a80709b825f17ab885b5b47c.udd" 6806
"C:/Users/varghesechac/AppData/Local/UnrealEngine/Common/DerivedDataCache/Buckets/FShaderJobCacheShaders/d1/16/4016fa4e87de23175b5403ad0b994162e087.udd" 6807
"C:/Users/varghesechac/AppData/Local/UnrealEngine/Common/DerivedDataCache/Buckets/FShaderJobCacheShaders/60/bf/39a34b573ad12e940c3f975462fd046fb1f2.udd" 6808
"C:/Users/varghesechac/AppData/Local/UnrealEngine/Common/DerivedDataCache/Buckets/FShaderJobCacheShaders/fd/98/d298b377b49f68be1206b7cce3dbde1115ea.udd" 6809
"C:/Users/varghesechac/AppData/Local/UnrealEngine/Common/DerivedDataCache/Buckets/FShaderJobCacheShaders/fa/93/d73d4e44e7d3a75d7e1f49b7a109d4d38c73.udd" 6810
"C:/Users/varghesechac/AppData/Local/UnrealEngine/Common/DerivedDataCache/Buckets/FShaderJobCacheShaders/dc/c6/9644fa5cfce09d8d9c1e4913b65ca609434a.udd" 6811
"C:/Users/varghesechac/AppData/Local/UnrealEngine/Common/DerivedDataCache/Buckets/FShaderJobCacheShaders/eb/b5/46e057cf61530af618c0804a599c47ec647f.udd" 6812
"C:/Users/varghesechac/AppData/Local/UnrealEngine/Common/DerivedDataCache/Buckets/FShaderJobCacheShaders/75/0e/db71412c0b0383947e932bd16adaf7963849.udd" 6813
"C:/Users/varghesechac/AppData/Local/UnrealEngine/Common/DerivedDataCache/Buckets/FShaderJobCacheShaders/3d/f7/cc42455ffb6a6e82330148a52fe4ed099ca3.udd" 6814
"C:/Users/varghesechac/AppData/Local/UnrealEngine/Common/DerivedDataCache/Buckets/FShaderJobCacheShaders/7c/04/55221e61fe5d5f28faf802a9272614cd8fa2.udd" 6815
"C:/Users/varghesechac/AppData/Local/UnrealEngine/Common/DerivedDataCache/Buckets/FShaderJobCacheShaders/e2/79/88fcee39c89569a44ec44cdf8cd196f8d090.udd" 6816
"C:/Users/varghesechac/AppData/Local/UnrealEngine/Common/DerivedDataCache/Buckets/FShaderJobCacheShaders/95/72/d6e241dbc638cfff4e628aac0c76478daca6.udd" 6817
"C:/Users/varghesechac/AppData/Local/UnrealEngine/Common/DerivedDataCache/Buckets/FShaderJobCacheShaders/87/a0/ac458f1fc2b770b9de09dc0c6f4488da76cd.udd" 6818
"C:/Users/varghesechac/AppData/Local/UnrealEngine/Common/DerivedDataCache/Buckets/FShaderJobCacheShaders/a4/f1/de17a0341aef554555d70c4c07a224c1fe5c.udd" 6819
"C:/Users/varghesechac/AppData/Local/UnrealEngine/Common/DerivedDataCache/Buckets/FShaderJobCacheShaders/2d/d8/77d7ec9b3fdc11ef61efdabe6e62d3ff75e9.udd" 6820
"C:/Users/varghesechac/AppData/Local/UnrealEngine/Common/DerivedDataCache/Buckets/FShaderJobCacheShaders/a5/50/25aa28f6f98d603661ace92e4b4af7cff11c.udd" 6821
"C:/Users/varghesechac/AppData/Local/UnrealEngine/Common/DerivedDataCache/Buckets/FShaderJobCacheShaders/39/d6/3147b892aa95569f298ab0e35232d4582be6.udd" 6822
"C:/Users/varghesechac/AppData/Local/UnrealEngine/Common/DerivedDataCache/Buckets/FShaderJobCacheShaders/b0/ac/b6203268863cab3dbbde02aa744da5192a40.udd" 6823
"C:/Users/varghesechac/AppData/Local/UnrealEngine/Common/DerivedDataCache/Buckets/FShaderJobCacheShaders/ab/0c/53d99909fc265204a82817dc37b76f3e9f5d.udd" 6824
"C:/Users/varghesechac/AppData/Local/UnrealEngine/Common/DerivedDataCache/Buckets/FShaderJobCacheShaders/92/1b/4668bde7a94e0e737545785458c1ff9d06d8.udd" 6825
"C:/Users/varghesechac/AppData/Local/UnrealEngine/Common/DerivedDataCache/Buckets/FShaderJobCacheShaders/6e/02/7e232719798fe49d95c858ff5fa7b75db408.udd" 6826
"C:/Users/varghesechac/AppData/Local/UnrealEngine/Common/DerivedDataCache/Buckets/FShaderJobCacheShaders/c2/13/36b2802666145fc1d57a4a10d29c62bbee42.udd" 6827
"C:/Users/varghesechac/AppData/Local/UnrealEngine/Common/DerivedDataCache/Buckets/FShaderJobCacheShaders/c8/09/f8d63d805d4fded1b42577ff1aaf6a355cd3.udd" 6828
"C:/Users/varghesechac/AppData/Local/UnrealEngine/Common/DerivedDataCache/Buckets/FShaderJobCacheShaders/a3/ad/af598ec3b2e22613e795ae20e0a8024392d7.udd" 6829
"C:/Users/varghesechac/AppData/Local/UnrealEngine/Common/DerivedDataCache/Buckets/FShaderJobCacheShaders/2b/6f/ef72599e5581578f0b324aca92cefd708c35.udd" 6830
"C:/Users/varghesechac/AppData/Local/UnrealEngine/Common/DerivedDataCache/Buckets/FShaderJobCacheShaders/5f/7c/df3270195f13607297010b173d2de5295ae7.udd" 6831
"C:/Users/varghesechac/AppData/Local/UnrealEngine/Common/DerivedDataCache/Buckets/FShaderJobCacheShaders/92/1e/05c1f9d22f3c848152897d42bab7abca2f94.udd" 6832
"C:/Users/varghesechac/AppData/Local/UnrealEngine/Common/DerivedDataCache/Buckets/FShaderJobCacheShaders/f5/9e/92d6549cea1efe9358ff3e7b3fdfbe8cb184.udd" 6833
"C:/Users/varghesechac/AppData/Local/UnrealEngine/Common/DerivedDataCache/Buckets/FShaderJobCacheShaders/65/20/f8901e35f96f43ddf25ab4b944a5329ae160.udd" 6834
"C:/Users/varghesechac/AppData/Local/UnrealEngine/Common/DerivedDataCache/Buckets/FShaderJobCacheShaders/c1/68/4894c44d330da730a41a144eb60542883293.udd" 6835
"C:/Users/varghesechac/AppData/Local/UnrealEngine/Common/DerivedDataCache/Buckets/FShaderJobCacheShaders/b6/1a/a6bbdd4eb5ca31130554c2e4e68760f8ed64.udd" 6836
"C:/Users/varghesechac/AppData/Local/UnrealEngine/Common/DerivedDataCache/Buckets/FShaderJobCacheShaders/2d/05/9640fe4a77ea55d3d9491426a1b61beed564.udd" 6837
"C:/Users/varghesechac/AppData/Local/UnrealEngine/Common/DerivedDataCache/Buckets/FShaderJobCacheShaders/74/c3/d3ebf082761d4ec92d4eba6f5acef463ecd9.udd" 6838
"C:/Users/varghesechac/AppData/Local/UnrealEngine/Common/DerivedDataCache/Buckets/FShaderJobCacheShaders/24/f4/192837485c37a9e748421b7f06d6e23fb253.udd" 6839
"C:/Users/varghesechac/AppData/Local/UnrealEngine/Common/DerivedDataCache/Buckets/FShaderJobCacheShaders/e1/d8/d0c0988ed734165d504b94634b446d620ab3.udd" 6840
"C:/Users/varghesechac/AppData/Local/UnrealEngine/Common/DerivedDataCache/Buckets/FShaderJobCacheShaders/2a/a5/e216ddd20866c18a5ab324ab056bcc990d60.udd" 6841
"C:/Users/varghesechac/AppData/Local/UnrealEngine/Common/DerivedDataCache/Buckets/FShaderJobCacheShaders/16/de/60dd8bde213b39127a4c25ffaedf895d09b5.udd" 6842
"C:/Users/varghesechac/AppData/Local/UnrealEngine/Common/DerivedDataCache/Buckets/FShaderJobCacheShaders/e9/ba/12fda16c4f7306cd70e4dd20291a132b1e9c.udd" 6843
"C:/Users/varghesechac/AppData/Local/UnrealEngine/Common/DerivedDataCache/Buckets/FShaderJobCacheShaders/4c/9f/cf6efa5c66df2018c89bbb692cc258272e13.udd" 6844
"C:/Users/varghesechac/AppData/Local/UnrealEngine/Common/DerivedDataCache/Buckets/FShaderJobCacheShaders/0f/2f/f5a807bb21adef07114a3e20e133eb695f1c.udd" 6845
"C:/Users/varghesechac/AppData/Local/UnrealEngine/Common/DerivedDataCache/Buckets/FShaderJobCacheShaders/04/53/e3ba3f565fcaffed1f5a95d75df17369a21b.udd" 6846
"C:/Users/varghesechac/AppData/Local/UnrealEngine/Common/DerivedDataCache/Buckets/FShaderJobCacheShaders/84/0d/c39a04e71c998c6ac76965cef5d31211ef58.udd" 6847
"C:/Users/varghesechac/AppData/Local/UnrealEngine/Common/DerivedDataCache/Buckets/FShaderJobCacheShaders/35/32/917c915d211f96b5510724b67f743f5bd759.udd" 6848
"C:/Users/varghesechac/AppData/Local/UnrealEngine/Common/DerivedDataCache/Buckets/FShaderJobCacheShaders/48/22/81fc208e1be3a90c517dc264bb0eda05cfb4.udd" 6849
"C:/Users/varghesechac/AppData/Local/UnrealEngine/Common/DerivedDataCache/Buckets/FShaderJobCacheShaders/16/01/a33f9519c0b2ff107497cdf6bc051f6d4db8.udd" 6850
"C:/Users/varghesechac/AppData/Local/UnrealEngine/Common/DerivedDataCache/Buckets/FShaderJobCacheShaders/73/31/e3360b5c889937317ef36464f4a765d95cf6.udd" 6851
"C:/Users/varghesechac/AppData/Local/UnrealEngine/Common/DerivedDataCache/Buckets/FShaderJobCacheShaders/ad/f6/a113f42d9de85307380f4ecdf39e031ef780.udd" 6852
"C:/Users/varghesechac/AppData/Local/UnrealEngine/Common/DerivedDataCache/Buckets/FShaderJobCacheShaders/e9/05/d26462219f720468c8a986d9d63a69af74df.udd" 6853
"C:/Users/varghesechac/AppData/Local/UnrealEngine/Common/DerivedDataCache/Buckets/FShaderJobCacheShaders/9a/04/b7bac88350438f2aaa21fa6bd5db00bc153c.udd" 6854
"C:/Users/varghesechac/AppData/Local/UnrealEngine/Common/DerivedDataCache/Buckets/FShaderJobCacheShaders/66/d1/1bb015950786483358bfeff3a899aa674a7d.udd" 6855
"C:/Users/varghesechac/AppData/Local/UnrealEngine/Common/DerivedDataCache/Buckets/FShaderJobCacheShaders/c5/c2/50b7edc6cca7d44fae3c5527a935bc58458b.udd" 6856
"C:/Users/varghesechac/AppData/Local/UnrealEngine/Common/DerivedDataCache/Buckets/FShaderJobCacheShaders/ee/d8/5fce6536d648a7835119e5692e10c230748b.udd" 6857
"C:/Users/varghesechac/AppData/Local/UnrealEngine/Common/DerivedDataCache/Buckets/FShaderJobCacheShaders/7e/63/b6df8b62d070dcea28dda59991a6ccbe90cb.udd" 6858
"C:/Users/varghesechac/AppData/Local/UnrealEngine/Common/DerivedDataCache/Buckets/FShaderJobCacheShaders/e1/f6/81dfbcb16d3684f5f24f1553b664c85abaa2.udd" 6859
"C:/Users/varghesechac/AppData/Local/UnrealEngine/Common/DerivedDataCache/Buckets/FShaderJobCacheShaders/05/ad/396b7ddb112092fef014912bdedde3deab67.udd" 6860
"C:/Users/varghesechac/AppData/Local/UnrealEngine/Common/DerivedDataCache/Buckets/FShaderJobCacheShaders/cb/8f/ccb2015ad55b1d650f96cc2bb18799dc0034.udd" 6861
"C:/Users/varghesechac/AppData/Local/UnrealEngine/Common/DerivedDataCache/Buckets/FShaderJobCacheShaders/d7/ba/66a625ce4dfdaa78b69c825902a24439574a.udd" 6862
"C:/Users/varghesechac/AppData/Local/UnrealEngine/Common/DerivedDataCache/Buckets/FShaderJobCacheShaders/a3/03/76d3e70f3311c548f5e92ceaa34c05bfbf49.udd" 6863
"C:/Users/varghesechac/AppData/Local/UnrealEngine/Common/DerivedDataCache/Buckets/FShaderJobCacheShaders/d8/51/a1a5cc41179b3559cf8e2cf9dd150e107089.udd" 6864
"C:/Users/varghesechac/AppData/Local/UnrealEngine/Common/DerivedDataCache/Buckets/FShaderJobCacheShaders/ba/15/2d91dd655b37f2d8f16bcb5116cdfc4177d7.udd" 6865
"C:/Users/varghesechac/AppData/Local/UnrealEngine/Common/DerivedDataCache/Buckets/FShaderJobCacheShaders/91/fc/c7c8f34a315c38e848d11bddd685aa7b9e4c.udd" 6866
"C:/Users/varghesechac/AppData/Local/UnrealEngine/Common/DerivedDataCache/Buckets/FShaderJobCacheShaders/aa/9a/69234f22a67ff7b7f768859ef180a864a6d5.udd" 6867
"C:/Users/varghesechac/AppData/Local/UnrealEngine/Common/DerivedDataCache/Buckets/FShaderJobCacheShaders/61/da/7355d8eea0cedc0136c273620eb4d133dba0.udd" 6868
"C:/Users/varghesechac/AppData/Local/UnrealEngine/Common/DerivedDataCache/Buckets/FShaderJobCacheShaders/89/cd/4d232910d8245c9d1ada1d4d034871479477.udd" 6869
"C:/Users/varghesechac/AppData/Local/UnrealEngine/Common/DerivedDataCache/Buckets/FShaderJobCacheShaders/a7/ed/8249ac5b3aed46ca2861e7a54642fd6f06fb.udd" 6870
"C:/Users/varghesechac/AppData/Local/UnrealEngine/Common/DerivedDataCache/Buckets/FShaderJobCacheShaders/31/50/2db4a52ad7e9afbc60cbf07c29d77ecd1c34.udd" 6871
"C:/Users/varghesechac/AppData/Local/UnrealEngine/Common/DerivedDataCache/Buckets/FShaderJobCacheShaders/c3/65/7efccd06b99257dfbd57bbc7f075507f2383.udd" 6872
"C:/Users/varghesechac/AppData/Local/UnrealEngine/Common/DerivedDataCache/Buckets/FShaderJobCacheShaders/47/cf/22eda11f54082ce84651da9f981bb819068e.udd" 6873
"C:/Users/varghesechac/AppData/Local/UnrealEngine/Common/DerivedDataCache/Buckets/FShaderJobCacheShaders/09/4f/9f64de3d0452364bc29ba679ff5c03404158.udd" 6874
"C:/Users/varghesechac/AppData/Local/UnrealEngine/Common/DerivedDataCache/Buckets/FShaderJobCacheShaders/13/65/06c199749b007888984addcd866d2467ed37.udd" 6875
"C:/Users/varghesechac/AppData/Local/UnrealEngine/Common/DerivedDataCache/Buckets/FShaderJobCacheShaders/ea/43/6c2870aa30c2c9284f0b0abf3d782c4a3902.udd" 6876
"C:/Users/varghesechac/AppData/Local/UnrealEngine/Common/DerivedDataCache/Buckets/FShaderJobCacheShaders/7b/0b/acf6ab990e7dc05c0769c4403ac76da0cf7b.udd" 6877
"C:/Users/varghesechac/AppData/Local/UnrealEngine/Common/DerivedDataCache/Buckets/FShaderJobCacheShaders/d2/31/0544ab528edf8aa0a285d1e3921c60cba2fd.udd" 6878
"C:/Users/varghesechac/AppData/Local/UnrealEngine/Common/DerivedDataCache/Buckets/FShaderJobCacheShaders/ae/a7/f365800c6710ac6bf3efd3daf22e43418d65.udd" 6879
"C:/Users/varghesechac/AppData/Local/UnrealEngine/Common/DerivedDataCache/Buckets/FShaderJobCacheShaders/7a/7b/6c4b5d85ec65caf3d96569ccb9a4145d19a5.udd" 6880
"C:/Users/varghesechac/AppData/Local/UnrealEngine/Common/DerivedDataCache/Buckets/FShaderJobCacheShaders/11/b9/a1dbb55559271c53336ee3f9c7116d0bb093.udd" 6881
"C:/Users/varghesechac/AppData/Local/UnrealEngine/Common/DerivedDataCache/Buckets/FShaderJobCacheShaders/b6/ae/0020dc090c0360a0e8dbd68b064da39d3a89.udd" 6882
"C:/Users/varghesechac/AppData/Local/UnrealEngine/Common/DerivedDataCache/Buckets/FShaderJobCacheShaders/38/ef/7f8f6453ed91128fb81302245ff7714dae0c.udd" 6883
"C:/Users/varghesechac/AppData/Local/UnrealEngine/Common/DerivedDataCache/Buckets/FShaderJobCacheShaders/cd/08/b8d6c9ccef8d9b6968f1d0b107d4bcd70f29.udd" 6884
"C:/Users/varghesechac/AppData/Local/UnrealEngine/Common/DerivedDataCache/Buckets/FShaderJobCacheShaders/27/79/efc27748f6c8d5d7a438755c60f8d54f5e7a.udd" 6885
"C:/Users/varghesechac/AppData/Local/UnrealEngine/Common/DerivedDataCache/Buckets/FShaderJobCacheShaders/c7/ac/638fd4abd45da0b6a70dd2b95a5d480f1400.udd" 6886
"C:/Users/varghesechac/AppData/Local/UnrealEngine/Common/DerivedDataCache/Buckets/FShaderJobCacheShaders/96/42/69be31f0f1fcd02ee97b7eb582a163de0445.udd" 6887
"C:/Users/varghesechac/AppData/Local/UnrealEngine/Common/DerivedDataCache/Buckets/FShaderJobCacheShaders/26/2a/c68f45684644f63ea38543c0bd2dd82ff317.udd" 6888
"C:/Users/varghesechac/AppData/Local/UnrealEngine/Common/DerivedDataCache/Buckets/FShaderJobCacheShaders/0f/06/077c309fa2973a05cb7c37752187248081a3.udd" 6889
"C:/Users/varghesechac/AppData/Local/UnrealEngine/Common/DerivedDataCache/Buckets/FShaderJobCacheShaders/5a/1f/eb1b9a2c2b884711759699a2467fe5ab1eae.udd" 6890
"C:/Users/varghesechac/AppData/Local/UnrealEngine/Common/DerivedDataCache/Buckets/FShaderJobCacheShaders/cc/8e/e6f5b930b921748eb14781fb96951e4f65d9.udd" 6891
"C:/Users/varghesechac/AppData/Local/UnrealEngine/Common/DerivedDataCache/Buckets/FShaderJobCacheShaders/b3/9b/5560fe4d0b204a07f6b63cb8f2a70c35a911.udd" 6892
"C:/Users/varghesechac/AppData/Local/UnrealEngine/Common/DerivedDataCache/Buckets/FShaderJobCacheShaders/17/63/4c23a9045f47cd4844261931386035c55a4d.udd" 6893
"C:/Users/varghesechac/AppData/Local/UnrealEngine/Common/DerivedDataCache/Buckets/FShaderJobCacheShaders/4d/6a/19909bcd659d8321cece3a595ff8d9b7c7e6.udd" 6894
"C:/Users/varghesechac/AppData/Local/UnrealEngine/Common/DerivedDataCache/Buckets/FShaderJobCacheShaders/5e/89/14988640ac314e06e7ab70adec7c5c76918c.udd" 6895
"C:/Users/varghesechac/AppData/Local/UnrealEngine/Common/DerivedDataCache/Buckets/FShaderJobCacheShaders/87/4b/4c3db035f47ba8beae6725480228f3c0f04b.udd" 6896
"C:/Users/varghesechac/AppData/Local/UnrealEngine/Common/DerivedDataCache/Buckets/FShaderJobCacheShaders/a1/f1/2595a85e755ffc6e1266062e354f01577117.udd" 6897
"C:/Users/varghesechac/AppData/Local/UnrealEngine/Common/DerivedDataCache/Buckets/FShaderJobCacheShaders/91/07/4d9440cb638f6cdf0c2a44b695fdf54c4181.udd" 6898
"C:/Users/varghesechac/AppData/Local/UnrealEngine/Common/DerivedDataCache/Buckets/FShaderJobCacheShaders/d2/68/3eab87258cbf888ee7d60a1b3118a016585a.udd" 6899
"C:/Users/varghesechac/AppData/Local/UnrealEngine/Common/DerivedDataCache/Buckets/FShaderJobCacheShaders/7a/5e/02c835875d4a654c8478fdc03f9a6f79b83f.udd" 6900
"C:/Users/varghesechac/AppData/Local/UnrealEngine/Common/DerivedDataCache/Buckets/FShaderJobCacheShaders/ff/9f/fa2863db3f3d25b48f5a9a32012212abbc1e.udd" 6901
"C:/Users/varghesechac/AppData/Local/UnrealEngine/Common/DerivedDataCache/Buckets/FShaderJobCacheShaders/c3/0c/21ee3c127cafd80446219e7709b652138e36.udd" 6902
"C:/Users/varghesechac/AppData/Local/UnrealEngine/Common/DerivedDataCache/Buckets/FShaderJobCacheShaders/dd/95/082c84d966c0c5a94861665cc352c675aee5.udd" 6903
"C:/Users/varghesechac/AppData/Local/UnrealEngine/Common/DerivedDataCache/Buckets/FShaderJobCacheShaders/ac/87/b9f3be5b18905e9e18ef220a604b6fc4fd7b.udd" 6904
"C:/Users/varghesechac/AppData/Local/UnrealEngine/Common/DerivedDataCache/Buckets/FShaderJobCacheShaders/f7/1b/b48d42683f84ebcf89d8c05978cc6cd69336.udd" 6905
"C:/Users/varghesechac/AppData/Local/UnrealEngine/Common/DerivedDataCache/Buckets/FShaderJobCacheShaders/6a/36/286fafe856a3557886e156df0a5a808fc8ea.udd" 6906
"C:/Users/varghesechac/AppData/Local/UnrealEngine/Common/DerivedDataCache/Buckets/FShaderJobCacheShaders/5f/95/530a18bf4c29b849924ab02b94b58e358e30.udd" 6907
"C:/Users/varghesechac/AppData/Local/UnrealEngine/Common/DerivedDataCache/Buckets/FShaderJobCacheShaders/c9/ad/3a6ebca49bda8fd16326bea038f0565550ff.udd" 6908
"C:/Users/varghesechac/AppData/Local/UnrealEngine/Common/DerivedDataCache/Buckets/FShaderJobCacheShaders/fb/df/1e6a4d4ce64418a0d7796907ce3f885e94ce.udd" 6909
"C:/Users/varghesechac/AppData/Local/UnrealEngine/Common/DerivedDataCache/Buckets/FShaderJobCacheShaders/ce/2c/413dc502193b2aa03476d6650fce8b2bc830.udd" 6910
"C:/Users/varghesechac/AppData/Local/UnrealEngine/Common/DerivedDataCache/Buckets/FShaderJobCacheShaders/b0/c6/49d787b543cd2215e6dd8f930b0971abbc43.udd" 6911
"C:/Users/varghesechac/AppData/Local/UnrealEngine/Common/DerivedDataCache/Buckets/FShaderJobCacheShaders/1f/87/2cabe336a56b8292ecddb0fc9c979eb09dae.udd" 6912
"C:/Users/varghesechac/AppData/Local/UnrealEngine/Common/DerivedDataCache/Buckets/FShaderJobCacheShaders/d4/0e/bd8aaa7f6e3344a0b43aa995e3e8783dbd90.udd" 6913
"C:/Users/varghesechac/AppData/Local/UnrealEngine/Common/DerivedDataCache/Buckets/FShaderJobCacheShaders/42/14/f536885f49122c63aef7b9f25d12b6205143.udd" 6914
"C:/Users/varghesechac/AppData/Local/UnrealEngine/Common/DerivedDataCache/Buckets/FShaderJobCacheShaders/29/4f/c364f178bd07431ae92415550cb5fc63a63a.udd" 6915
"C:/Users/varghesechac/AppData/Local/UnrealEngine/Common/DerivedDataCache/Buckets/FShaderJobCacheShaders/c0/94/0fcb604da1d4676bbb2648bf578f4743e6b3.udd" 6916
"C:/Users/varghesechac/AppData/Local/UnrealEngine/Common/DerivedDataCache/Buckets/FShaderJobCacheShaders/ce/98/c2a82a3feee275ba6b3f22267ce54bcb6f89.udd" 6917
"C:/Users/varghesechac/AppData/Local/UnrealEngine/Common/DerivedDataCache/Buckets/FShaderJobCacheShaders/87/56/ecd3c8b529c3d0a4abfad58bf09e8fcaf3bd.udd" 6918
"C:/Users/varghesechac/AppData/Local/UnrealEngine/Common/DerivedDataCache/Buckets/FShaderJobCacheShaders/f9/d6/8cde2a2dd732bca72bc07133df6b9cf383b5.udd" 6919
"C:/Users/varghesechac/AppData/Local/UnrealEngine/Common/DerivedDataCache/Buckets/FShaderJobCacheShaders/4a/18/c335a4798e66b8481aa3f760a57127318d08.udd" 6920
"C:/Users/varghesechac/AppData/Local/UnrealEngine/Common/DerivedDataCache/Buckets/FShaderJobCacheShaders/3f/2e/6fbc1de8c46cad16314f4bd22585750293b1.udd" 6921
"C:/Users/varghesechac/AppData/Local/UnrealEngine/Common/DerivedDataCache/Buckets/FShaderJobCacheShaders/60/84/3572a3b214cc9d2796e8a6713d6ae94a1e78.udd" 6922
"C:/Users/varghesechac/AppData/Local/UnrealEngine/Common/DerivedDataCache/Buckets/FShaderJobCacheShaders/5b/8a/989741e9e886cac22915b2794908a14db642.udd" 6923
"C:/Users/varghesechac/AppData/Local/UnrealEngine/Common/DerivedDataCache/Buckets/FShaderJobCacheShaders/3a/8b/cf3edfbb7027886c550ef7b63d838fa34c6f.udd" 6924
"C:/Users/varghesechac/AppData/Local/UnrealEngine/Common/DerivedDataCache/Buckets/FShaderJobCacheShaders/f3/2a/e706039fac620780a9d2ea71d7c25fa85a2c.udd" 6925
"C:/Users/varghesechac/AppData/Local/UnrealEngine/Common/DerivedDataCache/Buckets/FShaderJobCacheShaders/9c/0d/cb3164a9960e5f9a2d31f01fd92bfb2ece4b.udd" 6926
"C:/Users/varghesechac/AppData/Local/UnrealEngine/Common/DerivedDataCache/Buckets/FShaderJobCacheShaders/ad/da/25fa5a72c2d8db09c3da61f7b85556e67fd3.udd" 6927
"C:/Users/varghesechac/AppData/Local/UnrealEngine/Common/DerivedDataCache/Buckets/FShaderJobCacheShaders/db/7d/5ec3a22067abc044b924e545ebfd3c0cb741.udd" 6928
"C:/Users/varghesechac/AppData/Local/UnrealEngine/Common/DerivedDataCache/Buckets/FShaderJobCacheShaders/63/3b/636ec73437d7894c6917d70dc789b904868d.udd" 6929
"C:/Users/varghesechac/AppData/Local/UnrealEngine/Common/DerivedDataCache/Buckets/FShaderJobCacheShaders/a5/5d/718098330a2dbbc751bc15ab0f0d9e488a5c.udd" 6930
"C:/Users/varghesechac/AppData/Local/UnrealEngine/Common/DerivedDataCache/Buckets/FShaderJobCacheShaders/63/c5/baf1cd892d49bcb8c6709cc6268b78a53ceb.udd" 6931
"C:/Users/varghesechac/AppData/Local/UnrealEngine/Common/DerivedDataCache/Buckets/FShaderJobCacheShaders/c8/3c/252c8d6aa9b2d64fc001c2a8c5f2ccb1180a.udd" 6932
"C:/Users/varghesechac/AppData/Local/UnrealEngine/Common/DerivedDataCache/Buckets/FShaderJobCacheShaders/35/2e/1c04993dc7ee5d2928d389f3fe2c87d78d33.udd" 6933
"C:/Users/varghesechac/AppData/Local/UnrealEngine/Common/DerivedDataCache/Buckets/FShaderJobCacheShaders/73/bf/49abde73976cd2ed0ff7382ebdaec8156f9b.udd" 6934
"C:/Users/varghesechac/AppData/Local/UnrealEngine/Common/DerivedDataCache/Buckets/FShaderJobCacheShaders/f9/00/1e3868b5a527fc7b2345aee9bfc93b81726b.udd" 6935
"C:/Users/varghesechac/AppData/Local/UnrealEngine/Common/DerivedDataCache/Buckets/FShaderJobCacheShaders/07/a4/5a97a25101f89cb7d6c61ff3e1690f388a70.udd" 6936
"C:/Users/varghesechac/AppData/Local/UnrealEngine/Common/DerivedDataCache/Buckets/FShaderJobCacheShaders/ae/32/ef4e744e23f8f36db16574b7106cffe1fe7c.udd" 6937
"C:/Users/varghesechac/AppData/Local/UnrealEngine/Common/DerivedDataCache/Buckets/FShaderJobCacheShaders/b1/a0/079e41cc5d286892ac9ca6ca80f4abad13fc.udd" 6938
"C:/Users/varghesechac/AppData/Local/UnrealEngine/Common/DerivedDataCache/Buckets/FShaderJobCacheShaders/a1/fc/0edb78762045c031ad56ac11f69fd4dff298.udd" 6939
"C:/Users/varghesechac/AppData/Local/UnrealEngine/Common/DerivedDataCache/Buckets/FShaderJobCacheShaders/78/d8/1b87c474462ae469fb1c075be4013a862148.udd" 6940
"C:/Users/varghesechac/AppData/Local/UnrealEngine/Common/DerivedDataCache/Buckets/FShaderJobCacheShaders/94/f8/3dfc588509965417dc9a20951f00cf8ffb08.udd" 6941
"C:/Users/varghesechac/AppData/Local/UnrealEngine/Common/DerivedDataCache/Buckets/FShaderJobCacheShaders/e6/fe/bb4bf2580c958ccf104423343de3d2446f06.udd" 6942
"C:/Users/varghesechac/AppData/Local/UnrealEngine/Common/DerivedDataCache/Buckets/FShaderJobCacheShaders/a9/4c/9a20eb5963fdbfaf29b62fbb3a8f9289e423.udd" 6943
"C:/Users/varghesechac/AppData/Local/UnrealEngine/Common/DerivedDataCache/Buckets/FShaderJobCacheShaders/11/bc/b5cd9853cd58ce33e0786c60cfc1901510f1.udd" 6944
"C:/Users/varghesechac/AppData/Local/UnrealEngine/Common/DerivedDataCache/Buckets/FShaderJobCacheShaders/67/de/fab2ef9a8570e819270427178f96d751033f.udd" 6945
"C:/Users/varghesechac/AppData/Local/UnrealEngine/Common/DerivedDataCache/Buckets/FShaderJobCacheShaders/2a/dd/c2da8dc77bcdd8db902867dbdd3982a46e7a.udd" 6946
"C:/Users/varghesechac/AppData/Local/UnrealEngine/Common/DerivedDataCache/Buckets/FShaderJobCacheShaders/a6/8f/88a5fc5adeb15f8bbe31af89e81b3bf2c483.udd" 6947
"C:/Users/varghesechac/AppData/Local/UnrealEngine/Common/DerivedDataCache/Buckets/FShaderJobCacheShaders/dd/fb/32c79e39af79daba6cd4e13717f5820943fc.udd" 6948
"C:/Users/varghesechac/AppData/Local/UnrealEngine/Common/DerivedDataCache/Buckets/FShaderJobCacheShaders/71/09/12027d76697afcc12dc1f3b2335a5ed57500.udd" 6949
"C:/Users/varghesechac/AppData/Local/UnrealEngine/Common/DerivedDataCache/Buckets/FShaderJobCacheShaders/30/03/00b02f7c25e8ff95d76679d8f3d324136de8.udd" 6950
"C:/Users/varghesechac/AppData/Local/UnrealEngine/Common/DerivedDataCache/Buckets/FShaderJobCacheShaders/c3/8a/22b5934ba76145a7592e160646b40387b51a.udd" 6951
"C:/Users/varghesechac/AppData/Local/UnrealEngine/Common/DerivedDataCache/Buckets/FShaderJobCacheShaders/d8/b3/23554a3fbbc8675d2824378fcbc3da073141.udd" 6952
"C:/Users/varghesechac/AppData/Local/UnrealEngine/Common/DerivedDataCache/Buckets/FShaderJobCacheShaders/da/3c/4bf259903b8f88a644c090bb439a0e4adcd8.udd" 6953
"C:/Users/varghesechac/AppData/Local/UnrealEngine/Common/DerivedDataCache/Buckets/FShaderJobCacheShaders/d8/1d/d17bbacf1cb12643b3439cf6b77e43ae5b86.udd" 6954
"C:/Users/varghesechac/AppData/Local/UnrealEngine/Common/DerivedDataCache/Buckets/FShaderJobCacheShaders/1c/09/2b0c19d833fbefa73009bf7d06469d86892f.udd" 6955
"C:/Users/varghesechac/AppData/Local/UnrealEngine/Common/DerivedDataCache/Buckets/FShaderJobCacheShaders/8d/9e/89e362aa85cf242416a6103d430450f9359d.udd" 6956
"C:/Users/varghesechac/AppData/Local/UnrealEngine/Common/DerivedDataCache/Buckets/FShaderJobCacheShaders/7e/ae/987fa09474bc8d51799013038cf534356267.udd" 6957
"C:/Users/varghesechac/AppData/Local/UnrealEngine/Common/DerivedDataCache/Buckets/FShaderJobCacheShaders/f2/06/0d265bdea123f23ed6f5413c68a6f8469e8d.udd" 6958
"C:/Users/varghesechac/AppData/Local/UnrealEngine/Common/DerivedDataCache/Buckets/FShaderJobCacheShaders/3b/a9/5dc436cfd9959eb05164fbb017591adbd6fa.udd" 6959
"C:/Users/varghesechac/AppData/Local/UnrealEngine/Common/DerivedDataCache/Buckets/FShaderJobCacheShaders/3d/d5/4e6679895e8f979b6d1df96222ab72df0e4a.udd" 6960
"C:/Users/varghesechac/AppData/Local/UnrealEngine/Common/DerivedDataCache/Buckets/FShaderJobCacheShaders/73/40/1ff7963985ced0ec8271f9cf854c13dffd05.udd" 6961
"C:/Users/varghesechac/AppData/Local/UnrealEngine/Common/DerivedDataCache/Buckets/FShaderJobCacheShaders/d3/47/42f6f116c41b1e72f7932187fb0e402a9d98.udd" 6962
"C:/Users/varghesechac/AppData/Local/UnrealEngine/Common/DerivedDataCache/Buckets/FShaderJobCacheShaders/40/9b/e81244f239a47ca902f839d3f48d4abdb31e.udd" 6963
"C:/Users/varghesechac/AppData/Local/UnrealEngine/Common/DerivedDataCache/Buckets/FShaderJobCacheShaders/a0/33/ba5a7992dc12408e14115a23d1ba086d719e.udd" 6964
"C:/Users/varghesechac/AppData/Local/UnrealEngine/Common/DerivedDataCache/Buckets/FShaderJobCacheShaders/af/b3/7a635b17001b066223c43349f3ac591f7f55.udd" 6965
"C:/Users/varghesechac/AppData/Local/UnrealEngine/Common/DerivedDataCache/Buckets/FShaderJobCacheShaders/ff/ae/2e352b9666dbaf8c33eedb815876c9588262.udd" 6966
"C:/Users/varghesechac/AppData/Local/UnrealEngine/Common/DerivedDataCache/Buckets/FShaderJobCacheShaders/c7/e5/f90110bf3603aba2ff21330b87df22fe377f.udd" 6967
"C:/Users/varghesechac/AppData/Local/UnrealEngine/Common/DerivedDataCache/Buckets/FShaderJobCacheShaders/1f/bd/119e0b96fc3d89248725a2c21dbf210e983d.udd" 6968
"C:/Users/varghesechac/AppData/Local/UnrealEngine/Common/DerivedDataCache/Buckets/FShaderJobCacheShaders/96/91/af4106298d5eafb1d24c4497a40a9afa1e9e.udd" 6969
"C:/Users/varghesechac/AppData/Local/UnrealEngine/Common/DerivedDataCache/Buckets/FShaderJobCacheShaders/7d/be/ab614e26460239d9aad8a448fdbfba191139.udd" 6970
"C:/Users/varghesechac/AppData/Local/UnrealEngine/Common/DerivedDataCache/Buckets/FShaderJobCacheShaders/77/f6/599feabb22da11c18c8e24018e0f4bef80a7.udd" 6971
"C:/Users/varghesechac/AppData/Local/UnrealEngine/Common/DerivedDataCache/Buckets/FShaderJobCacheShaders/cb/50/c294d1009c9cfe43dd541c1983b577abd3eb.udd" 6972
"C:/Users/varghesechac/AppData/Local/UnrealEngine/Common/DerivedDataCache/Buckets/FShaderJobCacheShaders/e0/1c/b542d0271a522ca43ed3c13b10a3f1b143ea.udd" 6973
"C:/Users/varghesechac/AppData/Local/UnrealEngine/Common/DerivedDataCache/Buckets/FShaderJobCacheShaders/ae/37/a759809e7b886cf92c469c417c096beaebca.udd" 6974
"C:/Users/varghesechac/AppData/Local/UnrealEngine/Common/DerivedDataCache/Buckets/FShaderJobCacheShaders/03/e9/9120191b614e073155edb603fe7b3f253f93.udd" 6975
"C:/Users/varghesechac/AppData/Local/UnrealEngine/Common/DerivedDataCache/Buckets/FShaderJobCacheShaders/d3/e1/097542a348718942c9fb1cc1ef8b68dcd72f.udd" 6976
"C:/Users/varghesechac/AppData/Local/UnrealEngine/Common/DerivedDataCache/Buckets/FShaderJobCacheShaders/c1/ed/b22cf083251ba595355f5ee3457b8b3f4b96.udd" 6977
"C:/Users/varghesechac/AppData/Local/UnrealEngine/Common/DerivedDataCache/Buckets/FShaderJobCacheShaders/31/57/50127df02fee13bd5956ce2142a81d9d8f10.udd" 6978
"C:/Users/varghesechac/AppData/Local/UnrealEngine/Common/DerivedDataCache/Buckets/FShaderJobCacheShaders/58/8d/c4e53d3e3e38a650690476b598825fed3633.udd" 6979
"C:/Users/varghesechac/AppData/Local/UnrealEngine/Common/DerivedDataCache/Buckets/FShaderJobCacheShaders/0a/04/a44b23921ac84aac78eece7ca634e03393b8.udd" 6980
"C:/Users/varghesechac/AppData/Local/UnrealEngine/Common/DerivedDataCache/Buckets/FShaderJobCacheShaders/f0/32/dc770e4e048a1769f561bca9c70e7ee856de.udd" 6981
"C:/Users/varghesechac/AppData/Local/UnrealEngine/Common/DerivedDataCache/Buckets/FShaderJobCacheShaders/19/85/b2cef12e23254b2e278030d3a69fd4ebdff1.udd" 6982
"C:/Users/varghesechac/AppData/Local/UnrealEngine/Common/DerivedDataCache/Buckets/FShaderJobCacheShaders/0d/dd/8e691323912aeb7fbc647cec7e4da4f3865f.udd" 6983
"C:/Users/varghesechac/AppData/Local/UnrealEngine/Common/DerivedDataCache/Buckets/FShaderJobCacheShaders/f7/44/40828d0982b38b0cf3b5a79f5360c8fde6d6.udd" 6984
"C:/Users/varghesechac/AppData/Local/UnrealEngine/Common/DerivedDataCache/Buckets/FShaderJobCacheShaders/19/34/6f480ecc40c8d8770bfb58640e0c7a543540.udd" 6985
"C:/Users/varghesechac/AppData/Local/UnrealEngine/Common/DerivedDataCache/Buckets/FShaderJobCacheShaders/e1/b4/325c9318f17730494210f037a0a78f304a2d.udd" 6986
"C:/Users/varghesechac/AppData/Local/UnrealEngine/Common/DerivedDataCache/Buckets/FShaderJobCacheShaders/2b/77/48473392c745a059b30dbc2b695f26a5a4c8.udd" 6987
"C:/Users/varghesechac/AppData/Local/UnrealEngine/Common/DerivedDataCache/Buckets/FShaderJobCacheShaders/42/76/f436e10dd9c1d662cc9ff84969aa7f915f33.udd" 6988
"C:/Users/varghesechac/AppData/Local/UnrealEngine/Common/DerivedDataCache/Buckets/FShaderJobCacheShaders/51/31/61175f3a52a07cc1faaa1609be482865a1ea.udd" 6989
"C:/Users/varghesechac/AppData/Local/UnrealEngine/Common/DerivedDataCache/Buckets/FShaderJobCacheShaders/69/5b/2ccad79ab5585342160bcb6ab8478213b8b4.udd" 6990
"C:/Users/varghesechac/AppData/Local/UnrealEngine/Common/DerivedDataCache/Buckets/FShaderJobCacheShaders/1b/59/b4785ca0430e256f36e8e2a2472d74f91046.udd" 6991
"C:/Users/varghesechac/AppData/Local/UnrealEngine/Common/DerivedDataCache/Buckets/FShaderJobCacheShaders/63/69/77eb70c68d27f7078e728e5003f2bf7c9252.udd" 6992
"C:/Users/varghesechac/AppData/Local/UnrealEngine/Common/DerivedDataCache/Buckets/FShaderJobCacheShaders/59/c0/25a3e54584f4d808752ff911f5a5ec7c5e4a.udd" 6993
"C:/Users/varghesechac/AppData/Local/UnrealEngine/Common/DerivedDataCache/Buckets/FShaderJobCacheShaders/8a/e2/78bfdc6cbb6bb4a7be9c0a6782970e600ec8.udd" 6994
"C:/Users/varghesechac/AppData/Local/UnrealEngine/Common/DerivedDataCache/Buckets/FShaderJobCacheShaders/10/52/a30d8a031bc267f1cc314bfb22e3d6bfecac.udd" 6995
"C:/Users/varghesechac/AppData/Local/UnrealEngine/Common/DerivedDataCache/Buckets/FShaderJobCacheShaders/0a/34/5fea28b3c2ed41e08715ae71ca8edc8e80ec.udd" 6996
"C:/Users/varghesechac/AppData/Local/UnrealEngine/Common/DerivedDataCache/Buckets/FShaderJobCacheShaders/19/b3/75dcec72518e1d07f0ca5da65fff7dda7b5f.udd" 6997
"C:/Users/varghesechac/AppData/Local/UnrealEngine/Common/DerivedDataCache/Buckets/FShaderJobCacheShaders/36/53/8cc6ac7a955229a1028453c439d7c33d9c85.udd" 6998
"C:/Users/varghesechac/AppData/Local/UnrealEngine/Common/DerivedDataCache/Buckets/FShaderJobCacheShaders/ed/a2/0807660d827f41a07755d4042b60422d2f4f.udd" 6999
"C:/Users/varghesechac/AppData/Local/UnrealEngine/Common/DerivedDataCache/Buckets/FShaderJobCacheShaders/d8/80/edc228cfcf57d89ec621f28e17d312e11fcd.udd" 7000
"C:/Users/varghesechac/AppData/Local/UnrealEngine/Common/DerivedDataCache/Buckets/FShaderJobCacheShaders/37/29/b4cbee0a3812302c268bcf4ec9111630da58.udd" 7001
"C:/Users/varghesechac/AppData/Local/UnrealEngine/Common/DerivedDataCache/Buckets/FShaderJobCacheShaders/99/42/a0326ea0ae87d8d1084eae805935a5be17a4.udd" 7002
"C:/Users/varghesechac/AppData/Local/UnrealEngine/Common/DerivedDataCache/Buckets/FShaderJobCacheShaders/59/5d/96476280842f153ef39ad4f67329551b1c97.udd" 7003
"C:/Users/varghesechac/AppData/Local/UnrealEngine/Common/DerivedDataCache/Buckets/FShaderJobCacheShaders/a5/f1/3ffeaf7fa33f783e1842bb4d7c710d04dc46.udd" 7004
"C:/Users/varghesechac/AppData/Local/UnrealEngine/Common/DerivedDataCache/Buckets/FShaderJobCacheShaders/ae/03/bfd63df412ec693d17b8171afc59a0638a06.udd" 7005
"C:/Users/varghesechac/AppData/Local/UnrealEngine/Common/DerivedDataCache/Buckets/FShaderJobCacheShaders/e7/94/67aa2fae63820c4c22976da5de0159aee6c8.udd" 7006
"C:/Users/varghesechac/AppData/Local/UnrealEngine/Common/DerivedDataCache/Buckets/FShaderJobCacheShaders/22/96/9d9573e126bcb2a32d1ef06d5a656ca46140.udd" 7007
"C:/Users/varghesechac/AppData/Local/UnrealEngine/Common/DerivedDataCache/Buckets/FShaderJobCacheShaders/e0/f8/f6142d8e4b445a3e353767cb58491dd1d8e6.udd" 7008
"C:/Users/varghesechac/AppData/Local/UnrealEngine/Common/DerivedDataCache/Buckets/FShaderJobCacheShaders/f5/a6/0e8022b72bffa107678609cd287dfeeff894.udd" 7009
"C:/Users/varghesechac/AppData/Local/UnrealEngine/Common/DerivedDataCache/Buckets/FShaderJobCacheShaders/24/92/9c24796ecac2b994b444f21068afc45b64ee.udd" 7010
"C:/Users/varghesechac/AppData/Local/UnrealEngine/Common/DerivedDataCache/Buckets/FShaderJobCacheShaders/dd/0e/823325a261b5df15e1a36bb370c613497bf1.udd" 7011
"C:/Users/varghesechac/AppData/Local/UnrealEngine/Common/DerivedDataCache/Buckets/FShaderJobCacheShaders/74/78/daaf2b8354bdcf6a7b32c3bb09c4e382e76e.udd" 7012
"C:/Users/varghesechac/AppData/Local/UnrealEngine/Common/DerivedDataCache/Buckets/FShaderJobCacheShaders/b6/91/e8368e00b6caa347e85e24c350f1fc13ff36.udd" 7013
"C:/Users/varghesechac/AppData/Local/UnrealEngine/Common/DerivedDataCache/Buckets/FShaderJobCacheShaders/1a/21/f3ebb6b93acd6f5d922b162352d433787ec6.udd" 7014
"C:/Users/varghesechac/AppData/Local/UnrealEngine/Common/DerivedDataCache/Buckets/FShaderJobCacheShaders/ec/ec/339ce3bb4ba99651a62b973bfc6952c1003d.udd" 7015
"C:/Users/varghesechac/AppData/Local/UnrealEngine/Common/DerivedDataCache/Buckets/FShaderJobCacheShaders/a0/0c/2cc53ee60416864b4c1920ad27180465347f.udd" 7016
"C:/Users/varghesechac/AppData/Local/UnrealEngine/Common/DerivedDataCache/Buckets/FShaderJobCacheShaders/f6/6c/46736f6ab8da232a4eb321b40f546cdda3ee.udd" 7017
"C:/Users/varghesechac/AppData/Local/UnrealEngine/Common/DerivedDataCache/Buckets/FShaderJobCacheShaders/d2/4e/b117e63c142201eadded524a1db026d2d281.udd" 7018
"C:/Users/varghesechac/AppData/Local/UnrealEngine/Common/DerivedDataCache/Buckets/FShaderJobCacheShaders/42/21/da8ac08fcc50be87cbc6b7cec42757d93839.udd" 7019
"C:/Users/varghesechac/AppData/Local/UnrealEngine/Common/DerivedDataCache/Buckets/FShaderJobCacheShaders/e0/72/f9950863e5c9bf238e0ead9cd607ef2561e0.udd" 7020
"C:/Users/varghesechac/AppData/Local/UnrealEngine/Common/DerivedDataCache/Buckets/FShaderJobCacheShaders/5a/b0/0d2b78f2366ba431f056b587ce946ad9b22c.udd" 7021
"C:/Users/varghesechac/AppData/Local/UnrealEngine/Common/DerivedDataCache/Buckets/FShaderJobCacheShaders/8b/c5/148c0d5c87142b2f12a13a5e15bfba433951.udd" 7022
"C:/Users/varghesechac/AppData/Local/UnrealEngine/Common/DerivedDataCache/Buckets/FShaderJobCacheShaders/f5/5b/35fe77baa1d13b6b7e045480c777c439c870.udd" 7023
"C:/Users/varghesechac/AppData/Local/UnrealEngine/Common/DerivedDataCache/Buckets/FShaderJobCacheShaders/34/95/ce34b6c363560667b26ca90ed4d310ad397b.udd" 7024
"C:/Users/varghesechac/AppData/Local/UnrealEngine/Common/DerivedDataCache/Buckets/FShaderJobCacheShaders/47/3b/a88efd2e7668a9115c92631a9abde579a85a.udd" 7025
"C:/Users/varghesechac/AppData/Local/UnrealEngine/Common/DerivedDataCache/Buckets/FShaderJobCacheShaders/c9/5d/d96964d6f8c32c6c5aa9f7eef91ffd2c0b7f.udd" 7026
"C:/Users/varghesechac/AppData/Local/UnrealEngine/Common/DerivedDataCache/Buckets/FShaderJobCacheShaders/74/06/c017f2364ba732dc2383fadaeb831517b20f.udd" 7027
"C:/Users/varghesechac/AppData/Local/UnrealEngine/Common/DerivedDataCache/Buckets/FShaderJobCacheShaders/7b/fd/3d6dd5578c9c41aa8150978ffeff74fb87a8.udd" 7028
"C:/Users/varghesechac/AppData/Local/UnrealEngine/Common/DerivedDataCache/Buckets/FShaderJobCacheShaders/a5/40/0fb4e021374074a5f3e26cd72d255e7d2efa.udd" 7029
"C:/Users/varghesechac/AppData/Local/UnrealEngine/Common/DerivedDataCache/Buckets/FShaderJobCacheShaders/11/d0/bd928a43ac00e350fa78f946396097b508d4.udd" 7030
"C:/Users/varghesechac/AppData/Local/UnrealEngine/Common/DerivedDataCache/Buckets/FShaderJobCacheShaders/99/0c/2769dfa3a56c0003e977074e0b1bb6887cf7.udd" 7031
"C:/Users/varghesechac/AppData/Local/UnrealEngine/Common/DerivedDataCache/Buckets/FShaderJobCacheShaders/fa/bb/8cb296c930e54c0407124ef46a5fe39f9438.udd" 7032
"C:/Users/varghesechac/AppData/Local/UnrealEngine/Common/DerivedDataCache/Buckets/FShaderJobCacheShaders/2c/86/17e24dcc35f2965afa4e5d99bd7243429819.udd" 7033
"C:/Users/varghesechac/AppData/Local/UnrealEngine/Common/DerivedDataCache/Buckets/FShaderJobCacheShaders/75/63/cf220bcc46ea338b4aff364676808e27522e.udd" 7034
"C:/Users/varghesechac/AppData/Local/UnrealEngine/Common/DerivedDataCache/Buckets/FShaderJobCacheShaders/db/f8/b42d2a0267a6f4b81dddffe8e4e2515f0262.udd" 7035
"C:/Users/varghesechac/AppData/Local/UnrealEngine/Common/DerivedDataCache/Buckets/FShaderJobCacheShaders/c8/5a/0201b741bc50211d28d8a413c27bdfe5a8d6.udd" 7036
"C:/Users/varghesechac/AppData/Local/UnrealEngine/Common/DerivedDataCache/Buckets/FShaderJobCacheShaders/de/2a/65fbcfc082b40ebe9cbe3f0c53da65b15e1d.udd" 7037
"C:/Users/varghesechac/AppData/Local/UnrealEngine/Common/DerivedDataCache/Buckets/FShaderJobCacheShaders/f6/1b/0ebe669de0df08cfe332d202cfdef18d2e26.udd" 7038
"C:/Users/varghesechac/AppData/Local/UnrealEngine/Common/DerivedDataCache/Buckets/FShaderJobCacheShaders/31/72/ce368f800653243fa001fe65f1f9088a659f.udd" 7039
"C:/Users/varghesechac/AppData/Local/UnrealEngine/Common/DerivedDataCache/Buckets/FShaderJobCacheShaders/42/39/81e703192150813bc540bb2200cfa627455a.udd" 7040
"C:/Users/varghesechac/AppData/Local/UnrealEngine/Common/DerivedDataCache/Buckets/FShaderJobCacheShaders/46/86/843de8d988155a2d461bc6267e098c967b6e.udd" 7041
"C:/Users/varghesechac/AppData/Local/UnrealEngine/Common/DerivedDataCache/Buckets/FShaderJobCacheShaders/4b/f2/de185815143f3d1669df28113c1158b9e5a0.udd" 7042
"C:/Users/varghesechac/AppData/Local/UnrealEngine/Common/DerivedDataCache/Buckets/FShaderJobCacheShaders/59/5d/8d2601b0e696445f8e563fdb6b3287667dc4.udd" 7043
"C:/Users/varghesechac/AppData/Local/UnrealEngine/Common/DerivedDataCache/Buckets/FShaderJobCacheShaders/81/28/7704db03a4a22704b16558f3aceb79ba4a6e.udd" 7044
"C:/Users/varghesechac/AppData/Local/UnrealEngine/Common/DerivedDataCache/Buckets/FShaderJobCacheShaders/f7/39/11b44bac270a1e27a983f93412bc668f1676.udd" 7045
"C:/Users/varghesechac/AppData/Local/UnrealEngine/Common/DerivedDataCache/Buckets/FShaderJobCacheShaders/f7/07/44da4b5f9d31666e72d207a8e1de9cd7aace.udd" 7046
"C:/Users/varghesechac/AppData/Local/UnrealEngine/Common/DerivedDataCache/Buckets/FShaderJobCacheShaders/70/2e/6c6c76d027c0bdd72073ee05b73b454590ac.udd" 7047
"C:/Users/varghesechac/AppData/Local/UnrealEngine/Common/DerivedDataCache/Buckets/FShaderJobCacheShaders/18/34/705a5fc669aef7bddcde5ae61421f4b33ffc.udd" 7048
"C:/Users/varghesechac/AppData/Local/UnrealEngine/Common/DerivedDataCache/Buckets/FShaderJobCacheShaders/93/fd/e0f11c11e406d655b85fe4994eec7ab586e3.udd" 7049
"C:/Users/varghesechac/AppData/Local/UnrealEngine/Common/DerivedDataCache/Buckets/FShaderJobCacheShaders/dd/29/2704203a94e6fb6b1bebea74cc8b9cc676d1.udd" 7050
"C:/Users/varghesechac/AppData/Local/UnrealEngine/Common/DerivedDataCache/Buckets/FShaderJobCacheShaders/48/63/21b15ef1a56345b04756045f22f7ce19e802.udd" 7051
"C:/Users/varghesechac/AppData/Local/UnrealEngine/Common/DerivedDataCache/Buckets/FShaderJobCacheShaders/4d/28/9d6dd2a8c20b5f7f0fc6324ac82f9330f907.udd" 7052
"C:/Users/varghesechac/AppData/Local/UnrealEngine/Common/DerivedDataCache/Buckets/FShaderJobCacheShaders/89/09/264b08fb206a419af90c18fd16fabaaf9a2c.udd" 7053
"C:/Users/varghesechac/AppData/Local/UnrealEngine/Common/DerivedDataCache/Buckets/FShaderJobCacheShaders/4f/da/a3b587c4a2a210f78a5f8aa39cc8d39fe98d.udd" 7054
"C:/Users/varghesechac/AppData/Local/UnrealEngine/Common/DerivedDataCache/Buckets/FShaderJobCacheShaders/f7/af/791c6a92bddfc285e77cc322da7c875acf89.udd" 7055
"C:/Users/varghesechac/AppData/Local/UnrealEngine/Common/DerivedDataCache/Buckets/FShaderJobCacheShaders/b7/ba/0771bc8559a65c000c2a3181d1322fcf0432.udd" 7056
"C:/Users/varghesechac/AppData/Local/UnrealEngine/Common/DerivedDataCache/Buckets/FShaderJobCacheShaders/e5/14/bfde26abfbbb0fea205ebf64a90ab7c9c18b.udd" 7057
"C:/Users/varghesechac/AppData/Local/UnrealEngine/Common/DerivedDataCache/Buckets/FShaderJobCacheShaders/8d/e4/55f6cb19e3d7375c45f9780b46e1e1feaa86.udd" 7058
"C:/Users/varghesechac/AppData/Local/UnrealEngine/Common/DerivedDataCache/Buckets/FShaderJobCacheShaders/7d/cb/bef5ff6606ae55bb84943e7b957e46c6fcbc.udd" 7059
"C:/Users/varghesechac/AppData/Local/UnrealEngine/Common/DerivedDataCache/Buckets/FShaderJobCacheShaders/bb/04/effba7c84926eb50afab730059ba2852e168.udd" 7060
"C:/Users/varghesechac/AppData/Local/UnrealEngine/Common/DerivedDataCache/Buckets/FShaderJobCacheShaders/a8/76/1333d55cda4a2b33e464c5aa51e8974c3b24.udd" 7061
"C:/Users/varghesechac/AppData/Local/UnrealEngine/Common/DerivedDataCache/Buckets/FShaderJobCacheShaders/90/4c/c8dcf83683092266a7a47db0ce2e13bd4bc2.udd" 7062
"C:/Users/varghesechac/AppData/Local/UnrealEngine/Common/DerivedDataCache/Buckets/FShaderJobCacheShaders/0f/43/d13e1ef9ea79ffb7b81957cae79e97c42179.udd" 7063
"C:/Users/varghesechac/AppData/Local/UnrealEngine/Common/DerivedDataCache/Buckets/FShaderJobCacheShaders/61/c1/b7cc79c39ab692bc08fdf163ba5e5cd35328.udd" 7064
"C:/Users/varghesechac/AppData/Local/UnrealEngine/Common/DerivedDataCache/Buckets/FShaderJobCacheShaders/de/bd/f44048b92d2ebd87b237e42e0b2fac4d0446.udd" 7065
"C:/Users/varghesechac/AppData/Local/UnrealEngine/Common/DerivedDataCache/Buckets/FShaderJobCacheShaders/83/b2/c644173b294d4df6740800c9e9ef4a4aeb0d.udd" 7066
"C:/Users/varghesechac/AppData/Local/UnrealEngine/Common/DerivedDataCache/Buckets/FShaderJobCacheShaders/f0/30/29012ebe6a29fd353a9ebe17b00b50f04dc2.udd" 7067
"C:/Users/varghesechac/AppData/Local/UnrealEngine/Common/DerivedDataCache/Buckets/FShaderJobCacheShaders/59/a9/1ab88f471dcf13a8af0a5210248dbeca766c.udd" 7068
"C:/Users/varghesechac/AppData/Local/UnrealEngine/Common/DerivedDataCache/Buckets/FShaderJobCacheShaders/10/65/ba779c838ef990f1bb27f516f8974f11fb1c.udd" 7069
"C:/Users/varghesechac/AppData/Local/UnrealEngine/Common/DerivedDataCache/Buckets/FShaderJobCacheShaders/ff/81/c02ff6185dd86f466425234f1ae95a002429.udd" 7070
"C:/Users/varghesechac/AppData/Local/UnrealEngine/Common/DerivedDataCache/Buckets/FShaderJobCacheShaders/1c/5a/bc4795ca99f2cbd6e49722406bef2a763831.udd" 7071
"C:/Users/varghesechac/AppData/Local/UnrealEngine/Common/DerivedDataCache/Buckets/FShaderJobCacheShaders/8f/7d/9f78c5a8c51738c4a1470928aeaa0593f068.udd" 7072
"C:/Users/varghesechac/AppData/Local/UnrealEngine/Common/DerivedDataCache/Buckets/FShaderJobCacheShaders/d1/26/0f85028ece6eae7d559e0e3d77ece274ed3b.udd" 7073
"C:/Users/varghesechac/AppData/Local/UnrealEngine/Common/DerivedDataCache/Buckets/FShaderJobCacheShaders/80/13/2e854750aa49cc8acc8b01b69d84092069ee.udd" 7074
"C:/Users/varghesechac/AppData/Local/UnrealEngine/Common/DerivedDataCache/Buckets/FShaderJobCacheShaders/03/cf/f47bf28f6165e757b904c32972a350ece857.udd" 7075
"C:/Users/varghesechac/AppData/Local/UnrealEngine/Common/DerivedDataCache/Buckets/FShaderJobCacheShaders/c8/e9/b40d85a0b4d451f99a2a6f23cb78e647b8ed.udd" 7076
"C:/Users/varghesechac/AppData/Local/UnrealEngine/Common/DerivedDataCache/Buckets/FShaderJobCacheShaders/7f/0b/7abfbc5c5795d15bd3c3a9d0e78149b3be57.udd" 7077
"C:/Users/varghesechac/AppData/Local/UnrealEngine/Common/DerivedDataCache/Buckets/FShaderJobCacheShaders/f9/33/3eafdd42ce9535bc68882a107da4bcd12ab4.udd" 7078
"C:/Users/varghesechac/AppData/Local/UnrealEngine/Common/DerivedDataCache/Buckets/FShaderJobCacheShaders/f3/a9/41021e4806395eea96862b2628a16808de9c.udd" 7079
"C:/Users/varghesechac/AppData/Local/UnrealEngine/Common/DerivedDataCache/Buckets/FShaderJobCacheShaders/ab/c1/73978c9334458c5e41a4816d8a53de416ce9.udd" 7080
"C:/Users/varghesechac/AppData/Local/UnrealEngine/Common/DerivedDataCache/Buckets/FShaderJobCacheShaders/96/72/5e3ade285e7da7b3b17e4310e46a3bc1929c.udd" 7081
"C:/Users/varghesechac/AppData/Local/UnrealEngine/Common/DerivedDataCache/Buckets/FShaderJobCacheShaders/d4/37/4a025c3db3ebaaffe31531bc51f598683043.udd" 7082
"C:/Users/varghesechac/AppData/Local/UnrealEngine/Common/DerivedDataCache/Buckets/FShaderJobCacheShaders/c7/97/58f7f8e09860bc93f83e14d8024ff8aa8e2f.udd" 7083
"C:/Users/varghesechac/AppData/Local/UnrealEngine/Common/DerivedDataCache/Buckets/FShaderJobCacheShaders/6a/68/29c28b91d307913e83b3070d7f673fbcfcb9.udd" 7084
"C:/Users/varghesechac/AppData/Local/UnrealEngine/Common/DerivedDataCache/Buckets/FShaderJobCacheShaders/22/30/9af49d14b5910adc9670f4c19e2be09032cf.udd" 7085
"C:/Users/varghesechac/AppData/Local/UnrealEngine/Common/DerivedDataCache/Buckets/FShaderJobCacheShaders/59/27/5295d023b41c5f9e94b23859a6022d110da1.udd" 7086
"C:/Users/varghesechac/AppData/Local/UnrealEngine/Common/DerivedDataCache/Buckets/FShaderJobCacheShaders/e7/be/a331c58db3068fef9b8d0c933db7aa70b5b4.udd" 7087
"C:/Users/varghesechac/AppData/Local/UnrealEngine/Common/DerivedDataCache/Buckets/FShaderJobCacheShaders/05/7f/31f95a749c5c0c7d5496a45b065daf876ddd.udd" 7088
"C:/Users/varghesechac/AppData/Local/UnrealEngine/Common/DerivedDataCache/Buckets/FShaderJobCacheShaders/79/85/9a7569cbe6d963b386a30c8287ec2fce2d23.udd" 7089
"C:/Users/varghesechac/AppData/Local/UnrealEngine/Common/DerivedDataCache/Buckets/FShaderJobCacheShaders/83/b1/a600eeba32760ec0afbb9b8bdab8c4afaaf9.udd" 7090
"C:/Users/varghesechac/AppData/Local/UnrealEngine/Common/DerivedDataCache/Buckets/FShaderJobCacheShaders/22/fd/3d33c99c47da48f6537ce1947423fbf9a0dc.udd" 7091
"C:/Users/varghesechac/AppData/Local/UnrealEngine/Common/DerivedDataCache/Buckets/FShaderJobCacheShaders/1a/44/c6547476a7e629d7f433c7f621b353a4e7ee.udd" 7092
"C:/Users/varghesechac/AppData/Local/UnrealEngine/Common/DerivedDataCache/Buckets/FShaderJobCacheShaders/ad/57/17b2ba9f50265618e82eb070251fad75ecf9.udd" 7093
"C:/Users/varghesechac/AppData/Local/UnrealEngine/Common/DerivedDataCache/Buckets/FShaderJobCacheShaders/71/a0/a90952216b0c85fe5c5c030f37fe628860ad.udd" 7094
"C:/Users/varghesechac/AppData/Local/UnrealEngine/Common/DerivedDataCache/Buckets/FShaderJobCacheShaders/7c/db/bf83e9d2f91a023c8b2a252af39e8b2de212.udd" 7095
"C:/Users/varghesechac/AppData/Local/UnrealEngine/Common/DerivedDataCache/Buckets/FShaderJobCacheShaders/26/69/9df875e7983097eb3e66cd3d4f9b25ddd7c0.udd" 7096
"C:/Users/varghesechac/AppData/Local/UnrealEngine/Common/DerivedDataCache/Buckets/FShaderJobCacheShaders/34/bd/c43b9b4c04792c207352646dea69cdd7c775.udd" 7097
"C:/Users/varghesechac/AppData/Local/UnrealEngine/Common/DerivedDataCache/Buckets/FShaderJobCacheShaders/f8/3b/c620e72295034bb2afcb53b23d755e6633cf.udd" 7098
"C:/Users/varghesechac/AppData/Local/UnrealEngine/Common/DerivedDataCache/Buckets/FShaderJobCacheShaders/fb/ae/0b7781c740e70bba917c3804fe2fa27e2b1f.udd" 7099
"C:/Users/varghesechac/AppData/Local/UnrealEngine/Common/DerivedDataCache/Buckets/FShaderJobCacheShaders/09/2c/b37fdfa942479a3aeeca5868e5b171901523.udd" 7100
"C:/Users/varghesechac/AppData/Local/UnrealEngine/Common/DerivedDataCache/Buckets/FShaderJobCacheShaders/77/e9/f3426c159614851339df36a2bbce9abae189.udd" 7101
"C:/Users/varghesechac/AppData/Local/UnrealEngine/Common/DerivedDataCache/Buckets/FShaderJobCacheShaders/ae/99/67ec750cbfefcad9457f5a4aa50e1b1fea13.udd" 7102
"C:/Users/varghesechac/AppData/Local/UnrealEngine/Common/DerivedDataCache/Buckets/FShaderJobCacheShaders/9e/47/f8d00f802522f8982984a83e8c0c48b81944.udd" 7103
"C:/Users/varghesechac/AppData/Local/UnrealEngine/Common/DerivedDataCache/Buckets/FShaderJobCacheShaders/15/e0/8992e580d63da062f838496c3c2eb0e1c6ee.udd" 7104
"C:/Users/varghesechac/AppData/Local/UnrealEngine/Common/DerivedDataCache/Buckets/FShaderJobCacheShaders/8b/9b/b77859621e9bfe11f4e34648a73289df1e65.udd" 7105
"C:/Users/varghesechac/AppData/Local/UnrealEngine/Common/DerivedDataCache/Buckets/FShaderJobCacheShaders/8b/8e/c76e4a2cadb2f58512b6f9bb58004370f7f0.udd" 7106
"C:/Users/varghesechac/AppData/Local/UnrealEngine/Common/DerivedDataCache/Buckets/FShaderJobCacheShaders/1b/10/0174c39bea865bf2afe4552b215b54770b24.udd" 7107
"C:/Users/varghesechac/AppData/Local/UnrealEngine/Common/DerivedDataCache/Buckets/FShaderJobCacheShaders/70/d8/e5c67f1df4a51007ef354e41080a15462387.udd" 7108
"C:/Users/varghesechac/AppData/Local/UnrealEngine/Common/DerivedDataCache/Buckets/FShaderJobCacheShaders/b6/a8/313609254e91298ecf9b7002f6848b6b0d52.udd" 7109
"C:/Users/varghesechac/AppData/Local/UnrealEngine/Common/DerivedDataCache/Buckets/FShaderJobCacheShaders/6d/d1/71d8a02ecd8e6909d50afba02d60a06e47be.udd" 7110
"C:/Users/varghesechac/AppData/Local/UnrealEngine/Common/DerivedDataCache/Buckets/FShaderJobCacheShaders/a5/72/750c3e9871b286141805586082a553be0c69.udd" 7111
"C:/Users/varghesechac/AppData/Local/UnrealEngine/Common/DerivedDataCache/Buckets/FShaderJobCacheShaders/8f/04/c69b041aca8cf1b38f3281fb5e538ca6b9ca.udd" 7112
"C:/Users/varghesechac/AppData/Local/UnrealEngine/Common/DerivedDataCache/Buckets/FShaderJobCacheShaders/8c/9b/90574065e91671178ac29a1b46cbe89370d0.udd" 7113
"C:/Users/varghesechac/AppData/Local/UnrealEngine/Common/DerivedDataCache/Buckets/FShaderJobCacheShaders/92/84/e2f18f91981fd2aa7d39f49e80bd2ba14fa9.udd" 7114
"C:/Users/varghesechac/AppData/Local/UnrealEngine/Common/DerivedDataCache/Buckets/FShaderJobCacheShaders/d1/ef/cbec598c6236d1fb860d898ea10d5ab76fd0.udd" 7115
"C:/Users/varghesechac/AppData/Local/UnrealEngine/Common/DerivedDataCache/Buckets/FShaderJobCacheShaders/79/0f/523e2b7495d5addc101b49d33ffd1670dc72.udd" 7116
"C:/Users/varghesechac/AppData/Local/UnrealEngine/Common/DerivedDataCache/Buckets/FShaderJobCacheShaders/bd/1c/d97fbe247241b915d605997860f94a5d01d8.udd" 7117
"C:/Users/varghesechac/AppData/Local/UnrealEngine/Common/DerivedDataCache/Buckets/FShaderJobCacheShaders/1e/a4/5fe63c2fe348a4bf4287987edb7b6319d37d.udd" 7118
"C:/Users/varghesechac/AppData/Local/UnrealEngine/Common/DerivedDataCache/Buckets/FShaderJobCacheShaders/fc/24/b74e0f0a0a22916ed061b1215016cd57df63.udd" 7119
"C:/Users/varghesechac/AppData/Local/UnrealEngine/Common/DerivedDataCache/Buckets/FShaderJobCacheShaders/a3/c1/55f2d50140f06d5f9acf6c52d483c4c342f5.udd" 7120
"C:/Users/varghesechac/AppData/Local/UnrealEngine/Common/DerivedDataCache/Buckets/FShaderJobCacheShaders/44/f9/c61bd697d4b3fe5abec09526d00db5e966b8.udd" 7121
"C:/Users/varghesechac/AppData/Local/UnrealEngine/Common/DerivedDataCache/Buckets/FShaderJobCacheShaders/b9/ae/4d2d47c47c829518beceede4f1f3f787e86f.udd" 7122
"C:/Users/varghesechac/AppData/Local/UnrealEngine/Common/DerivedDataCache/Buckets/FShaderJobCacheShaders/d4/e1/87fb0da2cf0700b652f126837dae049720dc.udd" 7123
"C:/Users/varghesechac/AppData/Local/UnrealEngine/Common/DerivedDataCache/Buckets/FShaderJobCacheShaders/2d/b5/2180336471ac3eaa0c09430fa72f0b22c2eb.udd" 7124
"C:/Users/varghesechac/AppData/Local/UnrealEngine/Common/DerivedDataCache/Buckets/FShaderJobCacheShaders/84/0c/b62a81641e9d6cd04c61aafeed984963a416.udd" 7125
"C:/Users/varghesechac/AppData/Local/UnrealEngine/Common/DerivedDataCache/Buckets/FShaderJobCacheShaders/7b/e2/a7b575473a13c6fb05c775a3b715e36ea796.udd" 7126
"C:/Users/varghesechac/AppData/Local/UnrealEngine/Common/DerivedDataCache/Buckets/FShaderJobCacheShaders/6a/41/6b4ba9e38b25990fdd1f8e440333d6e2af33.udd" 7127
"C:/Users/varghesechac/AppData/Local/UnrealEngine/Common/DerivedDataCache/Buckets/FShaderJobCacheShaders/e9/a5/12e3bc07e4208a73624c8764840a131233b4.udd" 7128
"C:/Users/varghesechac/AppData/Local/UnrealEngine/Common/DerivedDataCache/Buckets/FShaderJobCacheShaders/65/cc/745164a5a7cc5343638a98ca5df15d9511f9.udd" 7129
"C:/Users/varghesechac/AppData/Local/UnrealEngine/Common/DerivedDataCache/Buckets/FShaderJobCacheShaders/2a/29/5009327abd100699b961fca1ac842538aecc.udd" 7130
"C:/Users/varghesechac/AppData/Local/UnrealEngine/Common/DerivedDataCache/Buckets/FShaderJobCacheShaders/39/b9/aace9f801dd66410547ecf65b47cab414dc6.udd" 7131
"C:/Users/varghesechac/AppData/Local/UnrealEngine/Common/DerivedDataCache/Buckets/FShaderJobCacheShaders/b6/96/dd8f098b5188ac97883c233fc01174094bd7.udd" 7132
"C:/Users/varghesechac/AppData/Local/UnrealEngine/Common/DerivedDataCache/Buckets/FShaderJobCacheShaders/9b/23/cfed6807cde912d850a87da0c6f0d9df2950.udd" 7133
"C:/Users/varghesechac/AppData/Local/UnrealEngine/Common/DerivedDataCache/Buckets/FShaderJobCacheShaders/7d/9f/a40919ddc94d8b7df080b96f89b2c9df9789.udd" 7134
"C:/Users/varghesechac/AppData/Local/UnrealEngine/Common/DerivedDataCache/Buckets/FShaderJobCacheShaders/1c/df/0ae9c7324dbf0c1da7d48ea86c6d52e35ff8.udd" 7135
"C:/Users/varghesechac/AppData/Local/UnrealEngine/Common/DerivedDataCache/Buckets/FShaderJobCacheShaders/ab/f6/fe226f4c29d38d860235aa3dc790394204c5.udd" 7136
"C:/Users/varghesechac/AppData/Local/UnrealEngine/Common/DerivedDataCache/Buckets/FShaderJobCacheShaders/af/e7/06e88c7d9e0d2095f32f1430e2ff78564b45.udd" 7137
"C:/Users/varghesechac/AppData/Local/UnrealEngine/Common/DerivedDataCache/Buckets/FShaderJobCacheShaders/60/25/29c6efbf9f6d0e8eaa0dedf8596eebb480fc.udd" 7138
"C:/Users/varghesechac/AppData/Local/UnrealEngine/Common/DerivedDataCache/Buckets/FShaderJobCacheShaders/bc/5c/5a844e7837cf6d7044761913370cb8bb2c70.udd" 7139
"C:/Users/varghesechac/AppData/Local/UnrealEngine/Common/DerivedDataCache/Buckets/FShaderJobCacheShaders/55/c2/095c56d6f490645b22f9e1fef5709fa7e0c8.udd" 7140
"C:/Users/varghesechac/AppData/Local/UnrealEngine/Common/DerivedDataCache/Buckets/FShaderJobCacheShaders/60/c5/39a10a721cc20190e6954180d96c6056f92c.udd" 7141
"C:/Users/varghesechac/AppData/Local/UnrealEngine/Common/DerivedDataCache/Buckets/FShaderJobCacheShaders/9e/7d/c8d17ef79e35541e90e58c1cdf471d8d4380.udd" 7142
"C:/Users/varghesechac/AppData/Local/UnrealEngine/Common/DerivedDataCache/Buckets/FShaderJobCacheShaders/9b/cd/4a86e9f601a27a0060cfa7bcf168601bc16f.udd" 7143
"C:/Users/varghesechac/AppData/Local/UnrealEngine/Common/DerivedDataCache/Buckets/FShaderJobCacheShaders/fe/50/c1094e8f7a7a4f38167bd8fb121a2ee0a45a.udd" 7144
"C:/Users/varghesechac/AppData/Local/UnrealEngine/Common/DerivedDataCache/Buckets/FShaderJobCacheShaders/21/51/3b9c0319e4b223602408a5598c3c9b1cc780.udd" 7145
"C:/Users/varghesechac/AppData/Local/UnrealEngine/Common/DerivedDataCache/Buckets/FShaderJobCacheShaders/40/8d/4648c3d33d1bb578cb304ba80c12f88617e1.udd" 7146
"C:/Users/varghesechac/AppData/Local/UnrealEngine/Common/DerivedDataCache/Buckets/FShaderJobCacheShaders/3e/c1/99ef7613bc8e223385624cf585ceaadbcb70.udd" 7147
"C:/Users/varghesechac/AppData/Local/UnrealEngine/Common/DerivedDataCache/Buckets/FShaderJobCacheShaders/7f/34/dcc600d2dd00916fc1726234e70268f002f2.udd" 7148
"C:/Users/varghesechac/AppData/Local/UnrealEngine/Common/DerivedDataCache/Buckets/FShaderJobCacheShaders/61/25/4fff7b4c7ec8d6d161b71f41290043c70c80.udd" 7149
"C:/Users/varghesechac/AppData/Local/UnrealEngine/Common/DerivedDataCache/Buckets/FShaderJobCacheShaders/00/32/8a412d316c8069a97ef29776a1899216a8ed.udd" 7150
"C:/Users/varghesechac/AppData/Local/UnrealEngine/Common/DerivedDataCache/Buckets/FShaderJobCacheShaders/5c/ec/220e30ffb91704fc2914ee7a08fc0d6678d9.udd" 7151
"C:/Users/varghesechac/AppData/Local/UnrealEngine/Common/DerivedDataCache/Buckets/FShaderJobCacheShaders/01/0b/972c52755efd3c7894988a64bb20825455b4.udd" 7152
"C:/Users/varghesechac/AppData/Local/UnrealEngine/Common/DerivedDataCache/Buckets/FShaderJobCacheShaders/08/d7/9f1b5874ea80ddb8028216a664f217bbd6ed.udd" 7153
"C:/Users/varghesechac/AppData/Local/UnrealEngine/Common/DerivedDataCache/Buckets/FShaderJobCacheShaders/62/16/41d6cd5045ea3ea72511c7ce730ee4d6857a.udd" 7154
"C:/Users/varghesechac/AppData/Local/UnrealEngine/Common/DerivedDataCache/Buckets/FShaderJobCacheShaders/64/15/5129624b8a93e58105453a04a73ad0a538c8.udd" 7155
"C:/Users/varghesechac/AppData/Local/UnrealEngine/Common/DerivedDataCache/Buckets/FShaderJobCacheShaders/9d/92/fdfecc6e33f3c414c80079c78e8c56eeddb7.udd" 7156
"C:/Users/varghesechac/AppData/Local/UnrealEngine/Common/DerivedDataCache/Buckets/FShaderJobCacheShaders/b6/15/56353be5a0730aa0bd1656420e0727d51a16.udd" 7157
"C:/Users/varghesechac/AppData/Local/UnrealEngine/Common/DerivedDataCache/Buckets/FShaderJobCacheShaders/b2/f5/941cda5357c6d2df7916ad06b5ac51c790be.udd" 7158
"C:/Users/varghesechac/AppData/Local/UnrealEngine/Common/DerivedDataCache/Buckets/FShaderJobCacheShaders/9f/20/37b588d85c418768edb624922aa204c88f2e.udd" 7159
"C:/Users/varghesechac/AppData/Local/UnrealEngine/Common/DerivedDataCache/Buckets/FShaderJobCacheShaders/32/15/fcfb575d2a89f1eecf55772dfa33f0372175.udd" 7160
"C:/Users/varghesechac/AppData/Local/UnrealEngine/Common/DerivedDataCache/Buckets/FShaderJobCacheShaders/23/f0/09fe7133e335e14d3b93fe9dc6bec90e2d60.udd" 7161
"C:/Users/varghesechac/AppData/Local/UnrealEngine/Common/DerivedDataCache/Buckets/FShaderJobCacheShaders/96/b3/dcb6e93366034bfda79def7a4d0e5d2b4847.udd" 7162
"C:/Users/varghesechac/AppData/Local/UnrealEngine/Common/DerivedDataCache/Buckets/FShaderJobCacheShaders/72/c8/d56e6e331bb9d5cc44580a9377c31b32b633.udd" 7163
"C:/Users/varghesechac/AppData/Local/UnrealEngine/Common/DerivedDataCache/Buckets/FShaderJobCacheShaders/c7/9f/a04a08d41be6d8f1c74d30cacead2653f433.udd" 7164
"C:/Users/varghesechac/AppData/Local/UnrealEngine/Common/DerivedDataCache/Buckets/FShaderJobCacheShaders/2e/40/313c36dda64fa97d9a5efd9aacc240bc44c6.udd" 7165
"C:/Users/varghesechac/AppData/Local/UnrealEngine/Common/DerivedDataCache/Buckets/FShaderJobCacheShaders/20/2c/db4cac6fe5ce1f9a1e02d44aa05df6f6ac4e.udd" 7166
"C:/Users/varghesechac/AppData/Local/UnrealEngine/Common/DerivedDataCache/Buckets/FShaderJobCacheShaders/69/87/f8e07f79622e912f5f0c35a35dcb4f38d7b5.udd" 7167
"C:/Users/varghesechac/AppData/Local/UnrealEngine/Common/DerivedDataCache/Buckets/FShaderJobCacheShaders/47/71/504ac63b1a5eab5c52f8a15d3fb8fdec9c5a.udd" 7168
"C:/Users/varghesechac/AppData/Local/UnrealEngine/Common/DerivedDataCache/Buckets/FShaderJobCacheShaders/46/a0/de69a22f5a4a142cd932296f2d48bbb1c95e.udd" 7169
"C:/Users/varghesechac/AppData/Local/UnrealEngine/Common/DerivedDataCache/Buckets/FShaderJobCacheShaders/6a/bf/cf2cc55eef3f61022626cb5a1c03b839e955.udd" 7170
"C:/Users/varghesechac/AppData/Local/UnrealEngine/Common/DerivedDataCache/Buckets/FShaderJobCacheShaders/f0/9b/0e4cb3a4c795f208d8a94bc0618f16efe362.udd" 7171
"C:/Users/varghesechac/AppData/Local/UnrealEngine/Common/DerivedDataCache/Buckets/FShaderJobCacheShaders/d7/a6/a4c4bbe835dab2740d630626f797d0bce7bd.udd" 7172
"C:/Users/varghesechac/AppData/Local/UnrealEngine/Common/DerivedDataCache/Buckets/FShaderJobCacheShaders/b9/a0/66a5468e18ec2885dfceb7b75e71ec15a8cb.udd" 7173
"C:/Users/varghesechac/AppData/Local/UnrealEngine/Common/DerivedDataCache/Buckets/FShaderJobCacheShaders/c9/9b/4ac6df957ac1b68eb6d86570b41a487b36fc.udd" 7174
"C:/Users/varghesechac/AppData/Local/UnrealEngine/Common/DerivedDataCache/Buckets/FShaderJobCacheShaders/fc/bb/94743307d6023add4c44d34c5be24b01c1f0.udd" 7175
"C:/Users/varghesechac/AppData/Local/UnrealEngine/Common/DerivedDataCache/Buckets/FShaderJobCacheShaders/ab/eb/8bc85b2fc5fd2fdeca442418988acf41cf22.udd" 7176
"C:/Users/varghesechac/AppData/Local/UnrealEngine/Common/DerivedDataCache/Buckets/FShaderJobCacheShaders/31/83/2eeb5fd32cd3f17eacacb01884c8ffd3b5bc.udd" 7177
"C:/Users/varghesechac/AppData/Local/UnrealEngine/Common/DerivedDataCache/Buckets/FShaderJobCacheShaders/fb/0b/6598912cf6df995d4169e911e7d66dccf129.udd" 7178
"C:/Users/varghesechac/AppData/Local/UnrealEngine/Common/DerivedDataCache/Buckets/FShaderJobCacheShaders/a4/8b/922df94ad748ac40eedc57b44e920d7e4a26.udd" 7179
"C:/Users/varghesechac/AppData/Local/UnrealEngine/Common/DerivedDataCache/Buckets/FShaderJobCacheShaders/22/83/f0fe3d6ce90d0df987b3644c3eb52892a312.udd" 7180
"C:/Users/varghesechac/AppData/Local/UnrealEngine/Common/DerivedDataCache/Buckets/FShaderJobCacheShaders/82/03/59832f7eb54c2357b3c156033993e02017fb.udd" 7181
"C:/Users/varghesechac/AppData/Local/UnrealEngine/Common/DerivedDataCache/Buckets/FShaderJobCacheShaders/ba/d5/184ee4838faee4f30fe6463f8bebda47d6a2.udd" 7182
"C:/Users/varghesechac/AppData/Local/UnrealEngine/Common/DerivedDataCache/Buckets/FShaderJobCacheShaders/34/ce/e881fcb5aa294f667515bfd3c4d7d1c38c06.udd" 7183
"C:/Users/varghesechac/AppData/Local/UnrealEngine/Common/DerivedDataCache/Buckets/FShaderJobCacheShaders/a4/c7/f793b165febb1e16ad74a9ca43dba17fdc2c.udd" 7184
"C:/Users/varghesechac/AppData/Local/UnrealEngine/Common/DerivedDataCache/Buckets/FShaderJobCacheShaders/4e/4f/24dc60ea528fbe49a34444fe8392e6e655ea.udd" 7185
"C:/Users/varghesechac/AppData/Local/UnrealEngine/Common/DerivedDataCache/Buckets/FShaderJobCacheShaders/c1/35/c91347fd6f9244d734a0373bef04f53c60dd.udd" 7186
"C:/Users/varghesechac/AppData/Local/UnrealEngine/Common/DerivedDataCache/Buckets/FShaderJobCacheShaders/9b/0a/f9f67ae400d21394a40dc4d2d1ed55a7fbae.udd" 7187
"C:/Users/varghesechac/AppData/Local/UnrealEngine/Common/DerivedDataCache/Buckets/FShaderJobCacheShaders/99/f2/196bde0cf36dfb75d7e43ad31aa5542fef56.udd" 7188
"C:/Users/varghesechac/AppData/Local/UnrealEngine/Common/DerivedDataCache/Buckets/FShaderJobCacheShaders/0a/01/f1305ef117c0efd94b4b1d0332baadf29396.udd" 7189
"C:/Users/varghesechac/AppData/Local/UnrealEngine/Common/DerivedDataCache/Buckets/FShaderJobCacheShaders/62/2a/42345fa5e5e448448e117773e8b9799cbc04.udd" 7190
"C:/Users/varghesechac/AppData/Local/UnrealEngine/Common/DerivedDataCache/Buckets/FShaderJobCacheShaders/84/e4/07ceb4679b4dbe9a4d0be151277e4d58c4b0.udd" 7191
"C:/Users/varghesechac/AppData/Local/UnrealEngine/Common/DerivedDataCache/Buckets/FShaderJobCacheShaders/07/ab/6261f32570361643136514cc16259ca8715b.udd" 7192
"C:/Users/varghesechac/AppData/Local/UnrealEngine/Common/DerivedDataCache/Buckets/FShaderJobCacheShaders/1a/31/bd60536ad3defb6a6eb195bf83529cf9c895.udd" 7193
"C:/Users/varghesechac/AppData/Local/UnrealEngine/Common/DerivedDataCache/Buckets/FShaderJobCacheShaders/41/25/f63de7d79d6e36148c148014a2ba61dbb845.udd" 7194
"C:/Users/varghesechac/AppData/Local/UnrealEngine/Common/DerivedDataCache/Buckets/FShaderJobCacheShaders/12/a8/55e29060e019a164320e0d7ec275eee25b32.udd" 7195
"C:/Users/varghesechac/AppData/Local/UnrealEngine/Common/DerivedDataCache/Buckets/FShaderJobCacheShaders/21/0b/2838c94bd80fd9d0f4b74da4f13e3838e708.udd" 7196
"C:/Users/varghesechac/AppData/Local/UnrealEngine/Common/DerivedDataCache/Buckets/FShaderJobCacheShaders/a4/58/caf9abb10ec36bce5a540272883c12ce1526.udd" 7197
"C:/Users/varghesechac/AppData/Local/UnrealEngine/Common/DerivedDataCache/Buckets/FShaderJobCacheShaders/3c/2e/e2d1a342a4ce54b49adf725d632c07030add.udd" 7198
"C:/Users/varghesechac/AppData/Local/UnrealEngine/Common/DerivedDataCache/Buckets/FShaderJobCacheShaders/bd/e3/a6b37dbdb7dbb6116ed1e0035cd84050a843.udd" 7199
"C:/Users/varghesechac/AppData/Local/UnrealEngine/Common/DerivedDataCache/Buckets/FShaderJobCacheShaders/b3/60/c2cddaedf589884b42ae43bca83b0e07920b.udd" 7200
"C:/Users/varghesechac/AppData/Local/UnrealEngine/Common/DerivedDataCache/Buckets/FShaderJobCacheShaders/3f/70/5adcdbc4a2fdef5cdfc40cb0be593c426360.udd" 7201
"C:/Users/varghesechac/AppData/Local/UnrealEngine/Common/DerivedDataCache/Buckets/FShaderJobCacheShaders/c3/b0/74d54d00ad1abfa47817e8ebfdf047fa9b73.udd" 7202
"C:/Users/varghesechac/AppData/Local/UnrealEngine/Common/DerivedDataCache/Buckets/FShaderJobCacheShaders/a0/be/37b9c6d559dbf0aceaf1bee266fe9efa4a40.udd" 7203
"C:/Users/varghesechac/AppData/Local/UnrealEngine/Common/DerivedDataCache/Buckets/FShaderJobCacheShaders/35/64/e0b69b50385bb6b37df08a00b0abd3209716.udd" 7204
"C:/Users/varghesechac/AppData/Local/UnrealEngine/Common/DerivedDataCache/Buckets/FShaderJobCacheShaders/0c/f7/f144b1aef0132e1c98f8a8111510b29c50b7.udd" 7205
"C:/Users/varghesechac/AppData/Local/UnrealEngine/Common/DerivedDataCache/Buckets/FShaderJobCacheShaders/0c/17/bc33382942883466106a28373af1dcb08b7c.udd" 7206
"C:/Users/varghesechac/AppData/Local/UnrealEngine/Common/DerivedDataCache/Buckets/FShaderJobCacheShaders/ab/67/3eefc09f5188cc90761a97cee88101a06605.udd" 7207
"C:/Users/varghesechac/AppData/Local/UnrealEngine/Common/DerivedDataCache/Buckets/FShaderJobCacheShaders/9b/66/42fe9dcba5b1e831ea699e4201540c4d6a96.udd" 7208
"C:/Users/varghesechac/AppData/Local/UnrealEngine/Common/DerivedDataCache/Buckets/FShaderJobCacheShaders/80/81/7a6f9a2da76eaca331ad76dff8e61599901c.udd" 7209
"C:/Users/varghesechac/AppData/Local/UnrealEngine/Common/DerivedDataCache/Buckets/FShaderJobCacheShaders/37/8c/0c8404cabb89c9820a06e7ede9fce276f170.udd" 7210
"C:/Users/varghesechac/AppData/Local/UnrealEngine/Common/DerivedDataCache/Buckets/FShaderJobCacheShaders/08/6f/53df2194180673ffa58f443ecca4699e452c.udd" 7211
"C:/Users/varghesechac/AppData/Local/UnrealEngine/Common/DerivedDataCache/Buckets/FShaderJobCacheShaders/8d/16/0b0e5b72a2b5dda7642fd45fcbf536933d86.udd" 7212
"C:/Users/varghesechac/AppData/Local/UnrealEngine/Common/DerivedDataCache/Buckets/FShaderJobCacheShaders/45/3c/c78065de18bb9cbc79ed7a134fe25cd39544.udd" 7213
"C:/Users/varghesechac/AppData/Local/UnrealEngine/Common/DerivedDataCache/Buckets/FShaderJobCacheShaders/26/a3/fcc0b0f54b7257c4d27c92291ca38ef3ee3e.udd" 7214
"C:/Users/varghesechac/AppData/Local/UnrealEngine/Common/DerivedDataCache/Buckets/FShaderJobCacheShaders/61/55/969252050dc463529bbf2e6c2a15fa70d98b.udd" 7215
"C:/Users/varghesechac/AppData/Local/UnrealEngine/Common/DerivedDataCache/Buckets/FShaderJobCacheShaders/42/c2/4b3aba6da1aeece0beeaee3bfe20259b5bb4.udd" 7216
"C:/Users/varghesechac/AppData/Local/UnrealEngine/Common/DerivedDataCache/Buckets/FShaderJobCacheShaders/c5/4e/8f4af5c754d2ada6dea203d49e760bd88fdf.udd" 7217
"C:/Users/varghesechac/AppData/Local/UnrealEngine/Common/DerivedDataCache/Buckets/FShaderJobCacheShaders/40/0e/e278184f6db3b3b14fd2a3bce60e6263d00a.udd" 7218
"C:/Users/varghesechac/AppData/Local/UnrealEngine/Common/DerivedDataCache/Buckets/FShaderJobCacheShaders/57/fb/dc93f57db7aaae4cb1d0e11663e72e51c51f.udd" 7219
"C:/Users/varghesechac/AppData/Local/UnrealEngine/Common/DerivedDataCache/Buckets/FShaderJobCacheShaders/b7/bc/7df73b27a9b71ad2e28928d8213459ccb00e.udd" 7220
"C:/Users/varghesechac/AppData/Local/UnrealEngine/Common/DerivedDataCache/Buckets/FShaderJobCacheShaders/0b/31/c3e19137f5535618ca1cf5e00f69f980ef9d.udd" 7221
"C:/Users/varghesechac/AppData/Local/UnrealEngine/Common/DerivedDataCache/Buckets/FShaderJobCacheShaders/0d/fa/2ffad2496569e6a9738142e9043c63018d98.udd" 7222
"C:/Users/varghesechac/AppData/Local/UnrealEngine/Common/DerivedDataCache/Buckets/FShaderJobCacheShaders/e5/7c/ef8f0cb853c8ed00164d02074393fbbed2b2.udd" 7223
"C:/Users/varghesechac/AppData/Local/UnrealEngine/Common/DerivedDataCache/Buckets/FShaderJobCacheShaders/60/77/6aef1c344f451f27b332c6914e490c822fbf.udd" 7224
"C:/Users/varghesechac/AppData/Local/UnrealEngine/Common/DerivedDataCache/Buckets/FShaderJobCacheShaders/71/eb/c6e9b2f3b4104b4431cdcfc1358e38a80b5b.udd" 7225
"C:/Users/varghesechac/AppData/Local/UnrealEngine/Common/DerivedDataCache/Buckets/FShaderJobCacheShaders/a5/76/0a3994ffdc44531470a74743635dd6684c09.udd" 7226
"C:/Users/varghesechac/AppData/Local/UnrealEngine/Common/DerivedDataCache/Buckets/FShaderJobCacheShaders/87/d9/1eaadf5bdcf421f9f067f4e1b97a11a4cc01.udd" 7227
"C:/Users/varghesechac/AppData/Local/UnrealEngine/Common/DerivedDataCache/Buckets/FShaderJobCacheShaders/ae/59/7fca81d64030baa88ff00e1753e1c2d4bc39.udd" 7228
"C:/Users/varghesechac/AppData/Local/UnrealEngine/Common/DerivedDataCache/Buckets/FShaderJobCacheShaders/c4/51/6155313a75eeb50841d9d18f2b237c198fe5.udd" 7229
"C:/Users/varghesechac/AppData/Local/UnrealEngine/Common/DerivedDataCache/Buckets/FShaderJobCacheShaders/a7/56/b0fa9af9b5e937c6111e2dc167499da313dc.udd" 7230
"C:/Users/varghesechac/AppData/Local/UnrealEngine/Common/DerivedDataCache/Buckets/FShaderJobCacheShaders/64/73/76658da1a184dcae561b3802adc1b05eda4c.udd" 7231
"C:/Users/varghesechac/AppData/Local/UnrealEngine/Common/DerivedDataCache/Buckets/FShaderJobCacheShaders/47/bb/76dc72d113f79bb4bf033cafa6838487f529.udd" 7232
"C:/Users/varghesechac/AppData/Local/UnrealEngine/Common/DerivedDataCache/Buckets/FShaderJobCacheShaders/39/97/8117b8f2f0b3e3601dab6bb33af0b7ab4493.udd" 7233
"C:/Users/varghesechac/AppData/Local/UnrealEngine/Common/DerivedDataCache/Buckets/FShaderJobCacheShaders/ba/f1/d6001b11c7d8559695209195d474153c87ef.udd" 7234
"C:/Users/varghesechac/AppData/Local/UnrealEngine/Common/DerivedDataCache/Buckets/FShaderJobCacheShaders/4a/dc/14fe28322d400a8350d6729bcb3aaeaa80fb.udd" 7235
"C:/Users/varghesechac/AppData/Local/UnrealEngine/Common/DerivedDataCache/Buckets/FShaderJobCacheShaders/8f/d3/30499024c04d6e9aa372d23519cef3ce22b1.udd" 7236
"C:/Users/varghesechac/AppData/Local/UnrealEngine/Common/DerivedDataCache/Buckets/FShaderJobCacheShaders/a9/54/841cbbf0c48e32bbe3c8fbe58c14a9906a50.udd" 7237
"C:/Users/varghesechac/AppData/Local/UnrealEngine/Common/DerivedDataCache/Buckets/FShaderJobCacheShaders/35/c9/2e8640956d976d120571a62d2f94fb626baf.udd" 7238
"C:/Users/varghesechac/AppData/Local/UnrealEngine/Common/DerivedDataCache/Buckets/FShaderJobCacheShaders/dd/5b/58cbe505bd00671f2d4602a49de585fcef48.udd" 7239
"C:/Users/varghesechac/AppData/Local/UnrealEngine/Common/DerivedDataCache/Buckets/FShaderJobCacheShaders/b4/4e/a40ca63bb200e4b391e4077b42b8200984c3.udd" 7240
"C:/Users/varghesechac/AppData/Local/UnrealEngine/Common/DerivedDataCache/Buckets/FShaderJobCacheShaders/d3/b5/b1f7aa8520c91465435d570030a11a0c97dd.udd" 7241
"C:/Users/varghesechac/AppData/Local/UnrealEngine/Common/DerivedDataCache/Buckets/FShaderJobCacheShaders/10/6a/494fff10cdb9d8848124f1aa0f6443874b7e.udd" 7242
"C:/Users/varghesechac/AppData/Local/UnrealEngine/Common/DerivedDataCache/Buckets/FShaderJobCacheShaders/02/c2/ae61362397efdc0b28dd7a17bac18518d22c.udd" 7243
"C:/Users/varghesechac/AppData/Local/UnrealEngine/Common/DerivedDataCache/Buckets/FShaderJobCacheShaders/c5/b4/1ac0b25a44008d766655c9be6c974d55e74d.udd" 7244
"C:/Users/varghesechac/AppData/Local/UnrealEngine/Common/DerivedDataCache/Buckets/FShaderJobCacheShaders/eb/a4/050578270908288917ef108bfb3f70221b4c.udd" 7245
"C:/Users/varghesechac/AppData/Local/UnrealEngine/Common/DerivedDataCache/Buckets/FShaderJobCacheShaders/d3/16/07f26abdc5fca9887e8af9325b5b12dff46c.udd" 7246
"C:/Users/varghesechac/AppData/Local/UnrealEngine/Common/DerivedDataCache/Buckets/FShaderJobCacheShaders/99/d1/c25a756d6454190bf847971a510086e0574d.udd" 7247
"C:/Users/varghesechac/AppData/Local/UnrealEngine/Common/DerivedDataCache/Buckets/FShaderJobCacheShaders/a9/e4/d3e62515643679223a7377678dc11558f367.udd" 7248
"C:/Users/varghesechac/AppData/Local/UnrealEngine/Common/DerivedDataCache/Buckets/FShaderJobCacheShaders/52/32/4684c99d6ceaa4a4b6f72813f5176f741e80.udd" 7249
"C:/Users/varghesechac/AppData/Local/UnrealEngine/Common/DerivedDataCache/Buckets/FShaderJobCacheShaders/3b/78/11d4d02ea0e6939bfef5f83c18f3a80f3ee8.udd" 7250
"C:/Users/varghesechac/AppData/Local/UnrealEngine/Common/DerivedDataCache/Buckets/FShaderJobCacheShaders/73/56/af3533c4616e461a76c66ebcfac8f07174a4.udd" 7251
"C:/Users/varghesechac/AppData/Local/UnrealEngine/Common/DerivedDataCache/Buckets/FShaderJobCacheShaders/56/84/a49e0d5d04a77377c223e9dcc5bb8bba2bf4.udd" 7252
"C:/Users/varghesechac/AppData/Local/UnrealEngine/Common/DerivedDataCache/Buckets/FShaderJobCacheShaders/36/68/1a116201a022d9e97822a5149b03cbdab182.udd" 7253
"C:/Users/varghesechac/AppData/Local/UnrealEngine/Common/DerivedDataCache/Buckets/FShaderJobCacheShaders/db/e5/9fa84769b9b96971a7f6bb75282dd394e4c2.udd" 7254
"C:/Users/varghesechac/AppData/Local/UnrealEngine/Common/DerivedDataCache/Buckets/FShaderJobCacheShaders/fa/22/e03cc808dec9e868964a9b686bea9c3bcbb0.udd" 7255
"C:/Users/varghesechac/AppData/Local/UnrealEngine/Common/DerivedDataCache/Buckets/FShaderJobCacheShaders/b1/5e/15abef0e0c4dc1cf42c0c90c3a5f65048428.udd" 7256
"C:/Users/varghesechac/AppData/Local/UnrealEngine/Common/DerivedDataCache/Buckets/FShaderJobCacheShaders/ae/fb/5acccf38d38b135b07aac9c64e8dbd1af81b.udd" 7257
"C:/Users/varghesechac/AppData/Local/UnrealEngine/Common/DerivedDataCache/Buckets/FShaderJobCacheShaders/46/3f/59b04b9a4a788461d3ab56936105610c9957.udd" 7258
"C:/Users/varghesechac/AppData/Local/UnrealEngine/Common/DerivedDataCache/Buckets/FShaderJobCacheShaders/33/b1/b7c18af776820fc772d626eb7b91f0b28a0f.udd" 7259
"C:/Users/varghesechac/AppData/Local/UnrealEngine/Common/DerivedDataCache/Buckets/FShaderJobCacheShaders/ec/e7/f987600c2411848ebdc7d1cfd2fd65190798.udd" 7260
"C:/Users/varghesechac/AppData/Local/UnrealEngine/Common/DerivedDataCache/Buckets/FShaderJobCacheShaders/c4/c4/40ee22cdce5614940d9e04901223af46927a.udd" 7261
"C:/Users/varghesechac/AppData/Local/UnrealEngine/Common/DerivedDataCache/Buckets/FShaderJobCacheShaders/21/f8/01712423e2eb31235ac9066e7b4bd33f9755.udd" 7262
"C:/Users/varghesechac/AppData/Local/UnrealEngine/Common/DerivedDataCache/Buckets/FShaderJobCacheShaders/1b/a0/22cbea9292a10c717c27bbd2542aeea0d2cc.udd" 7263
"C:/Users/varghesechac/AppData/Local/UnrealEngine/Common/DerivedDataCache/Buckets/FShaderJobCacheShaders/1b/89/6f794f6999410656761b4d41ddbf5848389b.udd" 7264
"C:/Users/varghesechac/AppData/Local/UnrealEngine/Common/DerivedDataCache/Buckets/FShaderJobCacheShaders/56/f0/3c30f641681ba772c3d34c59ba16611c35dc.udd" 7265
"C:/Users/varghesechac/AppData/Local/UnrealEngine/Common/DerivedDataCache/Buckets/FShaderJobCacheShaders/af/29/13d0d0eb4cfdc9db949ee23d9207ea3a5b60.udd" 7266
"C:/Users/varghesechac/AppData/Local/UnrealEngine/Common/DerivedDataCache/Buckets/FShaderJobCacheShaders/d3/da/1fbe38c4f141abf3cde1437bbe9998277531.udd" 7267
"C:/Users/varghesechac/AppData/Local/UnrealEngine/Common/DerivedDataCache/Buckets/FShaderJobCacheShaders/63/63/026ddcbcff9b1e1af129c4eb3cdf9659274a.udd" 7268
"C:/Users/varghesechac/AppData/Local/UnrealEngine/Common/DerivedDataCache/Buckets/FShaderJobCacheShaders/99/a9/3d22261637b36e05c97715b0c1cdba3c2d58.udd" 7269
"C:/Users/varghesechac/AppData/Local/UnrealEngine/Common/DerivedDataCache/Buckets/FShaderJobCacheShaders/b6/23/1f01a6d331eff52f01549c85c1abafa0534a.udd" 7270
"C:/Users/varghesechac/AppData/Local/UnrealEngine/Common/DerivedDataCache/Buckets/FShaderJobCacheShaders/1d/08/1b65154479ab016628d4d9f84c1fbe065f29.udd" 7271
"C:/Users/varghesechac/AppData/Local/UnrealEngine/Common/DerivedDataCache/Buckets/FShaderJobCacheShaders/87/07/1aed230db4fb330b28a5f25fc817d7aedc75.udd" 7272
"C:/Users/varghesechac/AppData/Local/UnrealEngine/Common/DerivedDataCache/Buckets/FShaderJobCacheShaders/da/54/c5495a51052db7a6c380150737d905409e3f.udd" 7273
"C:/Users/varghesechac/AppData/Local/UnrealEngine/Common/DerivedDataCache/Buckets/FShaderJobCacheShaders/9a/4c/0d4eb3587d9c57ca019d11b0d4bc154881c6.udd" 7274
"C:/Users/varghesechac/AppData/Local/UnrealEngine/Common/DerivedDataCache/Buckets/FShaderJobCacheShaders/cb/c1/82056cdbf06544cb43d8643d66d0982a554c.udd" 7275
"C:/Users/varghesechac/AppData/Local/UnrealEngine/Common/DerivedDataCache/Buckets/FShaderJobCacheShaders/d2/97/f60f8cc50f56a2e96def6dee41f2f3a317c5.udd" 7276
"C:/Users/varghesechac/AppData/Local/UnrealEngine/Common/DerivedDataCache/Buckets/FShaderJobCacheShaders/eb/db/3568cae247024db33e1f5d725b5747dfcf08.udd" 7277
"C:/Users/varghesechac/AppData/Local/UnrealEngine/Common/DerivedDataCache/Buckets/FShaderJobCacheShaders/1e/bb/e19a79be8494ce05be4d73095c6c14b2ed22.udd" 7278
"C:/Users/varghesechac/AppData/Local/UnrealEngine/Common/DerivedDataCache/Buckets/FShaderJobCacheShaders/f8/d8/ca00f4b267b9284301469f330bc0757ec678.udd" 7279
"C:/Users/varghesechac/AppData/Local/UnrealEngine/Common/DerivedDataCache/Buckets/FShaderJobCacheShaders/24/3b/3552cfcedced47714203c7737dc05818eebd.udd" 7280
"C:/Users/varghesechac/AppData/Local/UnrealEngine/Common/DerivedDataCache/Buckets/FShaderJobCacheShaders/ad/23/4999e51a3bf93a4165f0d3303ec702b9f158.udd" 7281
"C:/Users/varghesechac/AppData/Local/UnrealEngine/Common/DerivedDataCache/Buckets/FShaderJobCacheShaders/d4/5e/7f2f75be8ebe72112564494d97751eb90d1e.udd" 7282
"C:/Users/varghesechac/AppData/Local/UnrealEngine/Common/DerivedDataCache/Buckets/FShaderJobCacheShaders/83/31/82d3662992e617f14dbd7d79e372bf1b223f.udd" 7283
"C:/Users/varghesechac/AppData/Local/UnrealEngine/Common/DerivedDataCache/Buckets/FShaderJobCacheShaders/f4/be/7d66f0deb60d7e9a0501e0a4086d981f078c.udd" 7284
"C:/Users/varghesechac/AppData/Local/UnrealEngine/Common/DerivedDataCache/Buckets/FShaderJobCacheShaders/f9/42/aee6c0cfbd42ce1d92edef42e1e332db7e5a.udd" 7285
"C:/Users/varghesechac/AppData/Local/UnrealEngine/Common/DerivedDataCache/Buckets/FShaderJobCacheShaders/1e/e1/e579ec415b80c96ddbc784b9ad20cf9885a6.udd" 7286
"C:/Users/varghesechac/AppData/Local/UnrealEngine/Common/DerivedDataCache/Buckets/FShaderJobCacheShaders/6b/10/947aaeb56022bbade0a84364f7d8574e0eb4.udd" 7287
"C:/Users/varghesechac/AppData/Local/UnrealEngine/Common/DerivedDataCache/Buckets/FShaderJobCacheShaders/70/d9/5817efb1f1bbba3db1188fdfd88817ad3dd4.udd" 7288
"C:/Users/varghesechac/AppData/Local/UnrealEngine/Common/DerivedDataCache/Buckets/FShaderJobCacheShaders/c9/12/111e968dce1ad1115eb2c4690f1ab57ac738.udd" 7289
"C:/Users/varghesechac/AppData/Local/UnrealEngine/Common/DerivedDataCache/Buckets/FShaderJobCacheShaders/39/72/08fc7702273d200869a6bf60ebccaa61a700.udd" 7290
"C:/Users/varghesechac/AppData/Local/UnrealEngine/Common/DerivedDataCache/Buckets/FShaderJobCacheShaders/89/9a/dea8ca2c19356c50c3dac5cc7bdd7c18f24c.udd" 7291
"C:/Users/varghesechac/AppData/Local/UnrealEngine/Common/DerivedDataCache/Buckets/FShaderJobCacheShaders/9c/3b/50711e5e88e32d88848fa1c2c167528f43d6.udd" 7292
"C:/Users/varghesechac/AppData/Local/UnrealEngine/Common/DerivedDataCache/Buckets/FShaderJobCacheShaders/70/98/63169e87e07f7d7af7266c9c571ba694fb93.udd" 7293
"C:/Users/varghesechac/AppData/Local/UnrealEngine/Common/DerivedDataCache/Buckets/FShaderJobCacheShaders/1e/f6/7418ec6ad3a8852292d3e94c77aec119d64c.udd" 7294
"C:/Users/varghesechac/AppData/Local/UnrealEngine/Common/DerivedDataCache/Buckets/FShaderJobCacheShaders/8c/44/6b88e7a606227bfb112ac0bb95437a987bca.udd" 7295
"C:/Users/varghesechac/AppData/Local/UnrealEngine/Common/DerivedDataCache/Buckets/FShaderJobCacheShaders/ee/89/844e8c3863620a74e6b908c135b88a4e0be1.udd" 7296
"C:/Users/varghesechac/AppData/Local/UnrealEngine/Common/DerivedDataCache/Buckets/FShaderJobCacheShaders/cf/76/b299f9ddb85caf6bcd22a7216f3ed9fd836c.udd" 7297
"C:/Users/varghesechac/AppData/Local/UnrealEngine/Common/DerivedDataCache/Buckets/FShaderJobCacheShaders/90/b4/7af9b406fb2eaae8d019e5591ceecc8d212c.udd" 7298
"C:/Users/varghesechac/AppData/Local/UnrealEngine/Common/DerivedDataCache/Buckets/FShaderJobCacheShaders/77/50/8d9027191035a7ec3da1fe63ca1cbfca846c.udd" 7299
"C:/Users/varghesechac/AppData/Local/UnrealEngine/Common/DerivedDataCache/Buckets/FShaderJobCacheShaders/08/2a/cc3d48ac15c0c2586378ee015335764a79cb.udd" 7300
"C:/Users/varghesechac/AppData/Local/UnrealEngine/Common/DerivedDataCache/Buckets/FShaderJobCacheShaders/9f/b9/2fe1add5a836992b337df83fda3fb2480457.udd" 7301
"C:/Users/varghesechac/AppData/Local/UnrealEngine/Common/DerivedDataCache/Buckets/FShaderJobCacheShaders/d5/02/38c4b79d07c4e75493655e824466570f3bbb.udd" 7302
"C:/Users/varghesechac/AppData/Local/UnrealEngine/Common/DerivedDataCache/Buckets/FShaderJobCacheShaders/04/d9/f546987dc3644f55b8edebada1c6553fbe46.udd" 7303
"C:/Users/varghesechac/AppData/Local/UnrealEngine/Common/DerivedDataCache/Buckets/FShaderJobCacheShaders/72/24/9d1dcabc578176d883b4a405dc790b990842.udd" 7304
"C:/Users/varghesechac/AppData/Local/UnrealEngine/Common/DerivedDataCache/Buckets/FShaderJobCacheShaders/54/0a/77e927f8bff132fee5d799389465f474b581.udd" 7305
"C:/Users/varghesechac/AppData/Local/UnrealEngine/Common/DerivedDataCache/Buckets/FShaderJobCacheShaders/9f/e8/32f6556408bf4c698b3176c131754da62767.udd" 7306
"C:/Users/varghesechac/AppData/Local/UnrealEngine/Common/DerivedDataCache/Buckets/FShaderJobCacheShaders/dd/1f/2794e9fd30fbeae7f736b4c899749e9fe4b3.udd" 7307
"C:/Users/varghesechac/AppData/Local/UnrealEngine/Common/DerivedDataCache/Buckets/FShaderJobCacheShaders/95/05/0e69766b12a6f23868d358fc5334f22fa6d7.udd" 7308
"C:/Users/varghesechac/AppData/Local/UnrealEngine/Common/DerivedDataCache/Buckets/FShaderJobCacheShaders/26/56/b335afd63dc30b815f4c8d6b5222381cca19.udd" 7309
"C:/Users/varghesechac/AppData/Local/UnrealEngine/Common/DerivedDataCache/Buckets/FShaderJobCacheShaders/21/08/634594763a9bb6abd92e740111d52a80bbe5.udd" 7310
"C:/Users/varghesechac/AppData/Local/UnrealEngine/Common/DerivedDataCache/Buckets/FShaderJobCacheShaders/8b/aa/470051acf5e6eae4351eebdfbb06a0f94393.udd" 7311
"C:/Users/varghesechac/AppData/Local/UnrealEngine/Common/DerivedDataCache/Buckets/FShaderJobCacheShaders/1f/06/5b0d0ffed4e8ba2a4605c829674497175b57.udd" 7312
"C:/Users/varghesechac/AppData/Local/UnrealEngine/Common/DerivedDataCache/Buckets/FShaderJobCacheShaders/5a/98/5aaba989a32398b822c8f520c785ad2c32cf.udd" 7313
"C:/Users/varghesechac/AppData/Local/UnrealEngine/Common/DerivedDataCache/Buckets/FShaderJobCacheShaders/2e/de/ba6ff976e76bae19fe2dcdd5d977adbbc783.udd" 7314
"C:/Users/varghesechac/AppData/Local/UnrealEngine/Common/DerivedDataCache/Buckets/FShaderJobCacheShaders/6e/54/12293b0e9398c9543df98aef2e46324313e3.udd" 7315
"C:/Users/varghesechac/AppData/Local/UnrealEngine/Common/DerivedDataCache/Buckets/FShaderJobCacheShaders/e1/5f/39bae9d8234cae9c6da2cd5b73af8846f8b5.udd" 7316
"C:/Users/varghesechac/AppData/Local/UnrealEngine/Common/DerivedDataCache/Buckets/FShaderJobCacheShaders/eb/e8/f10135372f10bffffda4ef32ff71ed7a94b4.udd" 7317
"C:/Users/varghesechac/AppData/Local/UnrealEngine/Common/DerivedDataCache/Buckets/FShaderJobCacheShaders/1a/72/6eddd37b2ac8ea421aeb78064cc47d264b30.udd" 7318
"C:/Users/varghesechac/AppData/Local/UnrealEngine/Common/DerivedDataCache/Buckets/FShaderJobCacheShaders/0c/f8/7addc989c49b5e8534589739b16ad521ed60.udd" 7319
"C:/Users/varghesechac/AppData/Local/UnrealEngine/Common/DerivedDataCache/Buckets/FShaderJobCacheShaders/f0/4e/0a8fb9ff39fe5dd5784ba0196bb32dad829c.udd" 7320
"C:/Users/varghesechac/AppData/Local/UnrealEngine/Common/DerivedDataCache/Buckets/FShaderJobCacheShaders/ca/08/36d3971f8f19bf8e7f7f7d60e00d25e46ca1.udd" 7321
"C:/Users/varghesechac/AppData/Local/UnrealEngine/Common/DerivedDataCache/Buckets/FShaderJobCacheShaders/7b/ce/f183a8cbd15e15228db09cbd08689f3dd293.udd" 7322
"C:/Users/varghesechac/AppData/Local/UnrealEngine/Common/DerivedDataCache/Buckets/FShaderJobCacheShaders/15/79/023a66c188e5022c208c1eba04a870548106.udd" 7323
"C:/Users/varghesechac/AppData/Local/UnrealEngine/Common/DerivedDataCache/Buckets/FShaderJobCacheShaders/10/ec/3f6f5bc28776ba8475b861a8ba07fb8756a5.udd" 7324
"C:/Users/varghesechac/AppData/Local/UnrealEngine/Common/DerivedDataCache/Buckets/FShaderJobCacheShaders/6b/31/0d0c66c5327cc3358743262f40a1e0ff72ce.udd" 7325
"C:/Users/varghesechac/AppData/Local/UnrealEngine/Common/DerivedDataCache/Buckets/FShaderJobCacheShaders/4a/36/3e45e533c979ce4b97c05059fd10a1d373a8.udd" 7326
"C:/Users/varghesechac/AppData/Local/UnrealEngine/Common/DerivedDataCache/Buckets/FShaderJobCacheShaders/1d/8f/2a6e9645edc1c0276b4d63ddfd4a9e131a5e.udd" 7327
"C:/Users/varghesechac/AppData/Local/UnrealEngine/Common/DerivedDataCache/Buckets/FShaderJobCacheShaders/c1/6f/6fa5512cf7669feb39a16a10a99feb733dca.udd" 7328
"C:/Users/varghesechac/AppData/Local/UnrealEngine/Common/DerivedDataCache/Buckets/FShaderJobCacheShaders/33/c1/0ceeb740fca6816e0df690d6d43d07e7a8a9.udd" 7329
"C:/Users/varghesechac/AppData/Local/UnrealEngine/Common/DerivedDataCache/Buckets/FShaderJobCacheShaders/34/44/0fda8f5cfc4750029d4a2bbabef958d58542.udd" 7330
"C:/Users/varghesechac/AppData/Local/UnrealEngine/Common/DerivedDataCache/Buckets/FShaderJobCacheShaders/26/b8/4dc2d3c1827788c41629293f884990a6882a.udd" 7331
"C:/Users/varghesechac/AppData/Local/UnrealEngine/Common/DerivedDataCache/Buckets/FShaderJobCacheShaders/55/5f/e1587c8a49aeb0e3c52a62cb601c38a4e5fd.udd" 7332
"C:/Users/varghesechac/AppData/Local/UnrealEngine/Common/DerivedDataCache/Buckets/FShaderJobCacheShaders/a0/30/f024cb2f3cc32963c63c3f66fdfd4959ca44.udd" 7333
"C:/Users/varghesechac/AppData/Local/UnrealEngine/Common/DerivedDataCache/Buckets/FShaderJobCacheShaders/e8/b0/8a70d2a60c4502ad2916a98b466a51a212ab.udd" 7334
"C:/Users/varghesechac/AppData/Local/UnrealEngine/Common/DerivedDataCache/Buckets/FShaderJobCacheShaders/fb/eb/b48cde826a2aa04be6f629370049ae260c17.udd" 7335
"C:/Users/varghesechac/AppData/Local/UnrealEngine/Common/DerivedDataCache/Buckets/FShaderJobCacheShaders/95/1d/268499d763a64ed08200cf7095750c78a91e.udd" 7336
"C:/Users/varghesechac/AppData/Local/UnrealEngine/Common/DerivedDataCache/Buckets/FShaderJobCacheShaders/ce/a7/e4593beaceb99e4447aca5f75c9a67bce894.udd" 7337
"C:/Users/varghesechac/AppData/Local/UnrealEngine/Common/DerivedDataCache/Buckets/FShaderJobCacheShaders/7c/b2/6989dc3d3fec59962d7a1cc9c83bd7aeff91.udd" 7338
"C:/Users/varghesechac/AppData/Local/UnrealEngine/Common/DerivedDataCache/Buckets/FShaderJobCacheShaders/f8/35/19f47632f61e4a093628f153238e7c161e3b.udd" 7339
"C:/Users/varghesechac/AppData/Local/UnrealEngine/Common/DerivedDataCache/Buckets/FShaderJobCacheShaders/de/38/3eb30e99b7b66aa843a659391519e3872e92.udd" 7340
"C:/Users/varghesechac/AppData/Local/UnrealEngine/Common/DerivedDataCache/Buckets/FShaderJobCacheShaders/ce/0d/a9eb78f61298e758b51e6e75faa50c5fce4d.udd" 7341
"C:/Users/varghesechac/AppData/Local/UnrealEngine/Common/DerivedDataCache/Buckets/FShaderJobCacheShaders/2f/59/933855f98e28fe98ccdd194348925a7d6681.udd" 7342
"C:/Users/varghesechac/AppData/Local/UnrealEngine/Common/DerivedDataCache/Buckets/FShaderJobCacheShaders/e7/97/534afb97043700fd2f725c120a3c52f7ce48.udd" 7343
"C:/Users/varghesechac/AppData/Local/UnrealEngine/Common/DerivedDataCache/Buckets/FShaderJobCacheShaders/96/34/b063e89b17031bc1992227c94fe9eb23395c.udd" 7344
"C:/Users/varghesechac/AppData/Local/UnrealEngine/Common/DerivedDataCache/Buckets/FShaderJobCacheShaders/99/ec/d454f9e40b2f347b9ea9833c06a56e78be35.udd" 7345
"C:/Users/varghesechac/AppData/Local/UnrealEngine/Common/DerivedDataCache/Buckets/FShaderJobCacheShaders/bf/49/27e7bcfdda0b1cb0c03f5493a94cf0e80cba.udd" 7346
"C:/Users/varghesechac/AppData/Local/UnrealEngine/Common/DerivedDataCache/Buckets/FShaderJobCacheShaders/64/a1/b484475d89e4e9c6774ea2021a07cf4b568e.udd" 7347
"C:/Users/varghesechac/AppData/Local/UnrealEngine/Common/DerivedDataCache/Buckets/FShaderJobCacheShaders/4d/99/ebd9609e01699ae4f406b285ac6569d03b50.udd" 7348
"C:/Users/varghesechac/AppData/Local/UnrealEngine/Common/DerivedDataCache/Buckets/FShaderJobCacheShaders/9d/2d/4d768c4e2a1fb2876ab071de98460588a9fe.udd" 7349
"C:/Users/varghesechac/AppData/Local/UnrealEngine/Common/DerivedDataCache/Buckets/FShaderJobCacheShaders/e1/49/96727472b0c94571a02b9538db63cf8d98b9.udd" 7350
"C:/Users/varghesechac/AppData/Local/UnrealEngine/Common/DerivedDataCache/Buckets/FShaderJobCacheShaders/0c/9e/a445aa7666802eb6fda52a37dccaf5ebd6ae.udd" 7351
"C:/Users/varghesechac/AppData/Local/UnrealEngine/Common/DerivedDataCache/Buckets/FShaderJobCacheShaders/99/ae/26e385435d8c7f42ed473aa00f84c89268a9.udd" 7352
"C:/Users/varghesechac/AppData/Local/UnrealEngine/Common/DerivedDataCache/Buckets/FShaderJobCacheShaders/37/bd/0aaa5ad87f64a3d1b6a4da786d7334b4759f.udd" 7353
"C:/Users/varghesechac/AppData/Local/UnrealEngine/Common/DerivedDataCache/Buckets/FShaderJobCacheShaders/7e/ef/24eb11d7f705498706267016ba08b05e312c.udd" 7354
"C:/Users/varghesechac/AppData/Local/UnrealEngine/Common/DerivedDataCache/Buckets/FShaderJobCacheShaders/d1/30/9dafb84b0d86425946ca1c62fe80b087dc9b.udd" 7355
"C:/Users/varghesechac/AppData/Local/UnrealEngine/Common/DerivedDataCache/Buckets/FShaderJobCacheShaders/c3/90/843893f4eb264c188c7a63a6d56ec54d4146.udd" 7356
"C:/Users/varghesechac/AppData/Local/UnrealEngine/Common/DerivedDataCache/Buckets/FShaderJobCacheShaders/01/9d/48fb87eaaaeb71cd309ff9d7937de6e14722.udd" 7357
"C:/Users/varghesechac/AppData/Local/UnrealEngine/Common/DerivedDataCache/Buckets/FShaderJobCacheShaders/3a/f2/f4fadbd4130439518e64d50d03c5e600edd8.udd" 7358
"C:/Users/varghesechac/AppData/Local/UnrealEngine/Common/DerivedDataCache/Buckets/FShaderJobCacheShaders/2b/9b/cd0eb909967cfdcd006e6f8ce42629561129.udd" 7359
"C:/Users/varghesechac/AppData/Local/UnrealEngine/Common/DerivedDataCache/Buckets/FShaderJobCacheShaders/46/7d/6c3b7e63620c100e1924906ed9ec262c12f0.udd" 7360
"C:/Users/varghesechac/AppData/Local/UnrealEngine/Common/DerivedDataCache/Buckets/FShaderJobCacheShaders/42/34/939fe508204bb1a608b301bc3de6a9e68676.udd" 7361
"C:/Users/varghesechac/AppData/Local/UnrealEngine/Common/DerivedDataCache/Buckets/FShaderJobCacheShaders/c6/10/f47acb8f5120bb1269eca615855cb513c819.udd" 7362
"C:/Users/varghesechac/AppData/Local/UnrealEngine/Common/DerivedDataCache/Buckets/FShaderJobCacheShaders/03/da/3737db18e6925fa6eab3ee9aa08ba8d6b008.udd" 7363
"C:/Users/varghesechac/AppData/Local/UnrealEngine/Common/DerivedDataCache/Buckets/FShaderJobCacheShaders/1e/df/a5b19f1154a652f3e937db4936729de54618.udd" 7364
"C:/Users/varghesechac/AppData/Local/UnrealEngine/Common/DerivedDataCache/Buckets/FShaderJobCacheShaders/a9/b0/f7b6a61bdeac0f88acb54093a265301386ac.udd" 7365
"C:/Users/varghesechac/AppData/Local/UnrealEngine/Common/DerivedDataCache/Buckets/FShaderJobCacheShaders/07/f7/5a8562ed583e9b40350b3ea9e7c2a997756d.udd" 7366
"C:/Users/varghesechac/AppData/Local/UnrealEngine/Common/DerivedDataCache/Buckets/FShaderJobCacheShaders/80/47/f066ab363a83b027ae0c1934ff2c51c33ab5.udd" 7367
"C:/Users/varghesechac/AppData/Local/UnrealEngine/Common/DerivedDataCache/Buckets/FShaderJobCacheShaders/57/86/283da1b243b1ff606c50e5cf4d090baaf483.udd" 7368
"C:/Users/varghesechac/AppData/Local/UnrealEngine/Common/DerivedDataCache/Buckets/FShaderJobCacheShaders/d5/f5/c16cc681f859a59e8af5b15a5ecd89748879.udd" 7369
"C:/Users/varghesechac/AppData/Local/UnrealEngine/Common/DerivedDataCache/Buckets/FShaderJobCacheShaders/d6/00/4800169a4d0d16c6130f65f90e58bf13be9b.udd" 7370
"C:/Users/varghesechac/AppData/Local/UnrealEngine/Common/DerivedDataCache/Buckets/FShaderJobCacheShaders/f2/3d/3ae8bfc3106e865afe30dfbe8973749574e9.udd" 7371
"C:/Users/varghesechac/AppData/Local/UnrealEngine/Common/DerivedDataCache/Buckets/FShaderJobCacheShaders/b5/1c/cb760fad6082bcac933ac97da53aa9a26b0c.udd" 7372
"C:/Users/varghesechac/AppData/Local/UnrealEngine/Common/DerivedDataCache/Buckets/FShaderJobCacheShaders/aa/0c/7cd5f514a751f10fa11f728a54e1d1936e6d.udd" 7373
"C:/Users/varghesechac/AppData/Local/UnrealEngine/Common/DerivedDataCache/Buckets/FShaderJobCacheShaders/6a/90/4b02b3aa493733e22d4dd75aedeb487ffbb5.udd" 7374
"C:/Users/varghesechac/AppData/Local/UnrealEngine/Common/DerivedDataCache/Buckets/FShaderJobCacheShaders/52/f2/59d8a3727dcbbf43ca8908c5f06682da7b23.udd" 7375
"C:/Users/varghesechac/AppData/Local/UnrealEngine/Common/DerivedDataCache/Buckets/FShaderJobCacheShaders/0a/c7/450a3d112fcc5d0c9e6fa91c6a4ed2ef928f.udd" 7376
"C:/Users/varghesechac/AppData/Local/UnrealEngine/Common/DerivedDataCache/Buckets/FShaderJobCacheShaders/91/22/eddcc98cface56dec93d327e6ea9c0ae39ba.udd" 7377
"C:/Users/varghesechac/AppData/Local/UnrealEngine/Common/DerivedDataCache/Buckets/FShaderJobCacheShaders/0e/c8/af0cb239805c0e3a4324989b1e6061696895.udd" 7378
"C:/Users/varghesechac/AppData/Local/UnrealEngine/Common/DerivedDataCache/Buckets/FShaderJobCacheShaders/15/32/e1b642a2bccf28e42ff5e6f9c7d09d6943be.udd" 7379
"C:/Users/varghesechac/AppData/Local/UnrealEngine/Common/DerivedDataCache/Buckets/FShaderJobCacheShaders/53/d7/15eb101cea0f75976eb257754325a419b0ea.udd" 7380
"C:/Users/varghesechac/AppData/Local/UnrealEngine/Common/DerivedDataCache/Buckets/FShaderJobCacheShaders/4e/dd/d49e8c487505a2671d37e625621a422d0a03.udd" 7381
"C:/Users/varghesechac/AppData/Local/UnrealEngine/Common/DerivedDataCache/Buckets/FShaderJobCacheShaders/7b/6e/517a8fa0e6cf332bdad4750330703caa210e.udd" 7382
"C:/Users/varghesechac/AppData/Local/UnrealEngine/Common/DerivedDataCache/Buckets/FShaderJobCacheShaders/4d/a9/fd2ee9b7b92f19a312ffa7398849352b84b6.udd" 7383
"C:/Users/varghesechac/AppData/Local/UnrealEngine/Common/DerivedDataCache/Buckets/FShaderJobCacheShaders/30/18/eb26037bb14e943a111d9778be3d7c7713a8.udd" 7384
"C:/Users/varghesechac/AppData/Local/UnrealEngine/Common/DerivedDataCache/Buckets/FShaderJobCacheShaders/4a/50/ae519ad42183ff3f0f0c93f699837ddfcaab.udd" 7385
"C:/Users/varghesechac/AppData/Local/UnrealEngine/Common/DerivedDataCache/Buckets/FShaderJobCacheShaders/05/3c/d5e120b7a1dcdf7e74811c6b1459c3029c3b.udd" 7386
"C:/Users/varghesechac/AppData/Local/UnrealEngine/Common/DerivedDataCache/Buckets/FShaderJobCacheShaders/fa/6a/23cf2b04f764a716a2a8989e7b0d7e1ec1f9.udd" 7387
"C:/Users/varghesechac/AppData/Local/UnrealEngine/Common/DerivedDataCache/Buckets/FShaderJobCacheShaders/ae/77/b620273d6404d1822cd5de6604b14c029b92.udd" 7388
"C:/Users/varghesechac/AppData/Local/UnrealEngine/Common/DerivedDataCache/Buckets/FShaderJobCacheShaders/2a/fd/2ba34c43bfb4c0c28f50a390ca9cf268f527.udd" 7389
"C:/Users/varghesechac/AppData/Local/UnrealEngine/Common/DerivedDataCache/Buckets/FShaderJobCacheShaders/d4/7f/0aab529000a0b732c606335c1c2bb53d6d74.udd" 7390
"C:/Users/varghesechac/AppData/Local/UnrealEngine/Common/DerivedDataCache/Buckets/FShaderJobCacheShaders/e3/97/c78577d7e62db8e72e35e3d6c44bf31d78e9.udd" 7391
"C:/Users/varghesechac/AppData/Local/UnrealEngine/Common/DerivedDataCache/Buckets/FShaderJobCacheShaders/d4/35/91401f3616f12fb6e5a1cdd97ecceb071861.udd" 7392
"C:/Users/varghesechac/AppData/Local/UnrealEngine/Common/DerivedDataCache/Buckets/FShaderJobCacheShaders/f2/7f/7308247879af5e15b693ee5fd48323587a49.udd" 7393
"C:/Users/varghesechac/AppData/Local/UnrealEngine/Common/DerivedDataCache/Buckets/FShaderJobCacheShaders/11/03/41d24f39dc447a210bb83fdfb5684361121e.udd" 7394
"C:/Users/varghesechac/AppData/Local/UnrealEngine/Common/DerivedDataCache/Buckets/FShaderJobCacheShaders/d2/2b/6fbaec5da46025d041c5354d161226b4db49.udd" 7395
"C:/Users/varghesechac/AppData/Local/UnrealEngine/Common/DerivedDataCache/Buckets/FShaderJobCacheShaders/73/09/681ba5742ee9e07076ea5d42dd8239447e46.udd" 7396
"C:/Users/varghesechac/AppData/Local/UnrealEngine/Common/DerivedDataCache/Buckets/FShaderJobCacheShaders/49/b6/2b2abff5c43f7edae1d08da6e0560a72f6c5.udd" 7397
"C:/Users/varghesechac/AppData/Local/UnrealEngine/Common/DerivedDataCache/Buckets/FShaderJobCacheShaders/ba/82/558deb8722ced139c6060225c77f8a1a4226.udd" 7398
"C:/Users/varghesechac/AppData/Local/UnrealEngine/Common/DerivedDataCache/Buckets/FShaderJobCacheShaders/0f/17/cbe23748004bd662c248f25ee44ba8710ce3.udd" 7399
"C:/Users/varghesechac/AppData/Local/UnrealEngine/Common/DerivedDataCache/Buckets/FShaderJobCacheShaders/11/71/f41e360b425e76f79805c380374907ddfa7a.udd" 7400
"C:/Users/varghesechac/AppData/Local/UnrealEngine/Common/DerivedDataCache/Buckets/FShaderJobCacheShaders/a7/c6/833b341cb28b022c44d839035cf6e62ab65f.udd" 7401
"C:/Users/varghesechac/AppData/Local/UnrealEngine/Common/DerivedDataCache/Buckets/FShaderJobCacheShaders/51/3f/9e1ef0c4d2530cc8bf923370b9e7d8ac4419.udd" 7402
"C:/Users/varghesechac/AppData/Local/UnrealEngine/Common/DerivedDataCache/Buckets/FShaderJobCacheShaders/cf/16/77f7360808a015dfb09d77ab93652c4a2907.udd" 7403
"C:/Users/varghesechac/AppData/Local/UnrealEngine/Common/DerivedDataCache/Buckets/FShaderJobCacheShaders/e3/6f/09ea2ab32186a1ca264ea2755bbb5150eab7.udd" 7404
"C:/Users/varghesechac/AppData/Local/UnrealEngine/Common/DerivedDataCache/Buckets/FShaderJobCacheShaders/d8/df/5db20c98ad6749e334d4539bf4c4efa85bc7.udd" 7405
"C:/Users/varghesechac/AppData/Local/UnrealEngine/Common/DerivedDataCache/Buckets/FShaderJobCacheShaders/79/49/3efd38e9a170a3b2d65ed5536dbe3f6b9d53.udd" 7406
"C:/Users/varghesechac/AppData/Local/UnrealEngine/Common/DerivedDataCache/Buckets/FShaderJobCacheShaders/a5/7c/da756009ccde1e8afd9084a76c345a0e28df.udd" 7407
"C:/Users/varghesechac/AppData/Local/UnrealEngine/Common/DerivedDataCache/Buckets/FShaderJobCacheShaders/db/61/9a13fc5ba230af7d7f5e6d38afc45839f9f7.udd" 7408
"C:/Users/varghesechac/AppData/Local/UnrealEngine/Common/DerivedDataCache/Buckets/FShaderJobCacheShaders/64/be/1d4aa91576b5df96e8f8f8b357442a2b8a5f.udd" 7409
"C:/Users/varghesechac/AppData/Local/UnrealEngine/Common/DerivedDataCache/Buckets/FShaderJobCacheShaders/42/ac/3d259ad2665fb1201ae2f5bbf5846fc443dd.udd" 7410
"C:/Users/varghesechac/AppData/Local/UnrealEngine/Common/DerivedDataCache/Buckets/FShaderJobCacheShaders/95/8d/64b4ceb87b4aadf71eaf67a129c68bbadebd.udd" 7411
"C:/Users/varghesechac/AppData/Local/UnrealEngine/Common/DerivedDataCache/Buckets/FShaderJobCacheShaders/15/af/0c939b4ff07497e2a3c699bc78b606efcdcd.udd" 7412
"C:/Users/varghesechac/AppData/Local/UnrealEngine/Common/DerivedDataCache/Buckets/FShaderJobCacheShaders/50/5c/ecba0e791b466a3ee89bff912cc1fd03ed5e.udd" 7413
"C:/Users/varghesechac/AppData/Local/UnrealEngine/Common/DerivedDataCache/Buckets/FShaderJobCacheShaders/ac/b8/17e89cfe154ba6372799e9a6667d4c9a229f.udd" 7414
"C:/Users/varghesechac/AppData/Local/UnrealEngine/Common/DerivedDataCache/Buckets/FShaderJobCacheShaders/1e/09/4b276807cc9a05a68d5350a4dd0019f0d10d.udd" 7415
"C:/Users/varghesechac/AppData/Local/UnrealEngine/Common/DerivedDataCache/Buckets/FShaderJobCacheShaders/84/3b/7435435afa7b6dddf0dcfed06bc42ce6501e.udd" 7416
"C:/Users/varghesechac/AppData/Local/UnrealEngine/Common/DerivedDataCache/Buckets/FShaderJobCacheShaders/79/ee/bafc625494c19f54d5f2347b9b365f7ffe71.udd" 7417
"C:/Users/varghesechac/AppData/Local/UnrealEngine/Common/DerivedDataCache/Buckets/FShaderJobCacheShaders/b2/b6/01daf5ea0ce3873635d699c23c8876842367.udd" 7418
"C:/Users/varghesechac/AppData/Local/UnrealEngine/Common/DerivedDataCache/Buckets/FShaderJobCacheShaders/8f/3b/7b9ff5bc746566f69b3363a6710d4ce7fd60.udd" 7419
"C:/Users/varghesechac/AppData/Local/UnrealEngine/Common/DerivedDataCache/Buckets/FShaderJobCacheShaders/70/e1/6f7a6942c2783f48beab1fa0615ea5cb2ce9.udd" 7420
"C:/Users/varghesechac/AppData/Local/UnrealEngine/Common/DerivedDataCache/Buckets/FShaderJobCacheShaders/6b/c3/abcb2e25a1c8cee24ad16b5da7934fc07938.udd" 7421
"C:/Users/varghesechac/AppData/Local/UnrealEngine/Common/DerivedDataCache/Buckets/FShaderJobCacheShaders/57/42/3c3123d7428e8cf38ddd4704973826437ea6.udd" 7422
"C:/Users/varghesechac/AppData/Local/UnrealEngine/Common/DerivedDataCache/Buckets/FShaderJobCacheShaders/4a/3a/06b0767d422939bdbbfb41552b819d2db7ef.udd" 7423
"C:/Users/varghesechac/AppData/Local/UnrealEngine/Common/DerivedDataCache/Buckets/FShaderJobCacheShaders/c2/5e/64e338765779c5e6eb727fa81b7325fd5080.udd" 7424
"C:/Users/varghesechac/AppData/Local/UnrealEngine/Common/DerivedDataCache/Buckets/FShaderJobCacheShaders/b5/f6/d742cceb64f9c9bab39119be13c4a356b27c.udd" 7425
"C:/Users/varghesechac/AppData/Local/UnrealEngine/Common/DerivedDataCache/Buckets/FShaderJobCacheShaders/dc/b5/5709eef57225053dc532548ac06820ec1e98.udd" 7426
"C:/Users/varghesechac/AppData/Local/UnrealEngine/Common/DerivedDataCache/Buckets/FShaderJobCacheShaders/83/98/359df64a2cd4abcc1d1cbfe2c2ea7ede128f.udd" 7427
"C:/Users/varghesechac/AppData/Local/UnrealEngine/Common/DerivedDataCache/Buckets/FShaderJobCacheShaders/51/27/3900507987da353bbabd6c0aca81242cbc6a.udd" 7428
"C:/Users/varghesechac/AppData/Local/UnrealEngine/Common/DerivedDataCache/Buckets/FShaderJobCacheShaders/56/a0/6addac83e45a649df56dc7abec42ca6fcdf7.udd" 7429
"C:/Users/varghesechac/AppData/Local/UnrealEngine/Common/DerivedDataCache/Buckets/FShaderJobCacheShaders/de/89/1ab320d1b8eb3e41e81a55c7bcac7c5f6e5d.udd" 7430
"C:/Users/varghesechac/AppData/Local/UnrealEngine/Common/DerivedDataCache/Buckets/FShaderJobCacheShaders/fc/5a/7420886870a1cf697827f66f1dd26980cfbf.udd" 7431
"C:/Users/varghesechac/AppData/Local/UnrealEngine/Common/DerivedDataCache/Buckets/FShaderJobCacheShaders/1a/d8/ecec8a8ce42176adb4e7713888c0acb9d9d2.udd" 7432
"C:/Users/varghesechac/AppData/Local/UnrealEngine/Common/DerivedDataCache/Buckets/FShaderJobCacheShaders/0d/2a/de8283ee02f70c5588bbc55c899a9f2671d2.udd" 7433
"C:/Users/varghesechac/AppData/Local/UnrealEngine/Common/DerivedDataCache/Buckets/FShaderJobCacheShaders/98/39/a5195be6b2a1877c4880e2ffe3d6d223763d.udd" 7434
"C:/Users/varghesechac/AppData/Local/UnrealEngine/Common/DerivedDataCache/Buckets/FShaderJobCacheShaders/e3/a3/0caddb186955730cb6d4447a6ef67cd10587.udd" 7435
"C:/Users/varghesechac/AppData/Local/UnrealEngine/Common/DerivedDataCache/Buckets/FShaderJobCacheShaders/c3/aa/21ae1a2d528c7152c865595458a849b14f35.udd" 7436
"C:/Users/varghesechac/AppData/Local/UnrealEngine/Common/DerivedDataCache/Buckets/FShaderJobCacheShaders/40/f8/2c911546656ddf90c2c530aa64d2d16226c6.udd" 7437
"C:/Users/varghesechac/AppData/Local/UnrealEngine/Common/DerivedDataCache/Buckets/FShaderJobCacheShaders/f7/f1/27564656f8574ae5ffeda1fb3d3cdb770862.udd" 7438
"C:/Users/varghesechac/AppData/Local/UnrealEngine/Common/DerivedDataCache/Buckets/FShaderJobCacheShaders/0a/b0/9866dd3dfdb7d73e37673f8d391f2bb000bd.udd" 7439
"C:/Users/varghesechac/AppData/Local/UnrealEngine/Common/DerivedDataCache/Buckets/FShaderJobCacheShaders/ff/58/81292282e594958b64daad5653a902d6cf42.udd" 7440
"C:/Users/varghesechac/AppData/Local/UnrealEngine/Common/DerivedDataCache/Buckets/FShaderJobCacheShaders/69/f3/60ad501e0f61bc52e95e3fc55bdcbd30a7ea.udd" 7441
"C:/Users/varghesechac/AppData/Local/UnrealEngine/Common/DerivedDataCache/Buckets/FShaderJobCacheShaders/60/e8/07f7cd5877f705d84ad2eaebb510ee3a228c.udd" 7442
"C:/Users/varghesechac/AppData/Local/UnrealEngine/Common/DerivedDataCache/Buckets/FShaderJobCacheShaders/f7/84/52e026577b2c638d6037831e67b0503b831b.udd" 7443
"C:/Users/varghesechac/AppData/Local/UnrealEngine/Common/DerivedDataCache/Buckets/FShaderJobCacheShaders/18/37/15dce3aac29db937274e13cbd73c2413a622.udd" 7444
"C:/Users/varghesechac/AppData/Local/UnrealEngine/Common/DerivedDataCache/Buckets/FShaderJobCacheShaders/85/fc/66094f986dbea2f309b0cc4bbb533a7e0b6d.udd" 7445
"C:/Users/varghesechac/AppData/Local/UnrealEngine/Common/DerivedDataCache/Buckets/FShaderJobCacheShaders/6d/2f/ccea192b580db7bf0eb78eb473ed7baef297.udd" 7446
"C:/Users/varghesechac/AppData/Local/UnrealEngine/Common/DerivedDataCache/Buckets/FShaderJobCacheShaders/f2/9a/079919371faec88718007d39ac921132e68d.udd" 7447
"C:/Users/varghesechac/AppData/Local/UnrealEngine/Common/DerivedDataCache/Buckets/FShaderJobCacheShaders/76/2f/d23858e5faa026272b6b7763dfc2404b0253.udd" 7448
"C:/Users/varghesechac/AppData/Local/UnrealEngine/Common/DerivedDataCache/Buckets/FShaderJobCacheShaders/8a/3c/a94817068932b1e1e2997c729fab8d2b8920.udd" 7449
"C:/Users/varghesechac/AppData/Local/UnrealEngine/Common/DerivedDataCache/Buckets/FShaderJobCacheShaders/48/97/c09ef459801121494e2b74d3ebde51b6ede6.udd" 7450
"C:/Users/varghesechac/AppData/Local/UnrealEngine/Common/DerivedDataCache/Buckets/FShaderJobCacheShaders/33/bc/337b8edbd0ed7f740a088e27eca20d75e38f.udd" 7451
"C:/Users/varghesechac/AppData/Local/UnrealEngine/Common/DerivedDataCache/Buckets/FShaderJobCacheShaders/2e/c0/3a1640e91df99ef3329421ea94c712a21311.udd" 7452
"C:/Users/varghesechac/AppData/Local/UnrealEngine/Common/DerivedDataCache/Buckets/FShaderJobCacheShaders/73/3f/eab39c88247b6d68f9fc81d0a794b8a44d74.udd" 7453
"C:/Users/varghesechac/AppData/Local/UnrealEngine/Common/DerivedDataCache/Buckets/FShaderJobCacheShaders/b7/ff/8c1e67ce645f355145a5dcec42ef30e47b93.udd" 7454
"C:/Users/varghesechac/AppData/Local/UnrealEngine/Common/DerivedDataCache/Buckets/FShaderJobCacheShaders/77/67/83c7967e943a8f635b250c9d767943447c81.udd" 7455
"C:/Users/varghesechac/AppData/Local/UnrealEngine/Common/DerivedDataCache/Buckets/FShaderJobCacheShaders/73/4f/e98b6993965ce329dc7904f5dce703d471fe.udd" 7456
"C:/Users/varghesechac/AppData/Local/UnrealEngine/Common/DerivedDataCache/Buckets/FShaderJobCacheShaders/19/0b/aaaa01452fa7b30022ac9b23550e38beddec.udd" 7457
"C:/Users/varghesechac/AppData/Local/UnrealEngine/Common/DerivedDataCache/Buckets/FShaderJobCacheShaders/02/af/86542a699fdcb5d504efacdcf3215e4e23e3.udd" 7458
"C:/Users/varghesechac/AppData/Local/UnrealEngine/Common/DerivedDataCache/Buckets/FShaderJobCacheShaders/00/31/9325f5ac999734ef936a26a0dedda1ecf610.udd" 7459
"C:/Users/varghesechac/AppData/Local/UnrealEngine/Common/DerivedDataCache/Buckets/FShaderJobCacheShaders/ff/39/17b8bca1d1c2958c35b772fc180661f72577.udd" 7460
"C:/Users/varghesechac/AppData/Local/UnrealEngine/Common/DerivedDataCache/Buckets/FShaderJobCacheShaders/cf/f8/75233225f78d9e7d10c615933cd94f932edf.udd" 7461
"C:/Users/varghesechac/AppData/Local/UnrealEngine/Common/DerivedDataCache/Buckets/FShaderJobCacheShaders/95/9f/db74136119e5835825e67c81eb6528c66ebb.udd" 7462
"C:/Users/varghesechac/AppData/Local/UnrealEngine/Common/DerivedDataCache/Buckets/FShaderJobCacheShaders/1c/43/4673245717c0c148165a7d2baade2ee481b2.udd" 7463
"C:/Users/varghesechac/AppData/Local/UnrealEngine/Common/DerivedDataCache/Buckets/FShaderJobCacheShaders/25/65/bdc3cab7efcbb5be594bbe5c4bf88bbede7a.udd" 7464
"C:/Users/varghesechac/AppData/Local/UnrealEngine/Common/DerivedDataCache/Buckets/FShaderJobCacheShaders/46/6f/6ab6988c1755c0a6cb8738418ee2787692ea.udd" 7465
"C:/Users/varghesechac/AppData/Local/UnrealEngine/Common/DerivedDataCache/Buckets/FShaderJobCacheShaders/bf/1c/fcedf47d4d7ee6b12b66ea2d9419365289f5.udd" 7466
"C:/Users/varghesechac/AppData/Local/UnrealEngine/Common/DerivedDataCache/Buckets/FShaderJobCacheShaders/1b/46/ae6f7968c620a479ab62427d4bd9cb83e486.udd" 7467
"C:/Users/varghesechac/AppData/Local/UnrealEngine/Common/DerivedDataCache/Buckets/FShaderJobCacheShaders/d4/a2/727b4c75d68661ecb5938ecfee7ef3eb21c2.udd" 7468
"C:/Users/varghesechac/AppData/Local/UnrealEngine/Common/DerivedDataCache/Buckets/FShaderJobCacheShaders/6d/77/c2fc2e975d46b6049d34a3d18ca705fe8120.udd" 7469
"C:/Users/varghesechac/AppData/Local/UnrealEngine/Common/DerivedDataCache/Buckets/FShaderJobCacheShaders/c8/1f/b3b0b73ee1e8171063aa03791b319a9188d0.udd" 7470
"C:/Users/varghesechac/AppData/Local/UnrealEngine/Common/DerivedDataCache/Buckets/FShaderJobCacheShaders/d6/94/2fc00405b5a6e1fc81476ec42e89f58c16af.udd" 7471
"C:/Users/varghesechac/AppData/Local/UnrealEngine/Common/DerivedDataCache/Buckets/FShaderJobCacheShaders/36/93/555003cb1508bf153374941078b4eee4a118.udd" 7472
"C:/Users/varghesechac/AppData/Local/UnrealEngine/Common/DerivedDataCache/Buckets/FShaderJobCacheShaders/8c/88/a729b821f3759a3a0c54c2bc5cd6681281ba.udd" 7473
"C:/Users/varghesechac/AppData/Local/UnrealEngine/Common/DerivedDataCache/Buckets/FShaderJobCacheShaders/7a/f6/55dbfa9fdb0ea8e135ebc6197ef5692b8bbf.udd" 7474
"C:/Users/varghesechac/AppData/Local/UnrealEngine/Common/DerivedDataCache/Buckets/FShaderJobCacheShaders/36/01/35e1098818a37a0c859396872e25b62d85fe.udd" 7475
"C:/Users/varghesechac/AppData/Local/UnrealEngine/Common/DerivedDataCache/Buckets/FShaderJobCacheShaders/b1/be/50f5658ec8f33e2e6c78b6fa25d6c6226708.udd" 7476
"C:/Users/varghesechac/AppData/Local/UnrealEngine/Common/DerivedDataCache/Buckets/FShaderJobCacheShaders/92/89/511649b55b59eda3e8391958a6fad8459928.udd" 7477
"C:/Users/varghesechac/AppData/Local/UnrealEngine/Common/DerivedDataCache/Buckets/FShaderJobCacheShaders/98/a2/54745e91dfda2db93fe0e70f40cea0c0a254.udd" 7478
"C:/Users/varghesechac/AppData/Local/UnrealEngine/Common/DerivedDataCache/Buckets/FShaderJobCacheShaders/7a/83/45965ccf8f5a064f5b55f2c21e9773ba47a4.udd" 7479
"C:/Users/varghesechac/AppData/Local/UnrealEngine/Common/DerivedDataCache/Buckets/FShaderJobCacheShaders/0d/39/7e5251373f0233ad76acde87465ad66a9202.udd" 7480
"C:/Users/varghesechac/AppData/Local/UnrealEngine/Common/DerivedDataCache/Buckets/FShaderJobCacheShaders/f3/3f/1550164e09ce1358b00cac863a74767e44cf.udd" 7481
"C:/Users/varghesechac/AppData/Local/UnrealEngine/Common/DerivedDataCache/Buckets/FShaderJobCacheShaders/cc/d1/b1f3c42e3d4255b1870beb0aa77fcc8ee8e5.udd" 7482
"C:/Users/varghesechac/AppData/Local/UnrealEngine/Common/DerivedDataCache/Buckets/FShaderJobCacheShaders/41/e6/b23c534c64b1c8090513503025495b3635bd.udd" 7483
"C:/Users/varghesechac/AppData/Local/UnrealEngine/Common/DerivedDataCache/Buckets/FShaderJobCacheShaders/66/19/a955bc259d9c4867d693751bbe8c1e35bcbb.udd" 7484
"C:/Users/varghesechac/AppData/Local/UnrealEngine/Common/DerivedDataCache/Buckets/FShaderJobCacheShaders/8f/62/6d9dad6a7a466b7a62f35b228429ce3959ce.udd" 7485
"C:/Users/varghesechac/AppData/Local/UnrealEngine/Common/DerivedDataCache/Buckets/FShaderJobCacheShaders/66/a1/9fe2f150be3865618c22d3cdeb161e9908f6.udd" 7486
"C:/Users/varghesechac/AppData/Local/UnrealEngine/Common/DerivedDataCache/Buckets/FShaderJobCacheShaders/f1/f2/8e11d6fac8b66085b306522ecf373b67c5a2.udd" 7487
"C:/Users/varghesechac/AppData/Local/UnrealEngine/Common/DerivedDataCache/Buckets/FShaderJobCacheShaders/3a/cf/9efaa13c99323863e455c2719270893b7835.udd" 7488
"C:/Users/varghesechac/AppData/Local/UnrealEngine/Common/DerivedDataCache/Buckets/FShaderJobCacheShaders/a4/89/280ef1875ecaffd36d7ebb2de919dd1b9102.udd" 7489
"C:/Users/varghesechac/AppData/Local/UnrealEngine/Common/DerivedDataCache/Buckets/FShaderJobCacheShaders/c1/db/5635d27a7b10dc496ba3b078174d7702087f.udd" 7490
"C:/Users/varghesechac/AppData/Local/UnrealEngine/Common/DerivedDataCache/Buckets/FShaderJobCacheShaders/68/39/c4ebd034fd5bd3feb6461c9ec94a6b9b2526.udd" 7491
"C:/Users/varghesechac/AppData/Local/UnrealEngine/Common/DerivedDataCache/Buckets/FShaderJobCacheShaders/64/b2/e44bbbb85201b698034741b071e00328a7bf.udd" 7492
"C:/Users/varghesechac/AppData/Local/UnrealEngine/Common/DerivedDataCache/Buckets/FShaderJobCacheShaders/d2/a3/b3a9982b96a42e8ac0b38f634fad9fa6f1e0.udd" 7493
"C:/Users/varghesechac/AppData/Local/UnrealEngine/Common/DerivedDataCache/Buckets/FShaderJobCacheShaders/eb/07/d70d598c91d04f4650de5f3a9aee2f85a9cb.udd" 7494
"C:/Users/varghesechac/AppData/Local/UnrealEngine/Common/DerivedDataCache/Buckets/FShaderJobCacheShaders/af/b8/1db4549f45f0343fc91433399db245650d9a.udd" 7495
"C:/Users/varghesechac/AppData/Local/UnrealEngine/Common/DerivedDataCache/Buckets/FShaderJobCacheShaders/cc/02/e4d7515d2250e7f606892efab053e8f2dd24.udd" 7496
"C:/Users/varghesechac/AppData/Local/UnrealEngine/Common/DerivedDataCache/Buckets/FShaderJobCacheShaders/b8/ad/ca72c3a05bfc61095559c7ff1fcaece4038f.udd" 7497
"C:/Users/varghesechac/AppData/Local/UnrealEngine/Common/DerivedDataCache/Buckets/FShaderJobCacheShaders/6d/a9/7ab07173a396de8157812a518d8a8f09d8c0.udd" 7498
"C:/Users/varghesechac/AppData/Local/UnrealEngine/Common/DerivedDataCache/Buckets/FShaderJobCacheShaders/65/d2/0ab619796fc8d825e1954a03dd81a664aeb9.udd" 7499
"C:/Users/varghesechac/AppData/Local/UnrealEngine/Common/DerivedDataCache/Buckets/FShaderJobCacheShaders/11/84/c8690cf720f00c1570f7c43227385c7067c7.udd" 7500
"C:/Users/varghesechac/AppData/Local/UnrealEngine/Common/DerivedDataCache/Buckets/FShaderJobCacheShaders/d8/e0/3d0295ba5c0da82f19110f74ca476854cace.udd" 7501
"C:/Users/varghesechac/AppData/Local/UnrealEngine/Common/DerivedDataCache/Buckets/FShaderJobCacheShaders/09/f7/c39da36f0fe7fb18c9eccf80593065136b4b.udd" 7502
"C:/Users/varghesechac/AppData/Local/UnrealEngine/Common/DerivedDataCache/Buckets/FShaderJobCacheShaders/bb/e2/6e167e789a773b2a4e0a0251cbd273de75ba.udd" 7503
"C:/Users/varghesechac/AppData/Local/UnrealEngine/Common/DerivedDataCache/Buckets/FShaderJobCacheShaders/86/8a/d0803608aaecd756804f8db349a5aecc2d97.udd" 7504
"C:/Users/varghesechac/AppData/Local/UnrealEngine/Common/DerivedDataCache/Buckets/FShaderJobCacheShaders/9c/67/a39a36f8a968e4558eea9cc86dd60e337cf0.udd" 7505
"C:/Users/varghesechac/AppData/Local/UnrealEngine/Common/DerivedDataCache/Buckets/FShaderJobCacheShaders/63/fc/23e619fce2baf5a102a5f81808372dca4f51.udd" 7506
"C:/Users/varghesechac/AppData/Local/UnrealEngine/Common/DerivedDataCache/Buckets/FShaderJobCacheShaders/dc/c9/3080e35b595c535c01de7e5456674f45bd28.udd" 7507
"C:/Users/varghesechac/AppData/Local/UnrealEngine/Common/DerivedDataCache/Buckets/FShaderJobCacheShaders/8c/bf/9728c7440d1b502eb67d744cf3008e2e6306.udd" 7508
"C:/Users/varghesechac/AppData/Local/UnrealEngine/Common/DerivedDataCache/Buckets/FShaderJobCacheShaders/31/93/e7d8f27e26894b64861a884f1a3c1488ae44.udd" 7509
"C:/Users/varghesechac/AppData/Local/UnrealEngine/Common/DerivedDataCache/Buckets/FShaderJobCacheShaders/68/24/a21a26969b66bef1f29e1f4b6582d8d8d7b2.udd" 7510
"C:/Users/varghesechac/AppData/Local/UnrealEngine/Common/DerivedDataCache/Buckets/FShaderJobCacheShaders/ee/b9/e0114648448a9a93182d600345b48cc5672e.udd" 7511
"C:/Users/varghesechac/AppData/Local/UnrealEngine/Common/DerivedDataCache/Buckets/FShaderJobCacheShaders/32/a8/0b37e366e50f05d1f6290f09672e1c519086.udd" 7512
"C:/Users/varghesechac/AppData/Local/UnrealEngine/Common/DerivedDataCache/Buckets/FShaderJobCacheShaders/25/14/1af4c88071cd20568270d99152efdfe83054.udd" 7513
"C:/Users/varghesechac/AppData/Local/UnrealEngine/Common/DerivedDataCache/Buckets/FShaderJobCacheShaders/24/86/5a48aa5f6692eca653e5ae3984ef9108a539.udd" 7514
"C:/Users/varghesechac/AppData/Local/UnrealEngine/Common/DerivedDataCache/Buckets/FShaderJobCacheShaders/80/71/3596b58cae2bd1663c1e45aab97441199cb0.udd" 7515
"C:/Users/varghesechac/AppData/Local/UnrealEngine/Common/DerivedDataCache/Buckets/FShaderJobCacheShaders/75/c5/558aa5e0ece623b25fe83180b8f0ab3fa1c2.udd" 7516
"C:/Users/varghesechac/AppData/Local/UnrealEngine/Common/DerivedDataCache/Buckets/FShaderJobCacheShaders/c1/5a/71dc28afb2e41fffda03c90a17c757614b61.udd" 7517
"C:/Users/varghesechac/AppData/Local/UnrealEngine/Common/DerivedDataCache/Buckets/FShaderJobCacheShaders/61/52/304ec346cc38cec132f302fe7a497a0f75ff.udd" 7518
"C:/Users/varghesechac/AppData/Local/UnrealEngine/Common/DerivedDataCache/Buckets/FShaderJobCacheShaders/7f/6c/439592c2750e3eb0ee41ca0155d31abb8a90.udd" 7519
"C:/Users/varghesechac/AppData/Local/UnrealEngine/Common/DerivedDataCache/Buckets/FShaderJobCacheShaders/61/27/79a3df9571b33dfe0b58125f311ac30ddf7f.udd" 7520
"C:/Users/varghesechac/AppData/Local/UnrealEngine/Common/DerivedDataCache/Buckets/FShaderJobCacheShaders/b1/49/b6d52fb4d1b0b4d6bb4466b3b81b4edd98a3.udd" 7521
"C:/Users/varghesechac/AppData/Local/UnrealEngine/Common/DerivedDataCache/Buckets/FShaderJobCacheShaders/e2/93/e4b354164f70452bd8a92e43011c1043c0d8.udd" 7522
"C:/Users/varghesechac/AppData/Local/UnrealEngine/Common/DerivedDataCache/Buckets/FShaderJobCacheShaders/75/a1/4229a34ffd18054a0b9ec54d459aaf2c77c4.udd" 7523
"C:/Users/varghesechac/AppData/Local/UnrealEngine/Common/DerivedDataCache/Buckets/FShaderJobCacheShaders/7a/43/016a4f618912fa116da49a990f2797027e2d.udd" 7524
"C:/Users/varghesechac/AppData/Local/UnrealEngine/Common/DerivedDataCache/Buckets/FShaderJobCacheShaders/b9/5b/748cf247bfd932f917fa6d21b9b73e7814cc.udd" 7525
"C:/Users/varghesechac/AppData/Local/UnrealEngine/Common/DerivedDataCache/Buckets/FShaderJobCacheShaders/1c/44/18cca92fd9e4f2aacc3f168d8947365ccbf9.udd" 7526
"C:/Users/varghesechac/AppData/Local/UnrealEngine/Common/DerivedDataCache/Buckets/FShaderJobCacheShaders/ad/4f/b45f2ad9345aaa06f5928379c1ba78f83af0.udd" 7527
"C:/Users/varghesechac/AppData/Local/UnrealEngine/Common/DerivedDataCache/Buckets/FShaderJobCacheShaders/5d/cd/1012a9e84388863bfc9729662c7ce4405a7d.udd" 7528
"C:/Users/varghesechac/AppData/Local/UnrealEngine/Common/DerivedDataCache/Buckets/FShaderJobCacheShaders/0f/12/ea00b4181d52f852d6da87a0044cdb302144.udd" 7529
"C:/Users/varghesechac/AppData/Local/UnrealEngine/Common/DerivedDataCache/Buckets/FShaderJobCacheShaders/2f/c8/eff7b98ac025c8c0e8b69fd035d61f22ef9f.udd" 7530
"C:/Users/varghesechac/AppData/Local/UnrealEngine/Common/DerivedDataCache/Buckets/FShaderJobCacheShaders/4c/d2/d8d6dd1b7a5923294c18df24c0c653f36999.udd" 7531
"C:/Users/varghesechac/AppData/Local/UnrealEngine/Common/DerivedDataCache/Buckets/FShaderJobCacheShaders/2f/c5/db91d8e297f0dff1474128374347a496ee44.udd" 7532
"C:/Users/varghesechac/AppData/Local/UnrealEngine/Common/DerivedDataCache/Buckets/FShaderJobCacheShaders/03/ba/a47132e5ff7421f3f9c9c65ad6262ce402d8.udd" 7533
"C:/Users/varghesechac/AppData/Local/UnrealEngine/Common/DerivedDataCache/Buckets/FShaderJobCacheShaders/4e/51/1ddec3a2c2e7250443340cbf4b61f1254221.udd" 7534
"C:/Users/varghesechac/AppData/Local/UnrealEngine/Common/DerivedDataCache/Buckets/FShaderJobCacheShaders/ed/ac/33ce58970967c269f6181a48ec35ef2f2d48.udd" 7535
"C:/Users/varghesechac/AppData/Local/UnrealEngine/Common/DerivedDataCache/Buckets/FShaderJobCacheShaders/77/a0/1319d6a935b5c5153dba3b407690a82b81cd.udd" 7536
"C:/Users/varghesechac/AppData/Local/UnrealEngine/Common/DerivedDataCache/Buckets/FShaderJobCacheShaders/d0/a2/c0ef1be600ea544799a898a324babbcd6c9d.udd" 7537
"C:/Users/varghesechac/AppData/Local/UnrealEngine/Common/DerivedDataCache/Buckets/FShaderJobCacheShaders/0c/b3/cba4d4027268c70a5e4d52e4edc452e47942.udd" 7538
"C:/Users/varghesechac/AppData/Local/UnrealEngine/Common/DerivedDataCache/Buckets/FShaderJobCacheShaders/f5/bc/c057b5a5feb0263c1a62dbe3d075ba326183.udd" 7539
"C:/Users/varghesechac/AppData/Local/UnrealEngine/Common/DerivedDataCache/Buckets/FShaderJobCacheShaders/2f/69/84974588e3cbb96a7d186f4fec337fa34d03.udd" 7540
"C:/Users/varghesechac/AppData/Local/UnrealEngine/Common/DerivedDataCache/Buckets/FShaderJobCacheShaders/2e/1e/6b2291fe05c35ed47470f280d4845bf040e7.udd" 7541
"C:/Users/varghesechac/AppData/Local/UnrealEngine/Common/DerivedDataCache/Buckets/FShaderJobCacheShaders/bf/27/ba504339aa25c5bcd340e6f8600f886a475a.udd" 7542
"C:/Users/varghesechac/AppData/Local/UnrealEngine/Common/DerivedDataCache/Buckets/FShaderJobCacheShaders/25/74/b998893a625ebff12a821d6a95a358e88c15.udd" 7543
"C:/Users/varghesechac/AppData/Local/UnrealEngine/Common/DerivedDataCache/Buckets/FShaderJobCacheShaders/8f/0b/a2860a54d6d66395240c54f69cb550b18483.udd" 7544
"C:/Users/varghesechac/AppData/Local/UnrealEngine/Common/DerivedDataCache/Buckets/FShaderJobCacheShaders/c1/3f/f4f8b0b242210ecce4eee2a8537f092b7cff.udd" 7545
"C:/Users/varghesechac/AppData/Local/UnrealEngine/Common/DerivedDataCache/Buckets/FShaderJobCacheShaders/bd/32/d8739fcd272352626bc54e52b8bc2f51ed17.udd" 7546
"C:/Users/varghesechac/AppData/Local/UnrealEngine/Common/DerivedDataCache/Buckets/FShaderJobCacheShaders/1a/16/80016cd1bd0a37216783fc2fa048d2cca652.udd" 7547
"C:/Users/varghesechac/AppData/Local/UnrealEngine/Common/DerivedDataCache/Buckets/FShaderJobCacheShaders/ff/b6/7ed7359dcf881ceac1e1531dd095ea92869d.udd" 7548
"C:/Users/varghesechac/AppData/Local/UnrealEngine/Common/DerivedDataCache/Buckets/FShaderJobCacheShaders/87/b6/0608e730aef8e107faad52802235e335c8f5.udd" 7549
"C:/Users/varghesechac/AppData/Local/UnrealEngine/Common/DerivedDataCache/Buckets/FShaderJobCacheShaders/34/bd/266c05f56ac8483e2aad5926c577450af449.udd" 7550
"C:/Users/varghesechac/AppData/Local/UnrealEngine/Common/DerivedDataCache/Buckets/FShaderJobCacheShaders/e0/e7/26b924dbc3b90e43b7cf003c2c0f9af60480.udd" 7551
"C:/Users/varghesechac/AppData/Local/UnrealEngine/Common/DerivedDataCache/Buckets/FShaderJobCacheShaders/6d/85/8c9f3029752ac4c4cc76b5a040cc499edc9c.udd" 7552
"C:/Users/varghesechac/AppData/Local/UnrealEngine/Common/DerivedDataCache/Buckets/FShaderJobCacheShaders/39/44/0f8427908c048c8a61c25d2c895b164f04cd.udd" 7553
"C:/Users/varghesechac/AppData/Local/UnrealEngine/Common/DerivedDataCache/Buckets/FShaderJobCacheShaders/de/9b/7183f249cca69450bf06364c3f670c7fae3f.udd" 7554
"C:/Users/varghesechac/AppData/Local/UnrealEngine/Common/DerivedDataCache/Buckets/FShaderJobCacheShaders/30/d4/a5ad20ae399c36c8788c4a15beb31b3885e4.udd" 7555
"C:/Users/varghesechac/AppData/Local/UnrealEngine/Common/DerivedDataCache/Buckets/FShaderJobCacheShaders/44/0e/dc090d5232942fb085c1f9ce1b3b69cc0737.udd" 7556
"C:/Users/varghesechac/AppData/Local/UnrealEngine/Common/DerivedDataCache/Buckets/FShaderJobCacheShaders/a0/64/11134d6599cf175e64bd622f0679b5f6482b.udd" 7557
"C:/Users/varghesechac/AppData/Local/UnrealEngine/Common/DerivedDataCache/Buckets/FShaderJobCacheShaders/1d/cc/b03ea10dd38c303dc05fa68da5f648cd8938.udd" 7558
"C:/Users/varghesechac/AppData/Local/UnrealEngine/Common/DerivedDataCache/Buckets/FShaderJobCacheShaders/6f/99/515dfe6be5714c7b1f6eeec5581daf7fd972.udd" 7559
"C:/Users/varghesechac/AppData/Local/UnrealEngine/Common/DerivedDataCache/Buckets/FShaderJobCacheShaders/fe/15/53387c18480eec5d12a9eed30aa5c49e0f8c.udd" 7560
"C:/Users/varghesechac/AppData/Local/UnrealEngine/Common/DerivedDataCache/Buckets/FShaderJobCacheShaders/4a/a7/1301c6b0a5cac2dc41143faea4dcd5c79cd4.udd" 7561
"C:/Users/varghesechac/AppData/Local/UnrealEngine/Common/DerivedDataCache/Buckets/FShaderJobCacheShaders/5d/d6/537093a5a8f8fbcd2cf9b61d86daa44cf3d9.udd" 7562
"C:/Users/varghesechac/AppData/Local/UnrealEngine/Common/DerivedDataCache/Buckets/FShaderJobCacheShaders/63/0f/c3ba19fecd07fa62646af46997a33f31479e.udd" 7563
"C:/Users/varghesechac/AppData/Local/UnrealEngine/Common/DerivedDataCache/Buckets/FShaderJobCacheShaders/24/37/e1f591d3e0585a79c3d1966d9240203a78fe.udd" 7564
"C:/Users/varghesechac/AppData/Local/UnrealEngine/Common/DerivedDataCache/Buckets/FShaderJobCacheShaders/59/27/93c93509000c7b94a051382d0a39357b553c.udd" 7565
"C:/Users/varghesechac/AppData/Local/UnrealEngine/Common/DerivedDataCache/Buckets/FShaderJobCacheShaders/31/9c/d6b2be5f5c8d0ba09bdc6ffb0daf21350114.udd" 7566
"C:/Users/varghesechac/AppData/Local/UnrealEngine/Common/DerivedDataCache/Buckets/FShaderJobCacheShaders/61/77/6f3df47d2664ffad50824183cb586ddeec19.udd" 7567
"C:/Users/varghesechac/AppData/Local/UnrealEngine/Common/DerivedDataCache/Buckets/FShaderJobCacheShaders/3a/e6/070614f9697a2a57b8de1ce4377ad26a6792.udd" 7568
"C:/Users/varghesechac/AppData/Local/UnrealEngine/Common/DerivedDataCache/Buckets/FShaderJobCacheShaders/e5/51/88fc56b587b5c450e7a40172d86d195041d4.udd" 7569
"C:/Users/varghesechac/AppData/Local/UnrealEngine/Common/DerivedDataCache/Buckets/FShaderJobCacheShaders/67/30/569cef191080dfe343d7015f3799d1db6cca.udd" 7570
"C:/Users/varghesechac/AppData/Local/UnrealEngine/Common/DerivedDataCache/Buckets/FShaderJobCacheShaders/6d/ee/6c98281ed42772f479e056bd207c786aa6f7.udd" 7571
"C:/Users/varghesechac/AppData/Local/UnrealEngine/Common/DerivedDataCache/Buckets/FShaderJobCacheShaders/73/6f/ab50bf31d3dd5da749a7add41666f0e485ff.udd" 7572
"C:/Users/varghesechac/AppData/Local/UnrealEngine/Common/DerivedDataCache/Buckets/FShaderJobCacheShaders/54/77/e4647faab84f5a828b50200458ce1d06cfa6.udd" 7573
"C:/Users/varghesechac/AppData/Local/UnrealEngine/Common/DerivedDataCache/Buckets/FShaderJobCacheShaders/19/75/8647e90646ee7a3dbc29bcadafa1a18e716d.udd" 7574
"C:/Users/varghesechac/AppData/Local/UnrealEngine/Common/DerivedDataCache/Buckets/FShaderJobCacheShaders/3a/f4/a8bfc65f5ec1a59a4662d8de22a499050b33.udd" 7575
"C:/Users/varghesechac/AppData/Local/UnrealEngine/Common/DerivedDataCache/Buckets/FShaderJobCacheShaders/95/ff/20d14455f162f777f99c5495e0480a0a03a1.udd" 7576
"C:/Users/varghesechac/AppData/Local/UnrealEngine/Common/DerivedDataCache/Buckets/FShaderJobCacheShaders/9c/01/8a3c85fa3013600653ef96421aecce26cad2.udd" 7577
"C:/Users/varghesechac/AppData/Local/UnrealEngine/Common/DerivedDataCache/Buckets/FShaderJobCacheShaders/bd/39/468d7a30d8690def55bf394d4eb055bd9d3d.udd" 7578
"C:/Users/varghesechac/AppData/Local/UnrealEngine/Common/DerivedDataCache/Buckets/FShaderJobCacheShaders/ba/00/7d3f5728b34dc1e215e95717a91ee22ea0e9.udd" 7579
"C:/Users/varghesechac/AppData/Local/UnrealEngine/Common/DerivedDataCache/Buckets/FShaderJobCacheShaders/d2/38/5581c7221326147b044ec4e35eb051e45537.udd" 7580
"C:/Users/varghesechac/AppData/Local/UnrealEngine/Common/DerivedDataCache/Buckets/FShaderJobCacheShaders/82/6e/128c4f4c0e040ad32c6eb765afdf3dd2ac9b.udd" 7581
"C:/Users/varghesechac/AppData/Local/UnrealEngine/Common/DerivedDataCache/Buckets/FShaderJobCacheShaders/ac/a2/e7f6403a18c97dde4d5dcc1943415daef176.udd" 7582
"C:/Users/varghesechac/AppData/Local/UnrealEngine/Common/DerivedDataCache/Buckets/FShaderJobCacheShaders/fd/2d/14c6e5d0cef9ec6f78bc7c1ccd0d41ab85f9.udd" 7583
"C:/Users/varghesechac/AppData/Local/UnrealEngine/Common/DerivedDataCache/Buckets/FShaderJobCacheShaders/a6/b3/f58b82d0131b9776cd1a077c6748d9cd5256.udd" 7584
"C:/Users/varghesechac/AppData/Local/UnrealEngine/Common/DerivedDataCache/Buckets/FShaderJobCacheShaders/87/d5/745c7aa973e505e907466f2a1bd2d236ffda.udd" 7585
"C:/Users/varghesechac/AppData/Local/UnrealEngine/Common/DerivedDataCache/Buckets/FShaderJobCacheShaders/9f/a1/ab67d2a099f8a6e1ec9740119f062cf57c20.udd" 7586
"C:/Users/varghesechac/AppData/Local/UnrealEngine/Common/DerivedDataCache/Buckets/FShaderJobCacheShaders/75/74/58b0108bdd1d255c21b34fbe1a12e3ea37c5.udd" 7587
"C:/Users/varghesechac/AppData/Local/UnrealEngine/Common/DerivedDataCache/Buckets/FShaderJobCacheShaders/57/8b/a6c91a94153268007585e8f74bef516de577.udd" 7588
"C:/Users/varghesechac/AppData/Local/UnrealEngine/Common/DerivedDataCache/Buckets/FShaderJobCacheShaders/84/25/860717e1718e429227f0fd3c2157040df0cf.udd" 7589
"C:/Users/varghesechac/AppData/Local/UnrealEngine/Common/DerivedDataCache/Buckets/FShaderJobCacheShaders/f7/d8/c5e5d71136915d36c7382a69166a8e17c1c7.udd" 7590
"C:/Users/varghesechac/AppData/Local/UnrealEngine/Common/DerivedDataCache/Buckets/FShaderJobCacheShaders/11/c8/d8a4a75fc1ce8ddc90c6b818f69d9bd9a806.udd" 7591
"C:/Users/varghesechac/AppData/Local/UnrealEngine/Common/DerivedDataCache/Buckets/FShaderJobCacheShaders/1d/b2/94ac34ee5c2809ba401d69e78897ccc35207.udd" 7592
"C:/Users/varghesechac/AppData/Local/UnrealEngine/Common/DerivedDataCache/Buckets/FShaderJobCacheShaders/94/37/8a32ecb1f86a7c07bd5aef8b702e188452e4.udd" 7593
"C:/Users/varghesechac/AppData/Local/UnrealEngine/Common/DerivedDataCache/Buckets/FShaderJobCacheShaders/36/94/d3afd0dda85559acdc846bd6027e34e761c5.udd" 7594
"C:/Users/varghesechac/AppData/Local/UnrealEngine/Common/DerivedDataCache/Buckets/FShaderJobCacheShaders/2f/28/a3a2878299de8e5a0dbffe3a347ca67d6c15.udd" 7595
"C:/Users/varghesechac/AppData/Local/UnrealEngine/Common/DerivedDataCache/Buckets/FShaderJobCacheShaders/0a/71/fd22c05dfd0a946254c004f47cfd72554b1f.udd" 7596
"C:/Users/varghesechac/AppData/Local/UnrealEngine/Common/DerivedDataCache/Buckets/FShaderJobCacheShaders/43/39/ff13b4425324ee901ca4a779deef10310b68.udd" 7597
"C:/Users/varghesechac/AppData/Local/UnrealEngine/Common/DerivedDataCache/Buckets/FShaderJobCacheShaders/b6/02/8e244b071fb4b7f07f93130c3aa45a00494b.udd" 7598
"C:/Users/varghesechac/AppData/Local/UnrealEngine/Common/DerivedDataCache/Buckets/FShaderJobCacheShaders/42/2c/0c3544316c54b208672ba092190bcccfd211.udd" 7599
"C:/Users/varghesechac/AppData/Local/UnrealEngine/Common/DerivedDataCache/Buckets/FShaderJobCacheShaders/25/ce/713cf112679946042c9f79d385e9aa2064ac.udd" 7600
"C:/Users/varghesechac/AppData/Local/UnrealEngine/Common/DerivedDataCache/Buckets/FShaderJobCacheShaders/bf/df/f1c6f2923e34bcfe14c535fe7ca5687d5455.udd" 7601
"C:/Users/varghesechac/AppData/Local/UnrealEngine/Common/DerivedDataCache/Buckets/FShaderJobCacheShaders/6a/c7/68d7571f7eae523e4ae58aecd0169c76e37b.udd" 7602
"C:/Users/varghesechac/AppData/Local/UnrealEngine/Common/DerivedDataCache/Buckets/FShaderJobCacheShaders/eb/95/bee88d85ce5709bddbd9d9c33867ec800714.udd" 7603
"C:/Users/varghesechac/AppData/Local/UnrealEngine/Common/DerivedDataCache/Buckets/FShaderJobCacheShaders/97/a5/7ab52afd5438158c822f83e5112dbada7e96.udd" 7604
"C:/Users/varghesechac/AppData/Local/UnrealEngine/Common/DerivedDataCache/Buckets/FShaderJobCacheShaders/51/70/8484a7755b5df14bc81d4655842448be6bb1.udd" 7605
"C:/Users/varghesechac/AppData/Local/UnrealEngine/Common/DerivedDataCache/Buckets/FShaderJobCacheShaders/2e/c0/167d0b32f1ccafbac94b34b50c5b2cde0a47.udd" 7606
"C:/Users/varghesechac/AppData/Local/UnrealEngine/Common/DerivedDataCache/Buckets/FShaderJobCacheShaders/ad/b4/e2bac5dbbddc8dbb09a9145e3300d23ea547.udd" 7607
"C:/Users/varghesechac/AppData/Local/UnrealEngine/Common/DerivedDataCache/Buckets/FShaderJobCacheShaders/b1/c3/2dc4c13f902a34cb26f51143240555436d00.udd" 7608
"C:/Users/varghesechac/AppData/Local/UnrealEngine/Common/DerivedDataCache/Buckets/FShaderJobCacheShaders/d8/4e/182d729ed05759ba3a5eed23fd6bf756a8bc.udd" 7609
"C:/Users/varghesechac/AppData/Local/UnrealEngine/Common/DerivedDataCache/Buckets/FShaderJobCacheShaders/45/60/38f1355a671899c7526573c142f562d07da4.udd" 7610
"C:/Users/varghesechac/AppData/Local/UnrealEngine/Common/DerivedDataCache/Buckets/FShaderJobCacheShaders/6f/94/17cec7ed5e735630828b34662c0d33c50321.udd" 7611
"C:/Users/varghesechac/AppData/Local/UnrealEngine/Common/DerivedDataCache/Buckets/FShaderJobCacheShaders/4d/5b/815b12d95c7fc4301475b2151541cf7f022e.udd" 7612
"C:/Users/varghesechac/AppData/Local/UnrealEngine/Common/DerivedDataCache/Buckets/FShaderJobCacheShaders/fb/c4/90b13d70e123d48436867a7a949529eeadee.udd" 7613
"C:/Users/varghesechac/AppData/Local/UnrealEngine/Common/DerivedDataCache/Buckets/FShaderJobCacheShaders/48/46/4367f3f6a326dfce230bb9f29eb1e8d0c4ad.udd" 7614
"C:/Users/varghesechac/AppData/Local/UnrealEngine/Common/DerivedDataCache/Buckets/FShaderJobCacheShaders/9f/88/b2c75edae504c670a6d65555ed29d4558780.udd" 7615
"C:/Users/varghesechac/AppData/Local/UnrealEngine/Common/DerivedDataCache/Buckets/FShaderJobCacheShaders/dc/54/ff172cbc8c8996beaf2d7176358593754d98.udd" 7616
"C:/Users/varghesechac/AppData/Local/UnrealEngine/Common/DerivedDataCache/Buckets/FShaderJobCacheShaders/2c/88/b3b26a303552ddc9bc38cced26e160e58c04.udd" 7617
"C:/Users/varghesechac/AppData/Local/UnrealEngine/Common/DerivedDataCache/Buckets/FShaderJobCacheShaders/2f/ad/307895544ae637f05e921d539fe2c1be5dbf.udd" 7618
"C:/Users/varghesechac/AppData/Local/UnrealEngine/Common/DerivedDataCache/Buckets/FShaderJobCacheShaders/00/8a/421b96b36ab60ef451472b3405ad0ced09ea.udd" 7619
"C:/Users/varghesechac/AppData/Local/UnrealEngine/Common/DerivedDataCache/Buckets/FShaderJobCacheShaders/fe/0e/c2bc2ea7103fe0b06a9b813b823e92c085a9.udd" 7620
"C:/Users/varghesechac/AppData/Local/UnrealEngine/Common/DerivedDataCache/Buckets/FShaderJobCacheShaders/c8/4d/0fe418501b288e4c6c1e2a9b80c0edeca74d.udd" 7621
"C:/Users/varghesechac/AppData/Local/UnrealEngine/Common/DerivedDataCache/Buckets/FShaderJobCacheShaders/cb/12/af18fb9b79fdccd6756a913549c05dab8329.udd" 7622
"C:/Users/varghesechac/AppData/Local/UnrealEngine/Common/DerivedDataCache/Buckets/FShaderJobCacheShaders/d5/58/fdc555224b38b8a9ad080194240c2ac467cf.udd" 7623
"C:/Users/varghesechac/AppData/Local/UnrealEngine/Common/DerivedDataCache/Buckets/FShaderJobCacheShaders/f3/6b/c4772fa391248aeb2c96b4cf750595214eec.udd" 7624
"C:/Users/varghesechac/AppData/Local/UnrealEngine/Common/DerivedDataCache/Buckets/FShaderJobCacheShaders/93/33/f9c1f8437c28b487a37557df178b006465c7.udd" 7625
"C:/Users/varghesechac/AppData/Local/UnrealEngine/Common/DerivedDataCache/Buckets/FShaderJobCacheShaders/b5/e5/7e0522b2a9b6b0fc156a89a4eb63147bab26.udd" 7626
"C:/Users/varghesechac/AppData/Local/UnrealEngine/Common/DerivedDataCache/Buckets/FShaderJobCacheShaders/0c/52/bab6cbc5fc4c668abaa8ab7dcbd3091c8892.udd" 7627
"C:/Users/varghesechac/AppData/Local/UnrealEngine/Common/DerivedDataCache/Buckets/FShaderJobCacheShaders/19/c4/466b38bdad684b07df46d2a21b19143779e8.udd" 7628
"C:/Users/varghesechac/AppData/Local/UnrealEngine/Common/DerivedDataCache/Buckets/FShaderJobCacheShaders/01/39/d27b3fb615fe238f7a3064077fd1c45c3e56.udd" 7629
"C:/Users/varghesechac/AppData/Local/UnrealEngine/Common/DerivedDataCache/Buckets/FShaderJobCacheShaders/43/45/1a8e34cfa1f51bef816902b8ae36e9f9045c.udd" 7630
"C:/Users/varghesechac/AppData/Local/UnrealEngine/Common/DerivedDataCache/Buckets/FShaderJobCacheShaders/db/1d/c3af1385ba5922365f8b7b66c8da38e6013c.udd" 7631
"C:/Users/varghesechac/AppData/Local/UnrealEngine/Common/DerivedDataCache/Buckets/FShaderJobCacheShaders/bd/75/6fdf73a0ac47cd2a9c5ef7efb9c30105e41a.udd" 7632
"C:/Users/varghesechac/AppData/Local/UnrealEngine/Common/DerivedDataCache/Buckets/FShaderJobCacheShaders/13/c9/e0e3adf085ad12a33663d46320aff5a87245.udd" 7633
"C:/Users/varghesechac/AppData/Local/UnrealEngine/Common/DerivedDataCache/Buckets/FShaderJobCacheShaders/be/50/53d690ae705487be8dabaf7a21d5b6c1f400.udd" 7634
"C:/Users/varghesechac/AppData/Local/UnrealEngine/Common/DerivedDataCache/Buckets/FShaderJobCacheShaders/16/8f/24583a8b7b02c8ec9c96e7033aaad1d817b2.udd" 7635
"C:/Users/varghesechac/AppData/Local/UnrealEngine/Common/DerivedDataCache/Buckets/FShaderJobCacheShaders/e0/b6/71bbf0b653f3fcaf96191f27901cf64fedcf.udd" 7636
"C:/Users/varghesechac/AppData/Local/UnrealEngine/Common/DerivedDataCache/Buckets/FShaderJobCacheShaders/c2/0b/ccd765d6759183c4888db00e54a08074fc5d.udd" 7637
"C:/Users/varghesechac/AppData/Local/UnrealEngine/Common/DerivedDataCache/Buckets/FShaderJobCacheShaders/a7/07/090563d4cc26f1b508305f7509e5113119a5.udd" 7638
"C:/Users/varghesechac/AppData/Local/UnrealEngine/Common/DerivedDataCache/Buckets/FShaderJobCacheShaders/a8/7d/cc3008b34f8a0143eb2cbe0102a83f26fe0e.udd" 7639
"C:/Users/varghesechac/AppData/Local/UnrealEngine/Common/DerivedDataCache/Buckets/FShaderJobCacheShaders/25/67/cf185da119388a798d890075a02b5cb8a299.udd" 7640
"C:/Users/varghesechac/AppData/Local/UnrealEngine/Common/DerivedDataCache/Buckets/FShaderJobCacheShaders/c7/57/14ca5b53705e5273f6a31b98081b669c2446.udd" 7641
"C:/Users/varghesechac/AppData/Local/UnrealEngine/Common/DerivedDataCache/Buckets/FShaderJobCacheShaders/25/02/813efd2bce5ab97fecc197780001e980e05d.udd" 7642
"C:/Users/varghesechac/AppData/Local/UnrealEngine/Common/DerivedDataCache/Buckets/FShaderJobCacheShaders/6f/17/695649cbb4a0155cd5afddec15190ecb2542.udd" 7643
"C:/Users/varghesechac/AppData/Local/UnrealEngine/Common/DerivedDataCache/Buckets/FShaderJobCacheShaders/0d/d1/129935f8ae86f18bf0f506a6a9117de63c34.udd" 7644
"C:/Users/varghesechac/AppData/Local/UnrealEngine/Common/DerivedDataCache/Buckets/FShaderJobCacheShaders/3e/95/791405c61e82b6679ff71b5dd69885d5f12a.udd" 7645
"C:/Users/varghesechac/AppData/Local/UnrealEngine/Common/DerivedDataCache/Buckets/FShaderJobCacheShaders/d4/f8/6d3472ebeac198ed013559968c119eafcd99.udd" 7646
"C:/Users/varghesechac/AppData/Local/UnrealEngine/Common/DerivedDataCache/Buckets/FShaderJobCacheShaders/25/e3/3623187c83e5b91b45bff58e916ecf2d3cf6.udd" 7647
"C:/Users/varghesechac/AppData/Local/UnrealEngine/Common/DerivedDataCache/Buckets/FShaderJobCacheShaders/84/dc/ddf08a4271adc4ba1659d51844b653f03824.udd" 7648
"C:/Users/varghesechac/AppData/Local/UnrealEngine/Common/DerivedDataCache/Buckets/FShaderJobCacheShaders/35/cd/220b440b4fa301c48bf1e0ec6b7ff1ba2ad8.udd" 7649
"C:/Users/varghesechac/AppData/Local/UnrealEngine/Common/DerivedDataCache/Buckets/FShaderJobCacheShaders/3b/38/4405ac6e19fcd443324cc803af129800beb0.udd" 7650
"C:/Users/varghesechac/AppData/Local/UnrealEngine/Common/DerivedDataCache/Buckets/FShaderJobCacheShaders/1a/84/bae7ad7668e1cdee695c5bfabd231f62d106.udd" 7651
"C:/Users/varghesechac/AppData/Local/UnrealEngine/Common/DerivedDataCache/Buckets/FShaderJobCacheShaders/43/4c/38ea464f73500590f8b3229cb6d8ae7d6e6c.udd" 7652
"C:/Users/varghesechac/AppData/Local/UnrealEngine/Common/DerivedDataCache/Buckets/FShaderJobCacheShaders/b5/e1/b716259975613580624972057c640ec34ae7.udd" 7653
"C:/Users/varghesechac/AppData/Local/UnrealEngine/Common/DerivedDataCache/Buckets/FShaderJobCacheShaders/10/08/04a659823177e441ca6050dcf783e1dde016.udd" 7654
"C:/Users/varghesechac/AppData/Local/UnrealEngine/Common/DerivedDataCache/Buckets/FShaderJobCacheShaders/8b/db/5241a7f59035d1f0640472d40af7067b4909.udd" 7655
"C:/Users/varghesechac/AppData/Local/UnrealEngine/Common/DerivedDataCache/Buckets/FShaderJobCacheShaders/90/24/052dad65b8fc957c5237bc65731450812852.udd" 7656
"C:/Users/varghesechac/AppData/Local/UnrealEngine/Common/DerivedDataCache/Buckets/FShaderJobCacheShaders/20/83/64973d0a7f088f4d54919f2c0bc131127fd6.udd" 7657
"C:/Users/varghesechac/AppData/Local/UnrealEngine/Common/DerivedDataCache/Buckets/FShaderJobCacheShaders/78/9e/5254f1e7885846c624f78dfa25f015727512.udd" 7658
"C:/Users/varghesechac/AppData/Local/UnrealEngine/Common/DerivedDataCache/Buckets/FShaderJobCacheShaders/0c/76/30b72579a3ea85de07e7bc197cdfbb6e5f8c.udd" 7659
"C:/Users/varghesechac/AppData/Local/UnrealEngine/Common/DerivedDataCache/Buckets/FShaderJobCacheShaders/81/4b/f5fa00a67285ba1af2d68f7480f319436800.udd" 7660
"C:/Users/varghesechac/AppData/Local/UnrealEngine/Common/DerivedDataCache/Buckets/FShaderJobCacheShaders/34/6f/c5560ef77d683fe9d7e70c3acedd570f28af.udd" 7661
"C:/Users/varghesechac/AppData/Local/UnrealEngine/Common/DerivedDataCache/Buckets/FShaderJobCacheShaders/3a/70/18f918af8336bde6a6faa617763869f68a34.udd" 7662
"C:/Users/varghesechac/AppData/Local/UnrealEngine/Common/DerivedDataCache/Buckets/FShaderJobCacheShaders/26/22/db4ab19505b8dc02770cbed53cfe87c46e65.udd" 7663
"C:/Users/varghesechac/AppData/Local/UnrealEngine/Common/DerivedDataCache/Buckets/FShaderJobCacheShaders/e9/21/b76bea2e7c351d5ac88e19c90b6e2ae46f1e.udd" 7664
"C:/Users/varghesechac/AppData/Local/UnrealEngine/Common/DerivedDataCache/Buckets/FShaderJobCacheShaders/db/0c/04683f1e5c630e42256a0d71509b111ba1f0.udd" 7665
"C:/Users/varghesechac/AppData/Local/UnrealEngine/Common/DerivedDataCache/Buckets/FShaderJobCacheShaders/4d/1b/377d68ad06c9bac3d4a3d59141c617ea5b1d.udd" 7666
"C:/Users/varghesechac/AppData/Local/UnrealEngine/Common/DerivedDataCache/Buckets/FShaderJobCacheShaders/e0/18/0de3edf2654b005b3d29d8d95a79d996cd90.udd" 7667
"C:/Users/varghesechac/AppData/Local/UnrealEngine/Common/DerivedDataCache/Buckets/FShaderJobCacheShaders/0c/c7/a68e6971a75cf400402592e05f7c41db11fc.udd" 7668
"C:/Users/varghesechac/AppData/Local/UnrealEngine/Common/DerivedDataCache/Buckets/FShaderJobCacheShaders/98/03/18f81109d0f7b43a1ddd56354445752c0bc8.udd" 7669
"C:/Users/varghesechac/AppData/Local/UnrealEngine/Common/DerivedDataCache/Buckets/FShaderJobCacheShaders/4a/de/eb9e78b0162ac3a5008207859cb1ae0d8818.udd" 7670
"C:/Users/varghesechac/AppData/Local/UnrealEngine/Common/DerivedDataCache/Buckets/FShaderJobCacheShaders/c8/97/ecf098cdee0eed30f35e806582801bf30fa0.udd" 7671
"C:/Users/varghesechac/AppData/Local/UnrealEngine/Common/DerivedDataCache/Buckets/FShaderJobCacheShaders/15/12/dae6468ab46dd61790c482872a013999a45a.udd" 7672
"C:/Users/varghesechac/AppData/Local/UnrealEngine/Common/DerivedDataCache/Buckets/FShaderJobCacheShaders/50/51/0f343660240d2ac61e6cd86785883512a202.udd" 7673
"C:/Users/varghesechac/AppData/Local/UnrealEngine/Common/DerivedDataCache/Buckets/FShaderJobCacheShaders/3f/df/61376363bd7af5b9e2e2c08352c264eda345.udd" 7674
"C:/Users/varghesechac/AppData/Local/UnrealEngine/Common/DerivedDataCache/Buckets/FShaderJobCacheShaders/64/3b/a26ca62c6aa05c592f7fd49940279bb03a62.udd" 7675
"C:/Users/varghesechac/AppData/Local/UnrealEngine/Common/DerivedDataCache/Buckets/FShaderJobCacheShaders/4d/52/eec94104d549a86435821822d8cf749a02e8.udd" 7676
"C:/Users/varghesechac/AppData/Local/UnrealEngine/Common/DerivedDataCache/Buckets/FShaderJobCacheShaders/dc/b7/67a098ffade4b97729813fe487908328e4c7.udd" 7677
"C:/Users/varghesechac/AppData/Local/UnrealEngine/Common/DerivedDataCache/Buckets/FShaderJobCacheShaders/f7/c5/932a2bacd9d235a2dfbe1e0057096328af8c.udd" 7678
"C:/Users/varghesechac/AppData/Local/UnrealEngine/Common/DerivedDataCache/Buckets/FShaderJobCacheShaders/36/85/180686047cc07155225349e5b6727dbf0aa0.udd" 7679
"C:/Users/varghesechac/AppData/Local/UnrealEngine/Common/DerivedDataCache/Buckets/FShaderJobCacheShaders/19/64/1dcf8b123e4bf6904c8ecb03b1496b993bbf.udd" 7680
"C:/Users/varghesechac/AppData/Local/UnrealEngine/Common/DerivedDataCache/Buckets/FShaderJobCacheShaders/d4/eb/e3923d7b224d4ad9f44a0e29be60b97ed0d7.udd" 7681
"C:/Users/varghesechac/AppData/Local/UnrealEngine/Common/DerivedDataCache/Buckets/FShaderJobCacheShaders/1b/49/2766d00ed394d2d089656fdd375f39de29dd.udd" 7682
"C:/Users/varghesechac/AppData/Local/UnrealEngine/Common/DerivedDataCache/Buckets/FShaderJobCacheShaders/76/b3/de302f6b163c5504b5d57d1de21dcded9df1.udd" 7683
"C:/Users/varghesechac/AppData/Local/UnrealEngine/Common/DerivedDataCache/Buckets/FShaderJobCacheShaders/a4/4c/80ff52a0c1d7907ed4b5159c1576351c89ed.udd" 7684
"C:/Users/varghesechac/AppData/Local/UnrealEngine/Common/DerivedDataCache/Buckets/FShaderJobCacheShaders/2f/b3/afa599eb594ff3d3b5e0dea1adebf8861b95.udd" 7685
"C:/Users/varghesechac/AppData/Local/UnrealEngine/Common/DerivedDataCache/Buckets/FShaderJobCacheShaders/03/fd/88e42104a2b358993f8cdf05ba53423b5f98.udd" 7686
"C:/Users/varghesechac/AppData/Local/UnrealEngine/Common/DerivedDataCache/Buckets/FShaderJobCacheShaders/d5/b3/94bd26ce994aa51e2f03b4e5e358bc1e0a83.udd" 7687
"C:/Users/varghesechac/AppData/Local/UnrealEngine/Common/DerivedDataCache/Buckets/FShaderJobCacheShaders/24/5c/b856e23d6cca538c9a55128adb0b776c86c6.udd" 7688
"C:/Users/varghesechac/AppData/Local/UnrealEngine/Common/DerivedDataCache/Buckets/FShaderJobCacheShaders/dc/59/5166222e39109dd7bac8e6d334df82c74e23.udd" 7689
"C:/Users/varghesechac/AppData/Local/UnrealEngine/Common/DerivedDataCache/Buckets/FShaderJobCacheShaders/90/69/bf080be59c3fbbb82c90e5ab9349b1e1376a.udd" 7690
"C:/Users/varghesechac/AppData/Local/UnrealEngine/Common/DerivedDataCache/Buckets/FShaderJobCacheShaders/1a/20/dd4f4b772a6d45e0089afc7c4e35053b2a84.udd" 7691
"C:/Users/varghesechac/AppData/Local/UnrealEngine/Common/DerivedDataCache/Buckets/FShaderJobCacheShaders/ca/a7/f4a153a57375a890eb81fac43eb6e6f61ef4.udd" 7692
"C:/Users/varghesechac/AppData/Local/UnrealEngine/Common/DerivedDataCache/Buckets/FShaderJobCacheShaders/9c/5d/575bbc50e892b894f1d9ca097f52c5defe5d.udd" 7693
"C:/Users/varghesechac/AppData/Local/UnrealEngine/Common/DerivedDataCache/Buckets/FShaderJobCacheShaders/1c/65/d780c49f5a3bcd22ab016058ae51794fad06.udd" 7694
"C:/Users/varghesechac/AppData/Local/UnrealEngine/Common/DerivedDataCache/Buckets/FShaderJobCacheShaders/4f/ba/4d4bff020f4c16f34a0584373c671215485f.udd" 7695
"C:/Users/varghesechac/AppData/Local/UnrealEngine/Common/DerivedDataCache/Buckets/FShaderJobCacheShaders/9f/6e/71aa07211ebf8d16a7a521bbb523ed88800c.udd" 7696
"C:/Users/varghesechac/AppData/Local/UnrealEngine/Common/DerivedDataCache/Buckets/FShaderJobCacheShaders/f4/70/fbade45057706c5ad38422265d9806d213f9.udd" 7697
"C:/Users/varghesechac/AppData/Local/UnrealEngine/Common/DerivedDataCache/Buckets/FShaderJobCacheShaders/12/07/f9f72a31a49b0b55a7639aa0f46ec6644099.udd" 7698
"C:/Users/varghesechac/AppData/Local/UnrealEngine/Common/DerivedDataCache/Buckets/FShaderJobCacheShaders/d5/f9/1a0a99b51ce08d6d43778849496a762c07b9.udd" 7699
"C:/Users/varghesechac/AppData/Local/UnrealEngine/Common/DerivedDataCache/Buckets/FShaderJobCacheShaders/34/74/6f4ea298e946fde71177cddb26bd5df3c661.udd" 7700
"C:/Users/varghesechac/AppData/Local/UnrealEngine/Common/DerivedDataCache/Buckets/FShaderJobCacheShaders/57/9c/2ef187fea6f510e266ea9f3d3930bccca3d1.udd" 7701
"C:/Users/varghesechac/AppData/Local/UnrealEngine/Common/DerivedDataCache/Buckets/FShaderJobCacheShaders/ea/5c/75129c592197d3d10dcf16b2718184ab896e.udd" 7702
"C:/Users/varghesechac/AppData/Local/UnrealEngine/Common/DerivedDataCache/Buckets/FShaderJobCacheShaders/79/1d/a1b2b72c23b35a34fb81de27a68b9dcf5983.udd" 7703
"C:/Users/varghesechac/AppData/Local/UnrealEngine/Common/DerivedDataCache/Buckets/FShaderJobCacheShaders/0f/0c/0c32e6b4025624ad3fc3eb61173ad05b2e7d.udd" 7704
"C:/Users/varghesechac/AppData/Local/UnrealEngine/Common/DerivedDataCache/Buckets/FShaderJobCacheShaders/71/43/ce2b11359625f7ad075ed6d3cefdc869ad1b.udd" 7705
"C:/Users/varghesechac/AppData/Local/UnrealEngine/Common/DerivedDataCache/Buckets/FShaderJobCacheShaders/60/22/eb302e5995b00e4499929b4a3b694cffcb4d.udd" 7706
"C:/Users/varghesechac/AppData/Local/UnrealEngine/Common/DerivedDataCache/Buckets/FShaderJobCacheShaders/87/91/26b67187378c21039845059f8e167e14432d.udd" 7707
"C:/Users/varghesechac/AppData/Local/UnrealEngine/Common/DerivedDataCache/Buckets/FShaderJobCacheShaders/81/80/497cbc28c65db6a73ffe6b7c2062dc6ee987.udd" 7708
"C:/Users/varghesechac/AppData/Local/UnrealEngine/Common/DerivedDataCache/Buckets/FShaderJobCacheShaders/ac/03/6cd79c03888b7dfa5ba88da91e2b2e9d4a2d.udd" 7709
"C:/Users/varghesechac/AppData/Local/UnrealEngine/Common/DerivedDataCache/Buckets/FShaderJobCacheShaders/eb/71/56cac73912efb1ec7c8c1d0f2dcf139c4af2.udd" 7710
"C:/Users/varghesechac/AppData/Local/UnrealEngine/Common/DerivedDataCache/Buckets/FShaderJobCacheShaders/7d/e5/e9497ee67255ae255b1afd0b3d90cc0e4bf4.udd" 7711
"C:/Users/varghesechac/AppData/Local/UnrealEngine/Common/DerivedDataCache/Buckets/FShaderJobCacheShaders/e0/cf/ef679a555e5669427b8629025c01abfa1c96.udd" 7712
"C:/Users/varghesechac/AppData/Local/UnrealEngine/Common/DerivedDataCache/Buckets/FShaderJobCacheShaders/7e/d9/13486b4ed99b8cd906555f9e04ad986980f7.udd" 7713
"C:/Users/varghesechac/AppData/Local/UnrealEngine/Common/DerivedDataCache/Buckets/FShaderJobCacheShaders/f0/90/a585fd21f8fb7a11d32b908d4236fd55eedd.udd" 7714
"C:/Users/varghesechac/AppData/Local/UnrealEngine/Common/DerivedDataCache/Buckets/FShaderJobCacheShaders/06/e8/155656dab8b1f555b5d3a74323ff9900eba7.udd" 7715
"C:/Users/varghesechac/AppData/Local/UnrealEngine/Common/DerivedDataCache/Buckets/FShaderJobCacheShaders/50/e2/f3e7faf30aae7387e6f8f1919544f57f3b50.udd" 7716
"C:/Users/varghesechac/AppData/Local/UnrealEngine/Common/DerivedDataCache/Buckets/FShaderJobCacheShaders/a6/cd/75f2ca9e975e29e102e9efe03e650b5967bd.udd" 7717
"C:/Users/varghesechac/AppData/Local/UnrealEngine/Common/DerivedDataCache/Buckets/FShaderJobCacheShaders/27/7c/0808d1a8fc20070fc15c187890db414a63ec.udd" 7718
"C:/Users/varghesechac/AppData/Local/UnrealEngine/Common/DerivedDataCache/Buckets/FShaderJobCacheShaders/72/30/25ecc843c6853b1689b19876cfde118d99a9.udd" 7719
"C:/Users/varghesechac/AppData/Local/UnrealEngine/Common/DerivedDataCache/Buckets/FShaderJobCacheShaders/1c/dd/30dd1df6280e939bf49dd38464f4c6a22059.udd" 7720
"C:/Users/varghesechac/AppData/Local/UnrealEngine/Common/DerivedDataCache/Buckets/FShaderJobCacheShaders/29/58/a34b9388ba2fc3373f81f759239c22f12648.udd" 7721
"C:/Users/varghesechac/AppData/Local/UnrealEngine/Common/DerivedDataCache/Buckets/FShaderJobCacheShaders/40/2d/58a175868c3dd4f2997b5164b5d4ff7ba6d1.udd" 7722
"C:/Users/varghesechac/AppData/Local/UnrealEngine/Common/DerivedDataCache/Buckets/FShaderJobCacheShaders/9f/4b/41283c887b0b22a31bd86be8112ca33a438d.udd" 7723
"C:/Users/varghesechac/AppData/Local/UnrealEngine/Common/DerivedDataCache/Buckets/FShaderJobCacheShaders/c2/d1/838245784068e9ce524b1657929c696857ec.udd" 7724
"C:/Users/varghesechac/AppData/Local/UnrealEngine/Common/DerivedDataCache/Buckets/FShaderJobCacheShaders/5a/76/a9a3d78431230a54e7c47209956cf5131f7b.udd" 7725
"C:/Users/varghesechac/AppData/Local/UnrealEngine/Common/DerivedDataCache/Buckets/FShaderJobCacheShaders/b8/35/33c65f415655c93cd848f665f8bd8bcb0736.udd" 7726
"C:/Users/varghesechac/AppData/Local/UnrealEngine/Common/DerivedDataCache/Buckets/FShaderJobCacheShaders/d6/e3/b9f5d727d4cf0af4675264e98ec130bacf82.udd" 7727
"C:/Users/varghesechac/AppData/Local/UnrealEngine/Common/DerivedDataCache/Buckets/FShaderJobCacheShaders/df/7c/de4ad56cfcc84e468e3cc667cd99d89beb93.udd" 7728
"C:/Users/varghesechac/AppData/Local/UnrealEngine/Common/DerivedDataCache/Buckets/FShaderJobCacheShaders/83/c3/43f2218784c5b4a268674679abc1dfe2b3de.udd" 7729
"C:/Users/varghesechac/AppData/Local/UnrealEngine/Common/DerivedDataCache/Buckets/FShaderJobCacheShaders/24/b1/d8899247b605fae9d24a0a5e0a24bf3941d4.udd" 7730
"C:/Users/varghesechac/AppData/Local/UnrealEngine/Common/DerivedDataCache/Buckets/FShaderJobCacheShaders/a6/94/cbb0dc6724572ff73b5f516d686bd87fb0f2.udd" 7731
"C:/Users/varghesechac/AppData/Local/UnrealEngine/Common/DerivedDataCache/Buckets/FShaderJobCacheShaders/8c/76/b987c25bdf7cc8163c1f0ef703346d54c6bf.udd" 7732
"C:/Users/varghesechac/AppData/Local/UnrealEngine/Common/DerivedDataCache/Buckets/FShaderJobCacheShaders/8d/f1/b0c7cc9d09d73a7336363c106aa81f4227b0.udd" 7733
"C:/Users/varghesechac/AppData/Local/UnrealEngine/Common/DerivedDataCache/Buckets/FShaderJobCacheShaders/d2/06/f18705057f7904d853bfbc1ca28ebf450b59.udd" 7734
"C:/Users/varghesechac/AppData/Local/UnrealEngine/Common/DerivedDataCache/Buckets/FShaderJobCacheShaders/42/a9/fe9702f3ee67bc1564c4f341128dccb1e01a.udd" 7735
"C:/Users/varghesechac/AppData/Local/UnrealEngine/Common/DerivedDataCache/Buckets/FShaderJobCacheShaders/91/40/7f4d74b8b497041b30c24d52999d33297364.udd" 7736
"C:/Users/varghesechac/AppData/Local/UnrealEngine/Common/DerivedDataCache/Buckets/FShaderJobCacheShaders/c9/07/85ef8a04d8ec36afe9a520c7030df76827b7.udd" 7737
"C:/Users/varghesechac/AppData/Local/UnrealEngine/Common/DerivedDataCache/Buckets/FShaderJobCacheShaders/bb/a6/4eae474117338a8abd397637a467cfc69b2c.udd" 7738
"C:/Users/varghesechac/AppData/Local/UnrealEngine/Common/DerivedDataCache/Buckets/FShaderJobCacheShaders/54/c7/7fc6622cd4483caf4c631c6164f497f1fb6d.udd" 7739
"C:/Users/varghesechac/AppData/Local/UnrealEngine/Common/DerivedDataCache/Buckets/FShaderJobCacheShaders/d8/92/6e932bf0b86178f60bdc46b74b2cf24d8741.udd" 7740
"C:/Users/varghesechac/AppData/Local/UnrealEngine/Common/DerivedDataCache/Buckets/FShaderJobCacheShaders/ac/c2/fceff83bf0630ebb5eb7cdeab07484efa862.udd" 7741
"C:/Users/varghesechac/AppData/Local/UnrealEngine/Common/DerivedDataCache/Buckets/FShaderJobCacheShaders/a0/2e/23d1cb3c1520fb331f1d50cc40721e60f1f2.udd" 7742
"C:/Users/varghesechac/AppData/Local/UnrealEngine/Common/DerivedDataCache/Buckets/FShaderJobCacheShaders/f0/ae/6323b4aa7cd8ed52ee061abdc84375ee4d0b.udd" 7743
"C:/Users/varghesechac/AppData/Local/UnrealEngine/Common/DerivedDataCache/Buckets/FShaderJobCacheShaders/cd/d3/7a37d69158631bccaaf293b7ea1ac5d8acb2.udd" 7744
"C:/Users/varghesechac/AppData/Local/UnrealEngine/Common/DerivedDataCache/Buckets/FShaderJobCacheShaders/46/c9/268ae66c54e2fcc6abab74908a5e2752a604.udd" 7745
"C:/Users/varghesechac/AppData/Local/UnrealEngine/Common/DerivedDataCache/Buckets/FShaderJobCacheShaders/d7/f4/31d58101fd3953b367941e114571080d83d8.udd" 7746
"C:/Users/varghesechac/AppData/Local/UnrealEngine/Common/DerivedDataCache/Buckets/FShaderJobCacheShaders/d3/d3/c455c65532b36a2bcd72153837c977ab95e1.udd" 7747
"C:/Users/varghesechac/AppData/Local/UnrealEngine/Common/DerivedDataCache/Buckets/FShaderJobCacheShaders/fe/56/f7910dd85303f5dcec9477d5f16ef72de94c.udd" 7748
"C:/Users/varghesechac/AppData/Local/UnrealEngine/Common/DerivedDataCache/Buckets/FShaderJobCacheShaders/c8/62/451046d3cee03f81b5e14f1f4d583b9896e6.udd" 7749
"C:/Users/varghesechac/AppData/Local/UnrealEngine/Common/DerivedDataCache/Buckets/FShaderJobCacheShaders/1c/2f/31f4111dadd7f13d02b456d395afc920a868.udd" 7750
"C:/Users/varghesechac/AppData/Local/UnrealEngine/Common/DerivedDataCache/Buckets/FShaderJobCacheShaders/97/c5/1f695e7f6fe9981014404fa007a74934df63.udd" 7751
"C:/Users/varghesechac/AppData/Local/UnrealEngine/Common/DerivedDataCache/Buckets/FShaderJobCacheShaders/55/b0/9d5370f490713dbc2eb059c8d5a838e67023.udd" 7752
"C:/Users/varghesechac/AppData/Local/UnrealEngine/Common/DerivedDataCache/Buckets/FShaderJobCacheShaders/bd/0a/4eb86c5a2f858326fd42d79166c7924b6990.udd" 7753
"C:/Users/varghesechac/AppData/Local/UnrealEngine/Common/DerivedDataCache/Buckets/FShaderJobCacheShaders/19/3f/3b454fda94ef7cb284400b749302bbd8f5fa.udd" 7754
"C:/Users/varghesechac/AppData/Local/UnrealEngine/Common/DerivedDataCache/Buckets/FShaderJobCacheShaders/58/35/8bdf6a259d20ae4a2a206ec3515bd1105954.udd" 7755
"C:/Users/varghesechac/AppData/Local/UnrealEngine/Common/DerivedDataCache/Buckets/FShaderJobCacheShaders/55/4a/054c26d082381c2a1b7ad6fc2edc7ec99763.udd" 7756
"C:/Users/varghesechac/AppData/Local/UnrealEngine/Common/DerivedDataCache/Buckets/FShaderJobCacheShaders/11/ff/0b49bfe919d36bf0892d4d74280796eb4f98.udd" 7757
"C:/Users/varghesechac/AppData/Local/UnrealEngine/Common/DerivedDataCache/Buckets/FShaderJobCacheShaders/62/d2/52ac3b768ee07a2cd8baf475b1dc2e8d1588.udd" 7758
"C:/Users/varghesechac/AppData/Local/UnrealEngine/Common/DerivedDataCache/Buckets/FShaderJobCacheShaders/f3/7e/7b717ea63db5831d58e696baf1c1ae142ef3.udd" 7759
"C:/Users/varghesechac/AppData/Local/UnrealEngine/Common/DerivedDataCache/Buckets/FShaderJobCacheShaders/a7/54/54226aa1ff4c77e868e3645f131a978af616.udd" 7760
"C:/Users/varghesechac/AppData/Local/UnrealEngine/Common/DerivedDataCache/Buckets/FShaderJobCacheShaders/a2/ca/8624646d14f9418d38071ba1eb9dbba3d84f.udd" 7761
"C:/Users/varghesechac/AppData/Local/UnrealEngine/Common/DerivedDataCache/Buckets/FShaderJobCacheShaders/7f/f3/e74609519f779d993f120f5abb83ed56ac0a.udd" 7762
"C:/Users/varghesechac/AppData/Local/UnrealEngine/Common/DerivedDataCache/Buckets/FShaderJobCacheShaders/1a/0e/8917643950dd77045d273d5dadd6ab84ac9c.udd" 7763
"C:/Users/varghesechac/AppData/Local/UnrealEngine/Common/DerivedDataCache/Buckets/FShaderJobCacheShaders/b9/6f/cc482573e4ca3fe3ce3b89c7e135e60c4153.udd" 7764
"C:/Users/varghesechac/AppData/Local/UnrealEngine/Common/DerivedDataCache/Buckets/FShaderJobCacheShaders/fe/b4/785b02b1bb1b243c5199cac41e1180aebb2f.udd" 7765
"C:/Users/varghesechac/AppData/Local/UnrealEngine/Common/DerivedDataCache/Buckets/FShaderJobCacheShaders/ec/c5/1569feafe480c3838b6b531fca852cfd5437.udd" 7766
"C:/Users/varghesechac/AppData/Local/UnrealEngine/Common/DerivedDataCache/Buckets/FShaderJobCacheShaders/26/46/ddafe8033a11c1b573c0cce2ab661e09ba88.udd" 7767
"C:/Users/varghesechac/AppData/Local/UnrealEngine/Common/DerivedDataCache/Buckets/FShaderJobCacheShaders/2c/8e/6375012abcf803b0dc710784fb78295095bf.udd" 7768
"C:/Users/varghesechac/AppData/Local/UnrealEngine/Common/DerivedDataCache/Buckets/FShaderJobCacheShaders/ba/5b/67545c49fcb09f19a243e3968aba345f66c1.udd" 7769
"C:/Users/varghesechac/AppData/Local/UnrealEngine/Common/DerivedDataCache/Buckets/FShaderJobCacheShaders/3c/f4/3de7caca78a16e4fb8ef933f0d1ea4d68646.udd" 7770
"C:/Users/varghesechac/AppData/Local/UnrealEngine/Common/DerivedDataCache/Buckets/FShaderJobCacheShaders/c8/d9/76f69e6e75f9a6cdf366135a20d1442dee30.udd" 7771
"C:/Users/varghesechac/AppData/Local/UnrealEngine/Common/DerivedDataCache/Buckets/FShaderJobCacheShaders/fb/fa/fbca186d550629ac934c50f26e97ce29d617.udd" 7772
"C:/Users/varghesechac/AppData/Local/UnrealEngine/Common/DerivedDataCache/Buckets/FShaderJobCacheShaders/f2/ce/78ad456a4bf92d58b39858717dea889e2c97.udd" 7773
"C:/Users/varghesechac/AppData/Local/UnrealEngine/Common/DerivedDataCache/Buckets/FShaderJobCacheShaders/93/2d/c6f7c7791fb7b9c555180d3ce04c5c321200.udd" 7774
"C:/Users/varghesechac/AppData/Local/UnrealEngine/Common/DerivedDataCache/Buckets/FShaderJobCacheShaders/ad/41/65039d88a0eb7e978d73dc1321dcc8ad6336.udd" 7775
"C:/Users/varghesechac/AppData/Local/UnrealEngine/Common/DerivedDataCache/Buckets/FShaderJobCacheShaders/b5/56/fd222c2c8091f4d0a61f09afbf2bdeba91f6.udd" 7776
"C:/Users/varghesechac/AppData/Local/UnrealEngine/Common/DerivedDataCache/Buckets/FShaderJobCacheShaders/9d/df/d426fd87af9a41f4bd64f117c9ea5714547c.udd" 7777
"C:/Users/varghesechac/AppData/Local/UnrealEngine/Common/DerivedDataCache/Buckets/FShaderJobCacheShaders/a4/6a/57d1d3e549228c28b1b5c97a82b7ba977d16.udd" 7778
"C:/Users/varghesechac/AppData/Local/UnrealEngine/Common/DerivedDataCache/Buckets/FShaderJobCacheShaders/0c/e3/1bca89720581ecf98e103545f060c80fe96c.udd" 7779
"C:/Users/varghesechac/AppData/Local/UnrealEngine/Common/DerivedDataCache/Buckets/FShaderJobCacheShaders/b1/63/5ea8a4e1d0c4eb006d3e4191b405ba9fe910.udd" 7780
"C:/Users/varghesechac/AppData/Local/UnrealEngine/Common/DerivedDataCache/Buckets/FShaderJobCacheShaders/d9/b6/faacf0d0b2e89aa0e883fd452b28d8d6ed45.udd" 7781
"C:/Users/varghesechac/AppData/Local/UnrealEngine/Common/DerivedDataCache/Buckets/FShaderJobCacheShaders/fc/ba/ac23478c7b79bd954b3971201f6d9989fdf0.udd" 7782
"C:/Users/varghesechac/AppData/Local/UnrealEngine/Common/DerivedDataCache/Buckets/FShaderJobCacheShaders/d7/24/33c9aa65e9a6b6f154aae0f7c8072fbbb20b.udd" 7783
"C:/Users/varghesechac/AppData/Local/UnrealEngine/Common/DerivedDataCache/Buckets/FShaderJobCacheShaders/a7/8d/863c34d119293e5e312a6c88c3c755e174a3.udd" 7784
"C:/Users/varghesechac/AppData/Local/UnrealEngine/Common/DerivedDataCache/Buckets/FShaderJobCacheShaders/d2/3c/af4da6b60034bbd64438c4539998dc8271bd.udd" 7785
"C:/Users/varghesechac/AppData/Local/UnrealEngine/Common/DerivedDataCache/Buckets/FShaderJobCacheShaders/b0/f6/48b7460ead3c232ada17d0764043208a4986.udd" 7786
"C:/Users/varghesechac/AppData/Local/UnrealEngine/Common/DerivedDataCache/Buckets/FShaderJobCacheShaders/99/a3/2843b79b8aa5047bb6cf5a41b0ce09184f94.udd" 7787
"C:/Users/varghesechac/AppData/Local/UnrealEngine/Common/DerivedDataCache/Buckets/FShaderJobCacheShaders/e9/fd/467794dc44ef6654a1691dd9c4d35e006401.udd" 7788
"C:/Users/varghesechac/AppData/Local/UnrealEngine/Common/DerivedDataCache/Buckets/FShaderJobCacheShaders/2a/34/a2c62f16bc6198ae88754027f665ef0b7bd2.udd" 7789
"C:/Users/varghesechac/AppData/Local/UnrealEngine/Common/DerivedDataCache/Buckets/FShaderJobCacheShaders/d4/c8/d837873f9acfcedac124ef862ed88b4c5dcb.udd" 7790
"C:/Users/varghesechac/AppData/Local/UnrealEngine/Common/DerivedDataCache/Buckets/FShaderJobCacheShaders/37/00/3b7a84601eec3ba28df50f5c6c007b112e8c.udd" 7791
"C:/Users/varghesechac/AppData/Local/UnrealEngine/Common/DerivedDataCache/Buckets/FShaderJobCacheShaders/b4/d5/ffd1e2a2f9bbed3bd655e783f93543e5ecd1.udd" 7792
"C:/Users/varghesechac/AppData/Local/UnrealEngine/Common/DerivedDataCache/Buckets/FShaderJobCacheShaders/77/3b/ce4377cbf4e90181fa384d19e9e9a592ca74.udd" 7793
"C:/Users/varghesechac/AppData/Local/UnrealEngine/Common/DerivedDataCache/Buckets/FShaderJobCacheShaders/d6/c5/160caf69dc1063df63cd9bc5f8d3bf20d388.udd" 7794
"C:/Users/varghesechac/AppData/Local/UnrealEngine/Common/DerivedDataCache/Buckets/FShaderJobCacheShaders/6c/86/0472b50ffb4c03df9b34bab9ad6bc2e2edee.udd" 7795
"C:/Users/varghesechac/AppData/Local/UnrealEngine/Common/DerivedDataCache/Buckets/FShaderJobCacheShaders/06/3d/69520541ef1213e50820a8c69707a190a42a.udd" 7796
"C:/Users/varghesechac/AppData/Local/UnrealEngine/Common/DerivedDataCache/Buckets/FShaderJobCacheShaders/79/e2/b55471353f08b312a12defdb82d1d30ac08b.udd" 7797
"C:/Users/varghesechac/AppData/Local/UnrealEngine/Common/DerivedDataCache/Buckets/FShaderJobCacheShaders/e9/c5/842b1bbf08852e7412a39a1d3067790870d5.udd" 7798
"C:/Users/varghesechac/AppData/Local/UnrealEngine/Common/DerivedDataCache/Buckets/FShaderJobCacheShaders/e5/46/ca67983303465b5c13026d0a9e4e1b287cdc.udd" 7799
"C:/Users/varghesechac/AppData/Local/UnrealEngine/Common/DerivedDataCache/Buckets/FShaderJobCacheShaders/96/e4/60fbbfa968a8295ff2f1309b6978a1f06bdd.udd" 7800
"C:/Users/varghesechac/AppData/Local/UnrealEngine/Common/DerivedDataCache/Buckets/FShaderJobCacheShaders/8c/4d/4410de8d36c1f84a71420664977fada3999b.udd" 7801
"C:/Users/varghesechac/AppData/Local/UnrealEngine/Common/DerivedDataCache/Buckets/FShaderJobCacheShaders/90/40/03580833233ccb97d91226b49d101731988d.udd" 7802
"C:/Users/varghesechac/AppData/Local/UnrealEngine/Common/DerivedDataCache/Buckets/FShaderJobCacheShaders/2a/44/656597c0300e672bddc630eeff0b0dcf9278.udd" 7803
"C:/Users/varghesechac/AppData/Local/UnrealEngine/Common/DerivedDataCache/Buckets/FShaderJobCacheShaders/1a/f3/12722c537c3ced45fa5f53354ff0e493dfea.udd" 7804
"C:/Users/varghesechac/AppData/Local/UnrealEngine/Common/DerivedDataCache/Buckets/FShaderJobCacheShaders/70/1b/ee1feb0d926f57bfc5df3090725c76b00d71.udd" 7805
"C:/Users/varghesechac/AppData/Local/UnrealEngine/Common/DerivedDataCache/Buckets/FShaderJobCacheShaders/62/81/12d43c3029173c2e3e71556abb2434c16cda.udd" 7806
"C:/Users/varghesechac/AppData/Local/UnrealEngine/Common/DerivedDataCache/Buckets/FShaderJobCacheShaders/3b/2a/ab3c3c49ae284428692d48354416fa6c088d.udd" 7807
"C:/Users/varghesechac/AppData/Local/UnrealEngine/Common/DerivedDataCache/Buckets/FShaderJobCacheShaders/79/33/5ee3856be8173ebf5946e11b1d4453d35788.udd" 7808
"C:/Users/varghesechac/AppData/Local/UnrealEngine/Common/DerivedDataCache/Buckets/FShaderJobCacheShaders/d5/c1/0f6e51966e4d86432f8bbc75756cc6d13cf2.udd" 7809
"C:/Users/varghesechac/AppData/Local/UnrealEngine/Common/DerivedDataCache/Buckets/FShaderJobCacheShaders/d5/1d/0842cdc7dbc59d93d5f04a0e1ce14bd217f0.udd" 7810
"C:/Users/varghesechac/AppData/Local/UnrealEngine/Common/DerivedDataCache/Buckets/FShaderJobCacheShaders/8d/42/edc572b66dfeba8181aae09323b946d591ae.udd" 7811
"C:/Users/varghesechac/AppData/Local/UnrealEngine/Common/DerivedDataCache/Buckets/FShaderJobCacheShaders/20/67/b98794ef6d8af34d4c04724686c35f0e8b4b.udd" 7812
"C:/Users/varghesechac/AppData/Local/UnrealEngine/Common/DerivedDataCache/Buckets/FShaderJobCacheShaders/18/46/4fcc37a5a5c1df2f0ccf4ea25b8a7c29528a.udd" 7813
"C:/Users/varghesechac/AppData/Local/UnrealEngine/Common/DerivedDataCache/Buckets/FShaderJobCacheShaders/dd/dc/e8d03f1530d95f65c5663aa24ef6b7e0daaa.udd" 7814
"C:/Users/varghesechac/AppData/Local/UnrealEngine/Common/DerivedDataCache/Buckets/FShaderJobCacheShaders/4e/36/45cc789e429b2f50f6d59210edb5dd0c5f9e.udd" 7815
"C:/Users/varghesechac/AppData/Local/UnrealEngine/Common/DerivedDataCache/Buckets/FShaderJobCacheShaders/77/19/6533adb08d14a6bc7ea3e09ee0c9ef63044e.udd" 7816
"C:/Users/varghesechac/AppData/Local/UnrealEngine/Common/DerivedDataCache/Buckets/FShaderJobCacheShaders/82/8c/cb716d5316e59e81369b784e30f1facdef89.udd" 7817
"C:/Users/varghesechac/AppData/Local/UnrealEngine/Common/DerivedDataCache/Buckets/FShaderJobCacheShaders/ed/fa/52c348d8a48f3b295e75fc0629152b1b06bc.udd" 7818
"C:/Users/varghesechac/AppData/Local/UnrealEngine/Common/DerivedDataCache/Buckets/FShaderJobCacheShaders/8f/d8/75bc7893f428857673410d3799d95654fa82.udd" 7819
"C:/Users/varghesechac/AppData/Local/UnrealEngine/Common/DerivedDataCache/Buckets/FShaderJobCacheShaders/ad/09/eefc416d6a8539279b08e34687c81fa95069.udd" 7820
"C:/Users/varghesechac/AppData/Local/UnrealEngine/Common/DerivedDataCache/Buckets/FShaderJobCacheShaders/ce/e8/8a71fb2ff66a9f7f5af81221844bf07fef81.udd" 7821
"C:/Users/varghesechac/AppData/Local/UnrealEngine/Common/DerivedDataCache/Buckets/FShaderJobCacheShaders/b0/22/9d9748b1a796af5a93c70bee43eba001fe15.udd" 7822
"C:/Users/varghesechac/AppData/Local/UnrealEngine/Common/DerivedDataCache/Buckets/FShaderJobCacheShaders/6d/05/45d9f9484295ae9305996ad7949983e546a9.udd" 7823
"C:/Users/varghesechac/AppData/Local/UnrealEngine/Common/DerivedDataCache/Buckets/FShaderJobCacheShaders/09/dc/2365f70dfad41bbf610f83c670f9d7510c2c.udd" 7824
"C:/Users/varghesechac/AppData/Local/UnrealEngine/Common/DerivedDataCache/Buckets/FShaderJobCacheShaders/93/f6/2bf27bd19c7027df2fc75bad2c6aab3c2cea.udd" 7825
"C:/Users/varghesechac/AppData/Local/UnrealEngine/Common/DerivedDataCache/Buckets/FShaderJobCacheShaders/f1/38/ceb09fa7c595a73f7edcb6731ea3fcffdf3d.udd" 7826
"C:/Users/varghesechac/AppData/Local/UnrealEngine/Common/DerivedDataCache/Buckets/FShaderJobCacheShaders/4c/07/9f6077fec6b9a849300661dcf4b9c0f98956.udd" 7827
"C:/Users/varghesechac/AppData/Local/UnrealEngine/Common/DerivedDataCache/Buckets/FShaderJobCacheShaders/be/39/ec13313e8fd9f240b8a4229505adbefad1fd.udd" 7828
"C:/Users/varghesechac/AppData/Local/UnrealEngine/Common/DerivedDataCache/Buckets/FShaderJobCacheShaders/1b/3e/7f57b9678f9460af0f439fc6a425b2fae6e6.udd" 7829
"C:/Users/varghesechac/AppData/Local/UnrealEngine/Common/DerivedDataCache/Buckets/FShaderJobCacheShaders/ea/b8/c29bd88c07a47559f73d5f8b84babaa5ef62.udd" 7830
"C:/Users/varghesechac/AppData/Local/UnrealEngine/Common/DerivedDataCache/Buckets/FShaderJobCacheShaders/0f/1a/3cff867f1231b4807e44108e77330587eb0c.udd" 7831
"C:/Users/varghesechac/AppData/Local/UnrealEngine/Common/DerivedDataCache/Buckets/FShaderJobCacheShaders/1a/97/5f436c35a0ebaec1421dd304a97226c2eec2.udd" 7832
"C:/Users/varghesechac/AppData/Local/UnrealEngine/Common/DerivedDataCache/Buckets/FShaderJobCacheShaders/5b/2d/f2e71483c4b434a16281e99e1e143fa7466d.udd" 7833
"C:/Users/varghesechac/AppData/Local/UnrealEngine/Common/DerivedDataCache/Buckets/FShaderJobCacheShaders/52/1c/9cdfa9ed2002aadb80fb08de57e0c9f4b95c.udd" 7834
"C:/Users/varghesechac/AppData/Local/UnrealEngine/Common/DerivedDataCache/Buckets/FShaderJobCacheShaders/38/1c/2540b712d4bf9d1a104dc3be38d4d1dd4395.udd" 7835
"C:/Users/varghesechac/AppData/Local/UnrealEngine/Common/DerivedDataCache/Buckets/FShaderJobCacheShaders/bd/73/0cfbc2229b180f2421d18b93dbd06eff05ea.udd" 7836
"C:/Users/varghesechac/AppData/Local/UnrealEngine/Common/DerivedDataCache/Buckets/FShaderJobCacheShaders/05/c5/ff9f2c8a4ecbd71b40283f6d64113b4b4cac.udd" 7837
"C:/Users/varghesechac/AppData/Local/UnrealEngine/Common/DerivedDataCache/Buckets/FShaderJobCacheShaders/83/04/3995feb0462c5683c312c59a345c4b819336.udd" 7838
"C:/Users/varghesechac/AppData/Local/UnrealEngine/Common/DerivedDataCache/Buckets/FShaderJobCacheShaders/a2/96/b8f6f4c985274f4b2b6f074d5669d4de9895.udd" 7839
"C:/Users/varghesechac/AppData/Local/UnrealEngine/Common/DerivedDataCache/Buckets/FShaderJobCacheShaders/92/26/2eeb442d95a66c9d8b041093249e86896f8f.udd" 7840
"C:/Users/varghesechac/AppData/Local/UnrealEngine/Common/DerivedDataCache/Buckets/FShaderJobCacheShaders/36/33/6a179de643265a3cbc9bc9ea084d1f7d03b4.udd" 7841
"C:/Users/varghesechac/AppData/Local/UnrealEngine/Common/DerivedDataCache/Buckets/FShaderJobCacheShaders/6d/b3/cdb820ad91eac062cae8e0d153d4e7872fd1.udd" 7842
"C:/Users/varghesechac/AppData/Local/UnrealEngine/Common/DerivedDataCache/Buckets/FShaderJobCacheShaders/76/a0/a9f83764ec36d02b898930d7352e906743b2.udd" 7843
"C:/Users/varghesechac/AppData/Local/UnrealEngine/Common/DerivedDataCache/Buckets/FShaderJobCacheShaders/8b/5d/33418ac699a11446e0ca8e416131cbd1078f.udd" 7844
"C:/Users/varghesechac/AppData/Local/UnrealEngine/Common/DerivedDataCache/Buckets/FShaderJobCacheShaders/b5/4d/f78f62ccc05f5e88c4000c0aa57a27cb36c7.udd" 7845
"C:/Users/varghesechac/AppData/Local/UnrealEngine/Common/DerivedDataCache/Buckets/FShaderJobCacheShaders/3a/5d/9b4540277e0af191aa5fc3076c9d5ee4bbd0.udd" 7846
"C:/Users/varghesechac/AppData/Local/UnrealEngine/Common/DerivedDataCache/Buckets/FShaderJobCacheShaders/53/7e/44eaf2d53ca840e26065a00fd7c74d9198cf.udd" 7847
"C:/Users/varghesechac/AppData/Local/UnrealEngine/Common/DerivedDataCache/Buckets/FShaderJobCacheShaders/c5/f8/247832faa43920571739d2d5f4de6f40cc2f.udd" 7848
"C:/Users/varghesechac/AppData/Local/UnrealEngine/Common/DerivedDataCache/Buckets/FShaderJobCacheShaders/85/39/568122f6c118d74e9add9bbae384325371f6.udd" 7849
"C:/Users/varghesechac/AppData/Local/UnrealEngine/Common/DerivedDataCache/Buckets/FShaderJobCacheShaders/15/c2/d3fd68fac927ab821b7def6598863ba3ef8f.udd" 7850
"C:/Users/varghesechac/AppData/Local/UnrealEngine/Common/DerivedDataCache/Buckets/FShaderJobCacheShaders/c9/6d/7832a3daa6f66120b0da8cb0558b0913e8a6.udd" 7851
"C:/Users/varghesechac/AppData/Local/UnrealEngine/Common/DerivedDataCache/Buckets/FShaderJobCacheShaders/e9/94/ba5994575ab7a78237c86f3f48eb5c14723c.udd" 7852
"C:/Users/varghesechac/AppData/Local/UnrealEngine/Common/DerivedDataCache/Buckets/FShaderJobCacheShaders/db/60/19fd5415976db684b12896bd823c1d9ba97a.udd" 7853
"C:/Users/varghesechac/AppData/Local/UnrealEngine/Common/DerivedDataCache/Buckets/FShaderJobCacheShaders/fe/22/06c6c3ed3bab97eb1c12ac57a8e73a719750.udd" 7854
"C:/Users/varghesechac/AppData/Local/UnrealEngine/Common/DerivedDataCache/Buckets/FShaderJobCacheShaders/8c/2d/989b42b4f0b8e8f998d82c3f1abdfc07ca26.udd" 7855
"C:/Users/varghesechac/AppData/Local/UnrealEngine/Common/DerivedDataCache/Buckets/FShaderJobCacheShaders/b2/df/223072d15cfc730c99ad1a4d22d78b1471e0.udd" 7856
"C:/Users/varghesechac/AppData/Local/UnrealEngine/Common/DerivedDataCache/Buckets/FShaderJobCacheShaders/66/e9/7eb04398d3dec1542ce5c2d01372b344dc48.udd" 7857
"C:/Users/varghesechac/AppData/Local/UnrealEngine/Common/DerivedDataCache/Buckets/FShaderJobCacheShaders/5d/f9/768c4d090e799674b2b505b49c9ef217e494.udd" 7858
"C:/Users/varghesechac/AppData/Local/UnrealEngine/Common/DerivedDataCache/Buckets/FShaderJobCacheShaders/15/f4/84f0c0080aeb08da04bfcba0f1520f75cd90.udd" 7859
"C:/Users/varghesechac/AppData/Local/UnrealEngine/Common/DerivedDataCache/Buckets/FShaderJobCacheShaders/5e/24/1e43c5d502822ee54b63fb4a37508600278f.udd" 7860
"C:/Users/varghesechac/AppData/Local/UnrealEngine/Common/DerivedDataCache/Buckets/FShaderJobCacheShaders/3a/41/2e23d4a584194ea639ddd374796a169c756c.udd" 7861
"C:/Users/varghesechac/AppData/Local/UnrealEngine/Common/DerivedDataCache/Buckets/FShaderJobCacheShaders/5a/e2/b8e14e9207f959affa3a2265a1ccd7d2bade.udd" 7862
"C:/Users/varghesechac/AppData/Local/UnrealEngine/Common/DerivedDataCache/Buckets/FShaderJobCacheShaders/5b/b5/e637460e7db98f2f039f956667f324626cd2.udd" 7863
"C:/Users/varghesechac/AppData/Local/UnrealEngine/Common/DerivedDataCache/Buckets/FShaderJobCacheShaders/36/34/b623d9812b4c45f2887739bd2311b88811f8.udd" 7864
"C:/Users/varghesechac/AppData/Local/UnrealEngine/Common/DerivedDataCache/Buckets/FShaderJobCacheShaders/1e/ce/097781b90ad598cb4adc3179eb317f2ec312.udd" 7865
"C:/Users/varghesechac/AppData/Local/UnrealEngine/Common/DerivedDataCache/Buckets/FShaderJobCacheShaders/d8/25/d4c02833450e52bad7acdd8dd16009d5184f.udd" 7866
"C:/Users/varghesechac/AppData/Local/UnrealEngine/Common/DerivedDataCache/Buckets/FShaderJobCacheShaders/b7/85/df7144952bced6eb98cae1db774cfb31c449.udd" 7867
"C:/Users/varghesechac/AppData/Local/UnrealEngine/Common/DerivedDataCache/Buckets/FShaderJobCacheShaders/e2/a4/095f214dff1f4f8e5e0abb73d046cd365263.udd" 7868
"C:/Users/varghesechac/AppData/Local/UnrealEngine/Common/DerivedDataCache/Buckets/FShaderJobCacheShaders/62/2b/2537e96548c474657eec031291ca6c4f961a.udd" 7869
"C:/Users/varghesechac/AppData/Local/UnrealEngine/Common/DerivedDataCache/Buckets/FShaderJobCacheShaders/1f/ce/80a136d1e13fc1489649e581617d411f1121.udd" 7870
"C:/Users/varghesechac/AppData/Local/UnrealEngine/Common/DerivedDataCache/Buckets/FShaderJobCacheShaders/2f/5f/e63ee12a80408dcea1c49ebce4da041d9f63.udd" 7871
"C:/Users/varghesechac/AppData/Local/UnrealEngine/Common/DerivedDataCache/Buckets/FShaderJobCacheShaders/15/3b/b6ca596867a23abd5713e162e668dd0743a3.udd" 7872
"C:/Users/varghesechac/AppData/Local/UnrealEngine/Common/DerivedDataCache/Buckets/FShaderJobCacheShaders/ae/1b/4c4538398ef83438ee3c9d11f8779a2b26c1.udd" 7873
"C:/Users/varghesechac/AppData/Local/UnrealEngine/Common/DerivedDataCache/Buckets/FShaderJobCacheShaders/0b/bd/f23af1de9bf9b56a484d502073af3e860e37.udd" 7874
"C:/Users/varghesechac/AppData/Local/UnrealEngine/Common/DerivedDataCache/Buckets/FShaderJobCacheShaders/d6/42/60b586bf53510ed759ee99e292c75961ebd6.udd" 7875
"C:/Users/varghesechac/AppData/Local/UnrealEngine/Common/DerivedDataCache/Buckets/FShaderJobCacheShaders/39/d4/6b607e94b404e34e33b30ba7e28711f95d49.udd" 7876
"C:/Users/varghesechac/AppData/Local/UnrealEngine/Common/DerivedDataCache/Buckets/FShaderJobCacheShaders/4c/37/9f26f8f9f301d64c9619441c52e7880b3976.udd" 7877
"C:/Users/varghesechac/AppData/Local/UnrealEngine/Common/DerivedDataCache/Buckets/FShaderJobCacheShaders/3b/fd/cede3e86b51424707fa2b9f473ba5497565b.udd" 7878
"C:/Users/varghesechac/AppData/Local/UnrealEngine/Common/DerivedDataCache/Buckets/FShaderJobCacheShaders/f2/7a/b5af1e0894064ba25dfa70049c1d3ef9b676.udd" 7879
"C:/Users/varghesechac/AppData/Local/UnrealEngine/Common/DerivedDataCache/Buckets/FShaderJobCacheShaders/8d/f2/5e60b2fa427e29b32f403f949447b18abda4.udd" 7880
"C:/Users/varghesechac/AppData/Local/UnrealEngine/Common/DerivedDataCache/Buckets/FShaderJobCacheShaders/d9/08/7fc4874b4b592341a2b73a7f082c554d9275.udd" 7881
"C:/Users/varghesechac/AppData/Local/UnrealEngine/Common/DerivedDataCache/Buckets/FShaderJobCacheShaders/76/8b/043ce3563337e78999600c16ca3dccd25517.udd" 7882
"C:/Users/varghesechac/AppData/Local/UnrealEngine/Common/DerivedDataCache/Buckets/FShaderJobCacheShaders/20/56/967a49fc96f391a50c1a19caca0bdd456d17.udd" 7883
"C:/Users/varghesechac/AppData/Local/UnrealEngine/Common/DerivedDataCache/Buckets/FShaderJobCacheShaders/56/40/15aaf637663e587ce51133bf6bb484d97220.udd" 7884
"C:/Users/varghesechac/AppData/Local/UnrealEngine/Common/DerivedDataCache/Buckets/FShaderJobCacheShaders/bd/b5/5c9b98d117fbfdb80bbd91cd5c076f659199.udd" 7885
"C:/Users/varghesechac/AppData/Local/UnrealEngine/Common/DerivedDataCache/Buckets/FShaderJobCacheShaders/05/d5/2d7bf3e36973d73bbe42260dc210ce32fa2a.udd" 7886
"C:/Users/varghesechac/AppData/Local/UnrealEngine/Common/DerivedDataCache/Buckets/FShaderJobCacheShaders/c5/99/3e565b7810003cab0c697bdb83e73ff82c14.udd" 7887
"C:/Users/varghesechac/AppData/Local/UnrealEngine/Common/DerivedDataCache/Buckets/FShaderJobCacheShaders/64/92/c5019be54ba59d97f968cdb5f60da99a20ba.udd" 7888
"C:/Users/varghesechac/AppData/Local/UnrealEngine/Common/DerivedDataCache/Buckets/FShaderJobCacheShaders/ff/4b/a633e389b8038a6843a84c76cb2b78da491f.udd" 7889
"C:/Users/varghesechac/AppData/Local/UnrealEngine/Common/DerivedDataCache/Buckets/FShaderJobCacheShaders/e6/04/cc57dad6cad838531b505c640c248f9ac00e.udd" 7890
"C:/Users/varghesechac/AppData/Local/UnrealEngine/Common/DerivedDataCache/Buckets/FShaderJobCacheShaders/6a/23/4032f69e2d60a34bc3c1d1c9efcf924dedc7.udd" 7891
"C:/Users/varghesechac/AppData/Local/UnrealEngine/Common/DerivedDataCache/Buckets/FShaderJobCacheShaders/4a/e4/a624a7fc08266f6201de1808b0ec08b5614a.udd" 7892
"C:/Users/varghesechac/AppData/Local/UnrealEngine/Common/DerivedDataCache/Buckets/FShaderJobCacheShaders/0c/e6/17acdb98e04509188189c97db28d9d9f82e4.udd" 7893
"C:/Users/varghesechac/AppData/Local/UnrealEngine/Common/DerivedDataCache/Buckets/FShaderJobCacheShaders/05/2b/27ff4326c8bebad7f866047c4f7b6286f43b.udd" 7894
"C:/Users/varghesechac/AppData/Local/UnrealEngine/Common/DerivedDataCache/Buckets/FShaderJobCacheShaders/e6/39/95d90a9dffd665a11f65f33a46df91fc4950.udd" 7895
"C:/Users/varghesechac/AppData/Local/UnrealEngine/Common/DerivedDataCache/Buckets/FShaderJobCacheShaders/11/df/1377330e4653a656660476234cf8ae0f13a4.udd" 7896
"C:/Users/varghesechac/AppData/Local/UnrealEngine/Common/DerivedDataCache/Buckets/FShaderJobCacheShaders/38/72/b9e39961495f18cb07cabf817526b8293c33.udd" 7897
"C:/Users/varghesechac/AppData/Local/UnrealEngine/Common/DerivedDataCache/Buckets/FShaderJobCacheShaders/82/4f/d4f4ea9d43ed3072d5db689c2667f112afcd.udd" 7898
"C:/Users/varghesechac/AppData/Local/UnrealEngine/Common/DerivedDataCache/Buckets/FShaderJobCacheShaders/bb/2b/5379a2b93df1b4e5905d17ae868ba2293d2c.udd" 7899
"C:/Users/varghesechac/AppData/Local/UnrealEngine/Common/DerivedDataCache/Buckets/FShaderJobCacheShaders/e3/99/81443598e2a094f93f3c1824f501bc4225bd.udd" 7900
"C:/Users/varghesechac/AppData/Local/UnrealEngine/Common/DerivedDataCache/Buckets/FShaderJobCacheShaders/8b/1e/2621a62d1cf007b9e37d54bd89499d9b6739.udd" 7901
"C:/Users/varghesechac/AppData/Local/UnrealEngine/Common/DerivedDataCache/Buckets/FShaderJobCacheShaders/dd/46/0e92de14e5fa2aa0d53a35a581a348948ce1.udd" 7902
"C:/Users/varghesechac/AppData/Local/UnrealEngine/Common/DerivedDataCache/Buckets/FShaderJobCacheShaders/25/32/191a43b7204dc21e296dbf86db838e4201e8.udd" 7903
"C:/Users/varghesechac/AppData/Local/UnrealEngine/Common/DerivedDataCache/Buckets/FShaderJobCacheShaders/55/1f/2dc9be403ae1e9c85471c4dee3f17441d627.udd" 7904
"C:/Users/varghesechac/AppData/Local/UnrealEngine/Common/DerivedDataCache/Buckets/FShaderJobCacheShaders/2d/58/b95d9b0872b96544661e51e96710994dc29d.udd" 7905
"C:/Users/varghesechac/AppData/Local/UnrealEngine/Common/DerivedDataCache/Buckets/FShaderJobCacheShaders/0b/93/4e77e2403acf98f8eae882aa79f8a20ff05b.udd" 7906
"C:/Users/varghesechac/AppData/Local/UnrealEngine/Common/DerivedDataCache/Buckets/FShaderJobCacheShaders/a1/33/b3144e6d1767755f6fd4e52ed84c02eeaf73.udd" 7907
"C:/Users/varghesechac/AppData/Local/UnrealEngine/Common/DerivedDataCache/Buckets/FShaderJobCacheShaders/6e/c3/b55b6abd9a6530096e3fcd3525b4219899f0.udd" 7908
"C:/Users/varghesechac/AppData/Local/UnrealEngine/Common/DerivedDataCache/Buckets/FShaderJobCacheShaders/78/32/89b6728324c4c625b6fcac8caa384b341817.udd" 7909
"C:/Users/varghesechac/AppData/Local/UnrealEngine/Common/DerivedDataCache/Buckets/FShaderJobCacheShaders/f3/d7/6c2d5762f470d2a7ce60a45b9ddc4e38f62d.udd" 7910
"C:/Users/varghesechac/AppData/Local/UnrealEngine/Common/DerivedDataCache/Buckets/FShaderJobCacheShaders/69/9c/e4366639797c7fa3a15475ba0302db6c927a.udd" 7911
"C:/Users/varghesechac/AppData/Local/UnrealEngine/Common/DerivedDataCache/Buckets/FShaderJobCacheShaders/ee/10/f207698cd894fddcdbe957d0bd49c3b468b8.udd" 7912
"C:/Users/varghesechac/AppData/Local/UnrealEngine/Common/DerivedDataCache/Buckets/FShaderJobCacheShaders/26/44/7cff1e20d30b63ef6295a96d7e66426eb0e0.udd" 7913
"C:/Users/varghesechac/AppData/Local/UnrealEngine/Common/DerivedDataCache/Buckets/FShaderJobCacheShaders/58/d7/89503058c7c2940874f1cb41f434e3746307.udd" 7914
"C:/Users/varghesechac/AppData/Local/UnrealEngine/Common/DerivedDataCache/Buckets/FShaderJobCacheShaders/40/86/74845793852e2cd56b63cf80b347c8c7467e.udd" 7915
"C:/Users/varghesechac/AppData/Local/UnrealEngine/Common/DerivedDataCache/Buckets/FShaderJobCacheShaders/f5/a8/50e8d6ace09a1b1718c2e8dc25aeeb7c678a.udd" 7916
"C:/Users/varghesechac/AppData/Local/UnrealEngine/Common/DerivedDataCache/Buckets/FShaderJobCacheShaders/cd/bd/af284a8b29d1723276913082f0fdfdb28d76.udd" 7917
"C:/Users/varghesechac/AppData/Local/UnrealEngine/Common/DerivedDataCache/Buckets/FShaderJobCacheShaders/1c/1c/ae6ad1158c6df08cea9cb3373607134e678a.udd" 7918
"C:/Users/varghesechac/AppData/Local/UnrealEngine/Common/DerivedDataCache/Buckets/FShaderJobCacheShaders/55/f0/ec94fb6d3828a6fe4f46e473928749d06c54.udd" 7919
"C:/Users/varghesechac/AppData/Local/UnrealEngine/Common/DerivedDataCache/Buckets/FShaderJobCacheShaders/51/75/95535db0fa82ec9e981175cf39e06c0ea9ba.udd" 7920
"C:/Users/varghesechac/AppData/Local/UnrealEngine/Common/DerivedDataCache/Buckets/FShaderJobCacheShaders/0c/bb/0782979ac3e9811c0b530804b1082338ad54.udd" 7921
"C:/Users/varghesechac/AppData/Local/UnrealEngine/Common/DerivedDataCache/Buckets/FShaderJobCacheShaders/1f/c4/fb1e9c62e6189c7be5317b1b9ebfaebd57df.udd" 7922
"C:/Users/varghesechac/AppData/Local/UnrealEngine/Common/DerivedDataCache/Buckets/FShaderJobCacheShaders/a3/ba/20ab765e796a973bf6dc79897fc87088ffe0.udd" 7923
"C:/Users/varghesechac/AppData/Local/UnrealEngine/Common/DerivedDataCache/Buckets/FShaderJobCacheShaders/d8/f0/96bcb17e906f1b3205f2d36cf7bdabc2f020.udd" 7924
"C:/Users/varghesechac/AppData/Local/UnrealEngine/Common/DerivedDataCache/Buckets/FShaderJobCacheShaders/b8/1c/16bc4b097389978ad3ab77b2b5a00e990270.udd" 7925
"C:/Users/varghesechac/AppData/Local/UnrealEngine/Common/DerivedDataCache/Buckets/FShaderJobCacheShaders/c1/e6/7bbdc9f4d03ba7e98d010c2ad8fa7caec91e.udd" 7926
"C:/Users/varghesechac/AppData/Local/UnrealEngine/Common/DerivedDataCache/Buckets/FShaderJobCacheShaders/cf/1e/48465578b9305937e9493906f933b812ca81.udd" 7927
"C:/Users/varghesechac/AppData/Local/UnrealEngine/Common/DerivedDataCache/Buckets/FShaderJobCacheShaders/c9/de/095dc835e2e467411d5fccede9329162592d.udd" 7928
"C:/Users/varghesechac/AppData/Local/UnrealEngine/Common/DerivedDataCache/Buckets/FShaderJobCacheShaders/23/81/38e481b47426ba0224f9ab77c33856726dd3.udd" 7929
"C:/Users/varghesechac/AppData/Local/UnrealEngine/Common/DerivedDataCache/Buckets/FShaderJobCacheShaders/56/b2/3bcfc3765a5c26273e5caa41e7e7b5141481.udd" 7930
"C:/Users/varghesechac/AppData/Local/UnrealEngine/Common/DerivedDataCache/Buckets/FShaderJobCacheShaders/98/3a/8f6885ff360aaae5b6362557e4b97d18153f.udd" 7931
"C:/Users/varghesechac/AppData/Local/UnrealEngine/Common/DerivedDataCache/Buckets/FShaderJobCacheShaders/3b/f6/7522549e4f518d01d87b4536295a7394ab98.udd" 7932
"C:/Users/varghesechac/AppData/Local/UnrealEngine/Common/DerivedDataCache/Buckets/FShaderJobCacheShaders/90/c6/50fdcd3906e10d60c96b33872c6d67dca302.udd" 7933
"C:/Users/varghesechac/AppData/Local/UnrealEngine/Common/DerivedDataCache/Buckets/FShaderJobCacheShaders/f3/7d/e6e0bf1f46ed2ea87cb53c4992d4fe00c547.udd" 7934
"C:/Users/varghesechac/AppData/Local/UnrealEngine/Common/DerivedDataCache/Buckets/FShaderJobCacheShaders/e8/ab/60e9ff7aadd32a69befe81c129f4b0a803cf.udd" 7935
"C:/Users/varghesechac/AppData/Local/UnrealEngine/Common/DerivedDataCache/Buckets/FShaderJobCacheShaders/67/20/c70ec76baba66b07e77630d4ed0ac6aff3ed.udd" 7936
"C:/Users/varghesechac/AppData/Local/UnrealEngine/Common/DerivedDataCache/Buckets/FShaderJobCacheShaders/15/1d/b16233c41460e76e88fc456f8545614628df.udd" 7937
"C:/Users/varghesechac/AppData/Local/UnrealEngine/Common/DerivedDataCache/Buckets/FShaderJobCacheShaders/bf/f3/fed0f63ba5251b20bcfa11f94340b9c050f9.udd" 7938
"C:/Users/varghesechac/AppData/Local/UnrealEngine/Common/DerivedDataCache/Buckets/FShaderJobCacheShaders/74/82/2431ac824a3911ef9c034a04bbd32b54a657.udd" 7939
"C:/Users/varghesechac/AppData/Local/UnrealEngine/Common/DerivedDataCache/Buckets/FShaderJobCacheShaders/dd/09/c75830cbaa0b213bd40c639c57bff3700f83.udd" 7940
"C:/Users/varghesechac/AppData/Local/UnrealEngine/Common/DerivedDataCache/Buckets/FShaderJobCacheShaders/56/15/ef6bd442fc769b2e7913bc4445d9544787c0.udd" 7941
"C:/Users/varghesechac/AppData/Local/UnrealEngine/Common/DerivedDataCache/Buckets/FShaderJobCacheShaders/53/0e/923f6750964bbf86f19748c642517a88698e.udd" 7942
"C:/Users/varghesechac/AppData/Local/UnrealEngine/Common/DerivedDataCache/Buckets/FShaderJobCacheShaders/34/f9/118fcfb5d6837f1dd3554e268d1fa6a77c79.udd" 7943
"C:/Users/varghesechac/AppData/Local/UnrealEngine/Common/DerivedDataCache/Buckets/FShaderJobCacheShaders/57/3e/b2ab5c779583fff21bb53f4db6bacd3c0a9f.udd" 7944
"C:/Users/varghesechac/AppData/Local/UnrealEngine/Common/DerivedDataCache/Buckets/FShaderJobCacheShaders/00/bc/994f2489d51d5328027d3d9db1a59cb317db.udd" 7945
"C:/Users/varghesechac/AppData/Local/UnrealEngine/Common/DerivedDataCache/Buckets/FShaderJobCacheShaders/85/7b/f996841cc609148d9eadac85c1638995305d.udd" 7946
"C:/Users/varghesechac/AppData/Local/UnrealEngine/Common/DerivedDataCache/Buckets/FShaderJobCacheShaders/54/f1/a6674ecf159a1ab89e433fd34f6c0f3873ee.udd" 7947
"C:/Users/varghesechac/AppData/Local/UnrealEngine/Common/DerivedDataCache/Buckets/FShaderJobCacheShaders/9d/80/f322da0d0f4d699f8fc58de50f96c31c11d2.udd" 7948
"C:/Users/varghesechac/AppData/Local/UnrealEngine/Common/DerivedDataCache/Buckets/FShaderJobCacheShaders/d6/37/089618cfa3b41676c622275fdcd16b740ebb.udd" 7949
"C:/Users/varghesechac/AppData/Local/UnrealEngine/Common/DerivedDataCache/Buckets/FShaderJobCacheShaders/3e/bc/dd73d968ef928f7633ba569a1cdcc4949b24.udd" 7950
"C:/Users/varghesechac/AppData/Local/UnrealEngine/Common/DerivedDataCache/Buckets/FShaderJobCacheShaders/0e/43/02b9b1788fd339370e7b57c5622f70c2f4ae.udd" 7951
"C:/Users/varghesechac/AppData/Local/UnrealEngine/Common/DerivedDataCache/Buckets/FShaderJobCacheShaders/37/48/c9df500050b0648d48b0fb0b77ddb58bdc72.udd" 7952
"C:/Users/varghesechac/AppData/Local/UnrealEngine/Common/DerivedDataCache/Buckets/FShaderJobCacheShaders/3a/89/8c0ccfb6231ab517ec6e3efd558bcd23d700.udd" 7953
"C:/Users/varghesechac/AppData/Local/UnrealEngine/Common/DerivedDataCache/Buckets/FShaderJobCacheShaders/3f/c1/5cc8fcad797284d69c471f478d644e740b91.udd" 7954
"C:/Users/varghesechac/AppData/Local/UnrealEngine/Common/DerivedDataCache/Buckets/FShaderJobCacheShaders/88/aa/097777187e7d06d88a6a69c6f0c06183a61d.udd" 7955
"C:/Users/varghesechac/AppData/Local/UnrealEngine/Common/DerivedDataCache/Buckets/FShaderJobCacheShaders/1b/02/9874dd29ad496de41b2d9d01eeefcb1c1d02.udd" 7956
"C:/Users/varghesechac/AppData/Local/UnrealEngine/Common/DerivedDataCache/Buckets/FShaderJobCacheShaders/3a/3e/d59ac3a75ecddba7e783d24e84ea9d4bf34e.udd" 7957
"C:/Users/varghesechac/AppData/Local/UnrealEngine/Common/DerivedDataCache/Buckets/FShaderJobCacheShaders/de/68/463f6948620123e5228a1784e63db0513bd1.udd" 7958
"C:/Users/varghesechac/AppData/Local/UnrealEngine/Common/DerivedDataCache/Buckets/FShaderJobCacheShaders/df/33/0a361c5c99dc212333c6330bdfb82dd041d8.udd" 7959
"C:/Users/varghesechac/AppData/Local/UnrealEngine/Common/DerivedDataCache/Buckets/FShaderJobCacheShaders/6a/f9/043b0b14c687aa039ad492240d44584c33cc.udd" 7960
"C:/Users/varghesechac/AppData/Local/UnrealEngine/Common/DerivedDataCache/Buckets/FShaderJobCacheShaders/85/3f/0efb872688a958e9e334684329b565b6a64d.udd" 7961
"C:/Users/varghesechac/AppData/Local/UnrealEngine/Common/DerivedDataCache/Buckets/FShaderJobCacheShaders/2f/03/d683f0ee0104faba157d6b4d5edfa55cd1f6.udd" 7962
"C:/Users/varghesechac/AppData/Local/UnrealEngine/Common/DerivedDataCache/Buckets/FShaderJobCacheShaders/15/8d/8943ccd2665e96db1985da32f7b608e6c56a.udd" 7963
"C:/Users/varghesechac/AppData/Local/UnrealEngine/Common/DerivedDataCache/Buckets/FShaderJobCacheShaders/64/cb/f1d8d983cea31e789a287bf564b5949fcdb2.udd" 7964
"C:/Users/varghesechac/AppData/Local/UnrealEngine/Common/DerivedDataCache/Buckets/FShaderJobCacheShaders/38/f3/9dd15762bb068b343836e71e99610ebaeabf.udd" 7965
"C:/Users/varghesechac/AppData/Local/UnrealEngine/Common/DerivedDataCache/Buckets/FShaderJobCacheShaders/4e/d0/aeda63e7b800ca93cb0466a23d46af0c0aac.udd" 7966
"C:/Users/varghesechac/AppData/Local/UnrealEngine/Common/DerivedDataCache/Buckets/FShaderJobCacheShaders/75/11/a2437c008567fae574e09367476970686ded.udd" 7967
"C:/Users/varghesechac/AppData/Local/UnrealEngine/Common/DerivedDataCache/Buckets/FShaderJobCacheShaders/79/a8/537c461dce5a4629d27e7d6a1eb4bee301e1.udd" 7968
"C:/Users/varghesechac/AppData/Local/UnrealEngine/Common/DerivedDataCache/Buckets/FShaderJobCacheShaders/d6/57/fe4f8196c8c4c5ce7d9b3023ee6fec6c82a5.udd" 7969
"C:/Users/varghesechac/AppData/Local/UnrealEngine/Common/DerivedDataCache/Buckets/FShaderJobCacheShaders/25/9e/a60c46d186c4e224122589733719ac784a31.udd" 7970
"C:/Users/varghesechac/AppData/Local/UnrealEngine/Common/DerivedDataCache/Buckets/FShaderJobCacheShaders/b2/94/a7c94f63f57bea52034a6ce2ef3f3bfc363e.udd" 7971
"C:/Users/varghesechac/AppData/Local/UnrealEngine/Common/DerivedDataCache/Buckets/FShaderJobCacheShaders/5e/46/1e4b03f6abbe165ef26bd0dfa07b33da8e57.udd" 7972
"C:/Users/varghesechac/AppData/Local/UnrealEngine/Common/DerivedDataCache/Buckets/FShaderJobCacheShaders/c1/73/91a5f8a899b4c8d73f28bd0c76d9d5905791.udd" 7973
"C:/Users/varghesechac/AppData/Local/UnrealEngine/Common/DerivedDataCache/Buckets/FShaderJobCacheShaders/9f/7a/3a866742d7e4a9af073cc2e4e64b13054293.udd" 7974
"C:/Users/varghesechac/AppData/Local/UnrealEngine/Common/DerivedDataCache/Buckets/FShaderJobCacheShaders/42/e0/6cd81bd0f735d790a069d5dcb22029ed3b9a.udd" 7975
"C:/Users/varghesechac/AppData/Local/UnrealEngine/Common/DerivedDataCache/Buckets/FShaderJobCacheShaders/ef/b9/382e9985304159fc094a09bd28e3bbb885d4.udd" 7976
"C:/Users/varghesechac/AppData/Local/UnrealEngine/Common/DerivedDataCache/Buckets/FShaderJobCacheShaders/a3/e4/472eccbf9b71faf68ebc5ececc60ac088209.udd" 7977
"C:/Users/varghesechac/AppData/Local/UnrealEngine/Common/DerivedDataCache/Buckets/FShaderJobCacheShaders/1c/b0/fc3457e7fe4dacbc520f75cc753f33081c32.udd" 7978
"C:/Users/varghesechac/AppData/Local/UnrealEngine/Common/DerivedDataCache/Buckets/FShaderJobCacheShaders/00/2f/fca52f6749aa672161b0aa802adcf7429fe8.udd" 7979
"C:/Users/varghesechac/AppData/Local/UnrealEngine/Common/DerivedDataCache/Buckets/FShaderJobCacheShaders/80/07/99cebd54b1802c67de78e1c28db75976923c.udd" 7980
"C:/Users/varghesechac/AppData/Local/UnrealEngine/Common/DerivedDataCache/Buckets/FShaderJobCacheShaders/d1/7d/06a5c2fa9a17851d859e01ee174262bdff79.udd" 7981
"C:/Users/varghesechac/AppData/Local/UnrealEngine/Common/DerivedDataCache/Buckets/FShaderJobCacheShaders/b0/e7/b95bdb678d6af08c71898316cd0321543e46.udd" 7982
"C:/Users/varghesechac/AppData/Local/UnrealEngine/Common/DerivedDataCache/Buckets/FShaderJobCacheShaders/dc/6f/4521d90c18bcfb5e09df7461f2d455da7f57.udd" 7983
"C:/Users/varghesechac/AppData/Local/UnrealEngine/Common/DerivedDataCache/Buckets/FShaderJobCacheShaders/a0/53/51976553a480f820697f51281bc33e4b8233.udd" 7984
"C:/Users/varghesechac/AppData/Local/UnrealEngine/Common/DerivedDataCache/Buckets/FShaderJobCacheShaders/ee/f1/2b658da1f7e254c394b28ca521503f6d836b.udd" 7985
"C:/Users/varghesechac/AppData/Local/UnrealEngine/Common/DerivedDataCache/Buckets/FShaderJobCacheShaders/3a/7c/25376ac4d61216fbbe317387bc018469ec79.udd" 7986
"C:/Users/varghesechac/AppData/Local/UnrealEngine/Common/DerivedDataCache/Buckets/FShaderJobCacheShaders/06/1b/26d655d6dbc54d1d9d40abe226bc33ebf699.udd" 7987
"C:/Users/varghesechac/AppData/Local/UnrealEngine/Common/DerivedDataCache/Buckets/FShaderJobCacheShaders/17/b6/a092ae1b97b1b010598ee3699617faa325a6.udd" 7988
"C:/Users/varghesechac/AppData/Local/UnrealEngine/Common/DerivedDataCache/Buckets/FShaderJobCacheShaders/b0/c9/6fce8fe194cf4bbccce178c3a6be8abeea37.udd" 7989
"C:/Users/varghesechac/AppData/Local/UnrealEngine/Common/DerivedDataCache/Buckets/FShaderJobCacheShaders/72/7e/0fa1e9392ebb6acb34d4d4a161e0e8b866dc.udd" 7990
"C:/Users/varghesechac/AppData/Local/UnrealEngine/Common/DerivedDataCache/Buckets/FShaderJobCacheShaders/2d/8b/10503dd4e28ac86f1b016fdcf8265a460d04.udd" 7991
"C:/Users/varghesechac/AppData/Local/UnrealEngine/Common/DerivedDataCache/Buckets/FShaderJobCacheShaders/e1/05/7ba2ed8f5532ef4ea2a1bb925338e4860a83.udd" 7992
"C:/Users/varghesechac/AppData/Local/UnrealEngine/Common/DerivedDataCache/Buckets/FShaderJobCacheShaders/1e/00/83e007a68a087ee44432a7e910a2204ecab2.udd" 7993
"C:/Users/varghesechac/AppData/Local/UnrealEngine/Common/DerivedDataCache/Buckets/FShaderJobCacheShaders/6f/3c/fe8d56897e0ef8505f3ed79070e97d41334d.udd" 7994
"C:/Users/varghesechac/AppData/Local/UnrealEngine/Common/DerivedDataCache/Buckets/FShaderJobCacheShaders/b2/4c/181901840b2232d981c855a9e56ff952b693.udd" 7995
"C:/Users/varghesechac/AppData/Local/UnrealEngine/Common/DerivedDataCache/Buckets/FShaderJobCacheShaders/49/88/f6700e3e01a8ac6a58df0630d25b93dfd49e.udd" 7996
"C:/Users/varghesechac/AppData/Local/UnrealEngine/Common/DerivedDataCache/Buckets/FShaderJobCacheShaders/fc/28/18492993a3b1ac8464f4902a767f7b6ee92e.udd" 7997
"C:/Users/varghesechac/AppData/Local/UnrealEngine/Common/DerivedDataCache/Buckets/FShaderJobCacheShaders/0a/22/4a04697b3dcbc6d760b43dd845869a731314.udd" 7998
"C:/Users/varghesechac/AppData/Local/UnrealEngine/Common/DerivedDataCache/Buckets/FShaderJobCacheShaders/cc/34/22194c1cbe390fee2f69478c7ff51ac49253.udd" 7999
"C:/Users/varghesechac/AppData/Local/UnrealEngine/Common/DerivedDataCache/Buckets/FShaderJobCacheShaders/48/4e/cf11adde498fd10652feb22378d12dc30210.udd" 8000
"C:/Users/varghesechac/AppData/Local/UnrealEngine/Common/DerivedDataCache/Buckets/FShaderJobCacheShaders/43/11/562b5a14461a4178037d1b5c029b96ea60b6.udd" 8001
"C:/Users/varghesechac/AppData/Local/UnrealEngine/Common/DerivedDataCache/Buckets/FShaderJobCacheShaders/71/fd/50d898930c9e70f6b1f034f310d2b00a2177.udd" 8002
"C:/Users/varghesechac/AppData/Local/UnrealEngine/Common/DerivedDataCache/Buckets/FShaderJobCacheShaders/f1/68/a30fd657b9ef3caa6e53b4fdb3863b8df815.udd" 8003
"C:/Users/varghesechac/AppData/Local/UnrealEngine/Common/DerivedDataCache/Buckets/FShaderJobCacheShaders/14/ea/ead0e797d2a5162abbd1dc1df3b5673c1b6e.udd" 8004
"C:/Users/varghesechac/AppData/Local/UnrealEngine/Common/DerivedDataCache/Buckets/FShaderJobCacheShaders/33/bb/1653b1c0d0dbffa0854ebdec18fa88087b17.udd" 8005
"C:/Users/varghesechac/AppData/Local/UnrealEngine/Common/DerivedDataCache/Buckets/FShaderJobCacheShaders/23/a5/37b91b5a0016e1257ba94370a3e922fdce5d.udd" 8006
"C:/Users/varghesechac/AppData/Local/UnrealEngine/Common/DerivedDataCache/Buckets/FShaderJobCacheShaders/e0/44/d3bc15ab354983ae917496e76427ac6d2c14.udd" 8007
"C:/Users/varghesechac/AppData/Local/UnrealEngine/Common/DerivedDataCache/Buckets/FShaderJobCacheShaders/f7/e9/3b2d6e791fe202838ec7e3a15d305926fe97.udd" 8008
"C:/Users/varghesechac/AppData/Local/UnrealEngine/Common/DerivedDataCache/Buckets/FShaderJobCacheShaders/92/73/9c8df1d8954e5d5204aa6d1bf4e2b205ac8a.udd" 8009
"C:/Users/varghesechac/AppData/Local/UnrealEngine/Common/DerivedDataCache/Buckets/FShaderJobCacheShaders/3b/93/be431162201823c0990b7f92c2647edbda5a.udd" 8010
"C:/Users/varghesechac/AppData/Local/UnrealEngine/Common/DerivedDataCache/Buckets/FShaderJobCacheShaders/d5/50/c297c4ef95bc0439750be718032090e19daf.udd" 8011
"C:/Users/varghesechac/AppData/Local/UnrealEngine/Common/DerivedDataCache/Buckets/FShaderJobCacheShaders/b6/6b/5ee56170c21f72b5cf399ecc6d1bceeae6ad.udd" 8012
"C:/Users/varghesechac/AppData/Local/UnrealEngine/Common/DerivedDataCache/Buckets/FShaderJobCacheShaders/5c/81/7bc0a74089dbccdc1da10fedafb920315433.udd" 8013
"C:/Users/varghesechac/AppData/Local/UnrealEngine/Common/DerivedDataCache/Buckets/FShaderJobCacheShaders/dc/ef/b66cf0b387df647b4c2e8b4a26c835aaf4c1.udd" 8014
"C:/Users/varghesechac/AppData/Local/UnrealEngine/Common/DerivedDataCache/Buckets/FShaderJobCacheShaders/c9/f3/ff31e01e0e46deb290f26077527ed9190685.udd" 8015
"C:/Users/varghesechac/AppData/Local/UnrealEngine/Common/DerivedDataCache/Buckets/FShaderJobCacheShaders/94/df/fb85e349856dc6621d8f34ed9f8a38575e79.udd" 8016
"C:/Users/varghesechac/AppData/Local/UnrealEngine/Common/DerivedDataCache/Buckets/FShaderJobCacheShaders/b6/ec/620ee8b181ebdf0e8dda9157047c8c293677.udd" 8017
"C:/Users/varghesechac/AppData/Local/UnrealEngine/Common/DerivedDataCache/Buckets/FShaderJobCacheShaders/b7/9d/192f3bb7f43ccab0f201c9645fa35c900915.udd" 8018
"C:/Users/varghesechac/AppData/Local/UnrealEngine/Common/DerivedDataCache/Buckets/FShaderJobCacheShaders/a1/40/cfd2ccd9f11083b29d3e7924c23ae4a75178.udd" 8019
"C:/Users/varghesechac/AppData/Local/UnrealEngine/Common/DerivedDataCache/Buckets/FShaderJobCacheShaders/18/9a/0f4b7a8349946e8457a94cee0798b0999d9e.udd" 8020
"C:/Users/varghesechac/AppData/Local/UnrealEngine/Common/DerivedDataCache/Buckets/FShaderJobCacheShaders/4f/78/f79c84260ec5835057979607d446cc6a2a77.udd" 8021
"C:/Users/varghesechac/AppData/Local/UnrealEngine/Common/DerivedDataCache/Buckets/FShaderJobCacheShaders/b2/96/af1d774ea2838c2e54aad0780b00a5cd29ba.udd" 8022
"C:/Users/varghesechac/AppData/Local/UnrealEngine/Common/DerivedDataCache/Buckets/FShaderJobCacheShaders/59/e3/cd439ccb29c99dbf500c05c8263719ce3b81.udd" 8023
"C:/Users/varghesechac/AppData/Local/UnrealEngine/Common/DerivedDataCache/Buckets/FShaderJobCacheShaders/05/b0/9f8399648968c7852d27dc6ab596079ee5c2.udd" 8024
"C:/Users/varghesechac/AppData/Local/UnrealEngine/Common/DerivedDataCache/Buckets/FShaderJobCacheShaders/29/8f/ea0e9c86df6e217776e2e5ac723e749c3f2d.udd" 8025
"C:/Users/varghesechac/AppData/Local/UnrealEngine/Common/DerivedDataCache/Buckets/FShaderJobCacheShaders/3b/a9/7b104adf6ea69d2dde7b0c043637678be043.udd" 8026
"C:/Users/varghesechac/AppData/Local/UnrealEngine/Common/DerivedDataCache/Buckets/FShaderJobCacheShaders/0d/a3/df37d79cc97c451362ad71da12fc7f0aceca.udd" 8027
"C:/Users/varghesechac/AppData/Local/UnrealEngine/Common/DerivedDataCache/Buckets/FShaderJobCacheShaders/65/72/c3472bcf5ba317289229cbc333ee5d6a8cfb.udd" 8028
"C:/Users/varghesechac/AppData/Local/UnrealEngine/Common/DerivedDataCache/Buckets/FShaderJobCacheShaders/3a/19/d5bf61615735216b9055a468eef76b56a4ca.udd" 8029
"C:/Users/varghesechac/AppData/Local/UnrealEngine/Common/DerivedDataCache/Buckets/FShaderJobCacheShaders/10/53/6dda1681ccc62363beb397c08ab8b80a32be.udd" 8030
"C:/Users/varghesechac/AppData/Local/UnrealEngine/Common/DerivedDataCache/Buckets/FShaderJobCacheShaders/a8/9c/4e6e37562394f5fac215c902101df450a42f.udd" 8031
"C:/Users/varghesechac/AppData/Local/UnrealEngine/Common/DerivedDataCache/Buckets/FShaderJobCacheShaders/15/06/df7a5cbbd267e8f57d7dd1b4f76fd4e1d371.udd" 8032
"C:/Users/varghesechac/AppData/Local/UnrealEngine/Common/DerivedDataCache/Buckets/FShaderJobCacheShaders/cc/59/3268fbfc7d0b92b6e737d6d5860127491848.udd" 8033
"C:/Users/varghesechac/AppData/Local/UnrealEngine/Common/DerivedDataCache/Buckets/FShaderJobCacheShaders/16/f0/a91e8330eb8ebb5c026342f70967d9fa7fb0.udd" 8034
"C:/Users/varghesechac/AppData/Local/UnrealEngine/Common/DerivedDataCache/Buckets/FShaderJobCacheShaders/a0/d8/f84a1439be3f1b2b607e9d775053180e2d78.udd" 8035
"C:/Users/varghesechac/AppData/Local/UnrealEngine/Common/DerivedDataCache/Buckets/FShaderJobCacheShaders/8e/58/0fb34752cfed37030cd82b443ddadb3f37ec.udd" 8036
"C:/Users/varghesechac/AppData/Local/UnrealEngine/Common/DerivedDataCache/Buckets/FShaderJobCacheShaders/07/df/78ff63f3fb3aa61454fc0d6b990cd78f719a.udd" 8037
"C:/Users/varghesechac/AppData/Local/UnrealEngine/Common/DerivedDataCache/Buckets/FShaderJobCacheShaders/ea/26/380d3025b47f18e0e66f79f45aa3c559a9f7.udd" 8038
"C:/Users/varghesechac/AppData/Local/UnrealEngine/Common/DerivedDataCache/Buckets/FShaderJobCacheShaders/fd/d5/4e3850d445a94675396c15eb1b601a63f838.udd" 8039
"C:/Users/varghesechac/AppData/Local/UnrealEngine/Common/DerivedDataCache/Buckets/FShaderJobCacheShaders/52/1b/39c049d7714b316a27f1583f63341bfac1d5.udd" 8040
"C:/Users/varghesechac/AppData/Local/UnrealEngine/Common/DerivedDataCache/Buckets/FShaderJobCacheShaders/00/de/f45eb00041fc03eec48dc1ec8e4460214515.udd" 8041
"C:/Users/varghesechac/AppData/Local/UnrealEngine/Common/DerivedDataCache/Buckets/FShaderJobCacheShaders/e2/e2/4741e36da641ee518be51d4472165d3f82c9.udd" 8042
"C:/Users/varghesechac/AppData/Local/UnrealEngine/Common/DerivedDataCache/Buckets/FShaderJobCacheShaders/29/a1/ef59e9817b092b766b6c35c4848bdb5fff55.udd" 8043
"C:/Users/varghesechac/AppData/Local/UnrealEngine/Common/DerivedDataCache/Buckets/FShaderJobCacheShaders/30/73/d72ceb50660acc561b95bc763203d575ee81.udd" 8044
"C:/Users/varghesechac/AppData/Local/UnrealEngine/Common/DerivedDataCache/Buckets/FShaderJobCacheShaders/ff/48/24076eaed5a7d54c025eb0f85941c9e1c162.udd" 8045
"C:/Users/varghesechac/AppData/Local/UnrealEngine/Common/DerivedDataCache/Buckets/FShaderJobCacheShaders/21/19/71dd36681c5a24ceb586f66ee2b4d9878144.udd" 8046
"C:/Users/varghesechac/AppData/Local/UnrealEngine/Common/DerivedDataCache/Buckets/FShaderJobCacheShaders/bf/ad/b93654d89f3644b9d172d559b843a709dcfa.udd" 8047
"C:/Users/varghesechac/AppData/Local/UnrealEngine/Common/DerivedDataCache/Buckets/FShaderJobCacheShaders/9e/69/426ec1fa72f1af3a078efc61464454abb950.udd" 8048
"C:/Users/varghesechac/AppData/Local/UnrealEngine/Common/DerivedDataCache/Buckets/FShaderJobCacheShaders/a2/93/eed09f67299d077a760f53e144156fbf5e42.udd" 8049
"C:/Users/varghesechac/AppData/Local/UnrealEngine/Common/DerivedDataCache/Buckets/FShaderJobCacheShaders/f4/e4/f61e8dde348ce25d269d92d9b425b81d11fd.udd" 8050
"C:/Users/varghesechac/AppData/Local/UnrealEngine/Common/DerivedDataCache/Buckets/FShaderJobCacheShaders/89/de/aa855c8ad16d9597cf2b7f06f32ead30578b.udd" 8051
"C:/Users/varghesechac/AppData/Local/UnrealEngine/Common/DerivedDataCache/Buckets/FShaderJobCacheShaders/f8/e9/811d19b7c8b4ee252375ddc659bd30fcc1b4.udd" 8052
"C:/Users/varghesechac/AppData/Local/UnrealEngine/Common/DerivedDataCache/Buckets/FShaderJobCacheShaders/a7/ed/b562b64587806d468cc256f4608b8a929d8f.udd" 8053
"C:/Users/varghesechac/AppData/Local/UnrealEngine/Common/DerivedDataCache/Buckets/FShaderJobCacheShaders/9e/65/8baede8e90b7d16c5be3b18926c9268ae7e5.udd" 8054
"C:/Users/varghesechac/AppData/Local/UnrealEngine/Common/DerivedDataCache/Buckets/FShaderJobCacheShaders/d5/fd/a85a89dfc1b9c24a9de218fc18cf0f0849b6.udd" 8055
"C:/Users/varghesechac/AppData/Local/UnrealEngine/Common/DerivedDataCache/Buckets/FShaderJobCacheShaders/97/3c/04c7326ba828d2dd6bb60ff60199f6d6728d.udd" 8056
"C:/Users/varghesechac/AppData/Local/UnrealEngine/Common/DerivedDataCache/Buckets/FShaderJobCacheShaders/fe/6d/4f929dc683fc00cc9d2a47f5893fb87149db.udd" 8057
"C:/Users/varghesechac/AppData/Local/UnrealEngine/Common/DerivedDataCache/Buckets/FShaderJobCacheShaders/84/55/2ed1e562dc7f1310da8f5f596c1c8538daee.udd" 8058
"C:/Users/varghesechac/AppData/Local/UnrealEngine/Common/DerivedDataCache/Buckets/FShaderJobCacheShaders/11/72/897ee5b9b66f472720568a40975fe6c7bc90.udd" 8059
"C:/Users/varghesechac/AppData/Local/UnrealEngine/Common/DerivedDataCache/Buckets/FShaderJobCacheShaders/ee/98/1f428aea29409c78f45c341390f684060a34.udd" 8060
"C:/Users/varghesechac/AppData/Local/UnrealEngine/Common/DerivedDataCache/Buckets/FShaderJobCacheShaders/66/e2/b2353bd4a52a1bcfe4132f001ce1a0116276.udd" 8061
"C:/Users/varghesechac/AppData/Local/UnrealEngine/Common/DerivedDataCache/Buckets/FShaderJobCacheShaders/65/bb/d008c5bf12a87dd8bad923beacf21f1c283a.udd" 8062
"C:/Users/varghesechac/AppData/Local/UnrealEngine/Common/DerivedDataCache/Buckets/FShaderJobCacheShaders/3c/bb/1bb28c5d4d28ace83bd2d4ff5a8a3f8d4dd5.udd" 8063
"C:/Users/varghesechac/AppData/Local/UnrealEngine/Common/DerivedDataCache/Buckets/FShaderJobCacheShaders/16/1d/3b316e74e6496678da77c34e543ba898e3c1.udd" 8064
"C:/Users/varghesechac/AppData/Local/UnrealEngine/Common/DerivedDataCache/Buckets/FShaderJobCacheShaders/7b/e7/efb944dfd8ec5448ea96c436fdde631fe265.udd" 8065
"C:/Users/varghesechac/AppData/Local/UnrealEngine/Common/DerivedDataCache/Buckets/FShaderJobCacheShaders/bc/a8/1f8939327d6c45325995de4f6b770d1167ff.udd" 8066
"C:/Users/varghesechac/AppData/Local/UnrealEngine/Common/DerivedDataCache/Buckets/FShaderJobCacheShaders/86/72/8e6efecc15c33da211cf5cb2695e6b690d98.udd" 8067
"C:/Users/varghesechac/AppData/Local/UnrealEngine/Common/DerivedDataCache/Buckets/FShaderJobCacheShaders/cd/c3/5b18755410b5af72af646a9bb522c704a211.udd" 8068
"C:/Users/varghesechac/AppData/Local/UnrealEngine/Common/DerivedDataCache/Buckets/FShaderJobCacheShaders/49/18/9f00ba9f58cce232c90918563e783ab4e5bb.udd" 8069
"C:/Users/varghesechac/AppData/Local/UnrealEngine/Common/DerivedDataCache/Buckets/FShaderJobCacheShaders/4c/fb/47fef530d003892e0229847d751ff859aae4.udd" 8070
"C:/Users/varghesechac/AppData/Local/UnrealEngine/Common/DerivedDataCache/Buckets/FShaderJobCacheShaders/41/12/aa6ca44c27ad0b4f91c82031f08e44f57a5b.udd" 8071
"C:/Users/varghesechac/AppData/Local/UnrealEngine/Common/DerivedDataCache/Buckets/FShaderJobCacheShaders/d7/20/8ca5e09e3bbd05caedbfa01bd41409d5b5dc.udd" 8072
"C:/Users/varghesechac/AppData/Local/UnrealEngine/Common/DerivedDataCache/Buckets/FShaderJobCacheShaders/4e/1a/06a2bbcef051d73483e512d0e862823451d6.udd" 8073
"C:/Users/varghesechac/AppData/Local/UnrealEngine/Common/DerivedDataCache/Buckets/FShaderJobCacheShaders/07/e9/1eb2694987d7721462366b228e290bfa1b41.udd" 8074
"C:/Users/varghesechac/AppData/Local/UnrealEngine/Common/DerivedDataCache/Buckets/FShaderJobCacheShaders/22/7c/4ec1c3b636e039e3cfdf06ca8780aaa3ad1f.udd" 8075
"C:/Users/varghesechac/AppData/Local/UnrealEngine/Common/DerivedDataCache/Buckets/FShaderJobCacheShaders/83/b2/6033421ab4a18b7d10476fd63350b12079d6.udd" 8076
"C:/Users/varghesechac/AppData/Local/UnrealEngine/Common/DerivedDataCache/Buckets/FShaderJobCacheShaders/79/1e/5be31655733d3320eca315f874aa91f80566.udd" 8077
"C:/Users/varghesechac/AppData/Local/UnrealEngine/Common/DerivedDataCache/Buckets/FShaderJobCacheShaders/18/26/0561cec7f676295a8b2d1e9a1d335f9bdd1e.udd" 8078
"C:/Users/varghesechac/AppData/Local/UnrealEngine/Common/DerivedDataCache/Buckets/FShaderJobCacheShaders/a6/a4/9c06ccfed1ab7c96a9740f79f4aa16b7e2d0.udd" 8079
"C:/Users/varghesechac/AppData/Local/UnrealEngine/Common/DerivedDataCache/Buckets/FShaderJobCacheShaders/7b/e3/2f8b96a6816d299ecec8d55adb3b9f715de7.udd" 8080
"C:/Users/varghesechac/AppData/Local/UnrealEngine/Common/DerivedDataCache/Buckets/FShaderJobCacheShaders/64/0c/9828d94e4bd50e0b9a8b92c911dc0ec929a9.udd" 8081
"C:/Users/varghesechac/AppData/Local/UnrealEngine/Common/DerivedDataCache/Buckets/FShaderJobCacheShaders/c9/f7/3eca5a369c96201d8166a22ca8c504ed6432.udd" 8082
"C:/Users/varghesechac/AppData/Local/UnrealEngine/Common/DerivedDataCache/Buckets/FShaderJobCacheShaders/a0/56/6eeacc35cc250c57255cf9ce84b98db7a61b.udd" 8083
"C:/Users/varghesechac/AppData/Local/UnrealEngine/Common/DerivedDataCache/Buckets/FShaderJobCacheShaders/72/b3/62ac9ab713f95d4c86555d0abe477d41c9c5.udd" 8084
"C:/Users/varghesechac/AppData/Local/UnrealEngine/Common/DerivedDataCache/Buckets/FShaderJobCacheShaders/4a/f9/43e590ae8ece1325a7d31c1a0a081a2e923b.udd" 8085
"C:/Users/varghesechac/AppData/Local/UnrealEngine/Common/DerivedDataCache/Buckets/FShaderJobCacheShaders/a5/c2/0edeaceefb0c625507514fcc4287b43b55e1.udd" 8086
"C:/Users/varghesechac/AppData/Local/UnrealEngine/Common/DerivedDataCache/Buckets/FShaderJobCacheShaders/f3/59/a42a2dd4a346c503528c86fa3d7784c84430.udd" 8087
"C:/Users/varghesechac/AppData/Local/UnrealEngine/Common/DerivedDataCache/Buckets/FShaderJobCacheShaders/03/79/de6f097204bdb10d8766eb6e18ae0b45be37.udd" 8088
"C:/Users/varghesechac/AppData/Local/UnrealEngine/Common/DerivedDataCache/Buckets/FShaderJobCacheShaders/64/81/6f8a1530eba3e255910852d5d4d91701d073.udd" 8089
"C:/Users/varghesechac/AppData/Local/UnrealEngine/Common/DerivedDataCache/Buckets/FShaderJobCacheShaders/48/77/d724904a2c1cf6df4c699f5fcdf1c760e4de.udd" 8090
"C:/Users/varghesechac/AppData/Local/UnrealEngine/Common/DerivedDataCache/Buckets/FShaderJobCacheShaders/3f/8c/48f48f89fb4af285f813a3f3e42a67e7959a.udd" 8091
"C:/Users/varghesechac/AppData/Local/UnrealEngine/Common/DerivedDataCache/Buckets/FShaderJobCacheShaders/0a/78/38595243dffdfee04284728d7e2defc6ad24.udd" 8092
"C:/Users/varghesechac/AppData/Local/UnrealEngine/Common/DerivedDataCache/Buckets/FShaderJobCacheShaders/c9/63/c12bbf435ad5bd2f42041d113e8b891f0fdf.udd" 8093
"C:/Users/varghesechac/AppData/Local/UnrealEngine/Common/DerivedDataCache/Buckets/FShaderJobCacheShaders/49/a5/922836891950d0de81d61e27b07e86dd3553.udd" 8094
"C:/Users/varghesechac/AppData/Local/UnrealEngine/Common/DerivedDataCache/Buckets/FShaderJobCacheShaders/5e/3e/852359363def70eec35d11ebd1670d9e7849.udd" 8095
"C:/Users/varghesechac/AppData/Local/UnrealEngine/Common/DerivedDataCache/Buckets/FShaderJobCacheShaders/f1/7f/7aac7e3b014aa0519344b0b42879bb6a762d.udd" 8096
"C:/Users/varghesechac/AppData/Local/UnrealEngine/Common/DerivedDataCache/Buckets/FShaderJobCacheShaders/22/fc/f1d0f435eee686804afb7bb55dd7f65afc1f.udd" 8097
"C:/Users/varghesechac/AppData/Local/UnrealEngine/Common/DerivedDataCache/Buckets/FShaderJobCacheShaders/7d/0b/72e1dff458667e367da795d843e05c1fccbc.udd" 8098
"C:/Users/varghesechac/AppData/Local/UnrealEngine/Common/DerivedDataCache/Buckets/FShaderJobCacheShaders/7f/bd/3d991149686dd80bf46307e8c0eac0b4cb94.udd" 8099
"C:/Users/varghesechac/AppData/Local/UnrealEngine/Common/DerivedDataCache/Buckets/FShaderJobCacheShaders/ed/cc/5438719d15fe26b458ec8a4d7bd829a222cf.udd" 8100
"C:/Users/varghesechac/AppData/Local/UnrealEngine/Common/DerivedDataCache/Buckets/FShaderJobCacheShaders/53/17/159546e75b9544591ad1f4d3385534d9bc12.udd" 8101
"C:/Users/varghesechac/AppData/Local/UnrealEngine/Common/DerivedDataCache/Buckets/FShaderJobCacheShaders/e0/3d/4a1cd1887381f8f67b7767352859bcfede32.udd" 8102
"C:/Users/varghesechac/AppData/Local/UnrealEngine/Common/DerivedDataCache/Buckets/FShaderJobCacheShaders/96/d4/19e921949ae2d0a9aa156a2fe417df497e38.udd" 8103
"C:/Users/varghesechac/AppData/Local/UnrealEngine/Common/DerivedDataCache/Buckets/FShaderJobCacheShaders/50/14/01b7c07f749e4bf1653803977fedea0f8df8.udd" 8104
"C:/Users/varghesechac/AppData/Local/UnrealEngine/Common/DerivedDataCache/Buckets/FShaderJobCacheShaders/03/c8/fe562b1e845630be00cd1d717d36d3850197.udd" 8105
"C:/Users/varghesechac/AppData/Local/UnrealEngine/Common/DerivedDataCache/Buckets/FShaderJobCacheShaders/40/b8/f28a891ef0411bde5eca2066b4820183a0f8.udd" 8106
"C:/Users/varghesechac/AppData/Local/UnrealEngine/Common/DerivedDataCache/Buckets/FShaderJobCacheShaders/32/b6/2c5a2137317d7ff7c76be8ca76f0fde00d0d.udd" 8107
"C:/Users/varghesechac/AppData/Local/UnrealEngine/Common/DerivedDataCache/Buckets/FShaderJobCacheShaders/a8/c0/03f064b04836e57246a7398c6eaac0bbd6c4.udd" 8108
"C:/Users/varghesechac/AppData/Local/UnrealEngine/Common/DerivedDataCache/Buckets/FShaderJobCacheShaders/1d/73/ca13c6cc4f04d4d686b440e383adecdbc754.udd" 8109
"C:/Users/varghesechac/AppData/Local/UnrealEngine/Common/DerivedDataCache/Buckets/FShaderJobCacheShaders/ec/ea/10890471b7abecc2cf960c247c1b5abb53ee.udd" 8110
"C:/Users/varghesechac/AppData/Local/UnrealEngine/Common/DerivedDataCache/Buckets/FShaderJobCacheShaders/f4/b5/af13c9ebe210caa969810ed31b57919c763d.udd" 8111
"C:/Users/varghesechac/AppData/Local/UnrealEngine/Common/DerivedDataCache/Buckets/FShaderJobCacheShaders/d8/ed/81c9f831ddc351148b9534b77d4985899633.udd" 8112
"C:/Users/varghesechac/AppData/Local/UnrealEngine/Common/DerivedDataCache/Buckets/FShaderJobCacheShaders/79/e8/83a654613b1f150bc4ad21f84f2eece7df1c.udd" 8113
"C:/Users/varghesechac/AppData/Local/UnrealEngine/Common/DerivedDataCache/Buckets/FShaderJobCacheShaders/ff/b6/9ed920ef1bfd077b706338c6f6335b18478d.udd" 8114
"C:/Users/varghesechac/AppData/Local/UnrealEngine/Common/DerivedDataCache/Buckets/FShaderJobCacheShaders/a2/40/beb83e6850e810d3b7b861e69c95f94e5c5f.udd" 8115
"C:/Users/varghesechac/AppData/Local/UnrealEngine/Common/DerivedDataCache/Buckets/FShaderJobCacheShaders/a1/98/101bb6ed6f99e78e2aa801ae818bb32e47e2.udd" 8116
"C:/Users/varghesechac/AppData/Local/UnrealEngine/Common/DerivedDataCache/Buckets/FShaderJobCacheShaders/98/c9/fffba1d1deb51a9ab11fc6c96d4c2c51224e.udd" 8117
"C:/Users/varghesechac/AppData/Local/UnrealEngine/Common/DerivedDataCache/Buckets/FShaderJobCacheShaders/ff/c1/73998b05ac422e841248fa4597032f200eb6.udd" 8118
"C:/Users/varghesechac/AppData/Local/UnrealEngine/Common/DerivedDataCache/Buckets/FShaderJobCacheShaders/51/04/f84baa8321bb6bd32c119c778108e8d9302b.udd" 8119
"C:/Users/varghesechac/AppData/Local/UnrealEngine/Common/DerivedDataCache/Buckets/FShaderJobCacheShaders/52/38/643f17755a186aa35040fa1f4cbd63b349c2.udd" 8120
"C:/Users/varghesechac/AppData/Local/UnrealEngine/Common/DerivedDataCache/Buckets/FShaderJobCacheShaders/ab/82/c7c762bfd5a86fcfbd569a942291e3a4b7b0.udd" 8121
"C:/Users/varghesechac/AppData/Local/UnrealEngine/Common/DerivedDataCache/Buckets/FShaderJobCacheShaders/b2/4c/9c294a98628d88a39337bf6b78965c6f2ec3.udd" 8122
"C:/Users/varghesechac/AppData/Local/UnrealEngine/Common/DerivedDataCache/Buckets/FShaderJobCacheShaders/54/96/1fdd7fea6c2d48e831eda127231ee25032d6.udd" 8123
"C:/Users/varghesechac/AppData/Local/UnrealEngine/Common/DerivedDataCache/Buckets/FShaderJobCacheShaders/54/18/6423d1311d7a3ca18ac73c7d5de864f6ddeb.udd" 8124
"C:/Users/varghesechac/AppData/Local/UnrealEngine/Common/DerivedDataCache/Buckets/FShaderJobCacheShaders/98/c6/c9791f007c05030c23b9ec235c256bfa8504.udd" 8125
"C:/Users/varghesechac/AppData/Local/UnrealEngine/Common/DerivedDataCache/Buckets/FShaderJobCacheShaders/c8/d6/5a507337dee2339efc67f5f1e03fe33b9fd9.udd" 8126
"C:/Users/varghesechac/AppData/Local/UnrealEngine/Common/DerivedDataCache/Buckets/FShaderJobCacheShaders/94/36/919dc6fa1607491591c3712db0ab6a567360.udd" 8127
"C:/Users/varghesechac/AppData/Local/UnrealEngine/Common/DerivedDataCache/Buckets/FShaderJobCacheShaders/95/c6/6f6b5e917545b78ecb28d6297a0cc257c673.udd" 8128
"C:/Users/varghesechac/AppData/Local/UnrealEngine/Common/DerivedDataCache/Buckets/FShaderJobCacheShaders/f8/59/7c415fa2de3bbe89fa634cd8b8ebaac77b29.udd" 8129
"C:/Users/varghesechac/AppData/Local/UnrealEngine/Common/DerivedDataCache/Buckets/FShaderJobCacheShaders/61/7d/7d184009bbee6a722896ae4279c2e2ebf99d.udd" 8130
"C:/Users/varghesechac/AppData/Local/UnrealEngine/Common/DerivedDataCache/Buckets/FShaderJobCacheShaders/53/9c/c1b4daf2d61d4b3ea6580e9fcd040e806959.udd" 8131
"C:/Users/varghesechac/AppData/Local/UnrealEngine/Common/DerivedDataCache/Buckets/FShaderJobCacheShaders/96/ff/789905107f0806369453e68cfcfc5a2e665d.udd" 8132
"C:/Users/varghesechac/AppData/Local/UnrealEngine/Common/DerivedDataCache/Buckets/FShaderJobCacheShaders/5a/04/b7a59fa0cb0bd0ea1692d936ff56a5d3baea.udd" 8133
"C:/Users/varghesechac/AppData/Local/UnrealEngine/Common/DerivedDataCache/Buckets/FShaderJobCacheShaders/02/30/a5f6831308297f79f7027cd4fd53c8191a34.udd" 8134
"C:/Users/varghesechac/AppData/Local/UnrealEngine/Common/DerivedDataCache/Buckets/FShaderJobCacheShaders/5f/b7/74a801b241069ef81e380240239606a83961.udd" 8135
"C:/Users/varghesechac/AppData/Local/UnrealEngine/Common/DerivedDataCache/Buckets/FShaderJobCacheShaders/fa/21/e799358493e9eea11263dfdace609362c190.udd" 8136
"C:/Users/varghesechac/AppData/Local/UnrealEngine/Common/DerivedDataCache/Buckets/FShaderJobCacheShaders/09/6d/d063be3dd6d92b26febe97bbcd0e0d3e0bf3.udd" 8137
"C:/Users/varghesechac/AppData/Local/UnrealEngine/Common/DerivedDataCache/Buckets/FShaderJobCacheShaders/70/5b/2948e2fa4f3c7cadf05449bb8b78ec2bdd8d.udd" 8138
"C:/Users/varghesechac/AppData/Local/UnrealEngine/Common/DerivedDataCache/Buckets/FShaderJobCacheShaders/f6/cc/c90a24d5b8af7ce0563f14f1f8561ca73775.udd" 8139
"C:/Users/varghesechac/AppData/Local/UnrealEngine/Common/DerivedDataCache/Buckets/FShaderJobCacheShaders/46/61/319bbbbbfa172f7e83d2c0cd39f0c95c3b04.udd" 8140
"C:/Users/varghesechac/AppData/Local/UnrealEngine/Common/DerivedDataCache/Buckets/FShaderJobCacheShaders/85/91/e7ec92225b2eb5c7bdbedf2a6faa56a9a66d.udd" 8141
"C:/Users/varghesechac/AppData/Local/UnrealEngine/Common/DerivedDataCache/Buckets/FShaderJobCacheShaders/d5/6f/625ccbe50731e57b5467861d7aaca0a070d9.udd" 8142
"C:/Users/varghesechac/AppData/Local/UnrealEngine/Common/DerivedDataCache/Buckets/FShaderJobCacheShaders/b8/44/98914b7bd7825d92c4d5d51bd672c3c41afb.udd" 8143
"C:/Users/varghesechac/AppData/Local/UnrealEngine/Common/DerivedDataCache/Buckets/FShaderJobCacheShaders/94/57/8166c12a6b38b6ffc17a128c72c34a6cd90a.udd" 8144
"C:/Users/varghesechac/AppData/Local/UnrealEngine/Common/DerivedDataCache/Buckets/FShaderJobCacheShaders/f7/ce/a358c32af9c94cbb19e563d01a571b33f521.udd" 8145
"C:/Users/varghesechac/AppData/Local/UnrealEngine/Common/DerivedDataCache/Buckets/FShaderJobCacheShaders/d9/07/216bb8e79b096db2c97ead964dc170471a01.udd" 8146
"C:/Users/varghesechac/AppData/Local/UnrealEngine/Common/DerivedDataCache/Buckets/FShaderJobCacheShaders/ab/57/17dc66ca7b9cef41c0bedbd313f8ad6bf784.udd" 8147
"C:/Users/varghesechac/AppData/Local/UnrealEngine/Common/DerivedDataCache/Buckets/FShaderJobCacheShaders/29/af/721277d4cc3e89fde496efae8f4420a28d1c.udd" 8148
"C:/Users/varghesechac/AppData/Local/UnrealEngine/Common/DerivedDataCache/Buckets/FShaderJobCacheShaders/61/c2/d3b2f63013d6b6f70c2141943e47450591ca.udd" 8149
"C:/Users/varghesechac/AppData/Local/UnrealEngine/Common/DerivedDataCache/Buckets/FShaderJobCacheShaders/89/2e/fc36ed5ba7f8071cccb959b16f4c796b7d8c.udd" 8150
"C:/Users/varghesechac/AppData/Local/UnrealEngine/Common/DerivedDataCache/Buckets/FShaderJobCacheShaders/ce/fe/3e70b190e531f2fe8703ca21aaa064c84451.udd" 8151
"C:/Users/varghesechac/AppData/Local/UnrealEngine/Common/DerivedDataCache/Buckets/FShaderJobCacheShaders/de/05/eafcaaa0e2bd674a6fae464347166cb523ea.udd" 8152
"C:/Users/varghesechac/AppData/Local/UnrealEngine/Common/DerivedDataCache/Buckets/FShaderJobCacheShaders/c4/4f/41580f7d7d7033e86f4d16324f3225581954.udd" 8153
"C:/Users/varghesechac/AppData/Local/UnrealEngine/Common/DerivedDataCache/Buckets/FShaderJobCacheShaders/13/2c/6932944c1536193222169be5819411c9334a.udd" 8154
"C:/Users/varghesechac/AppData/Local/UnrealEngine/Common/DerivedDataCache/Buckets/FShaderJobCacheShaders/94/59/a779212e3410c48624f8dc8dd1d5e7438bf3.udd" 8155
"C:/Users/varghesechac/AppData/Local/UnrealEngine/Common/DerivedDataCache/Buckets/FShaderJobCacheShaders/0c/56/9136d539c642d975929f891748d7be859d52.udd" 8156
"C:/Users/varghesechac/AppData/Local/UnrealEngine/Common/DerivedDataCache/Buckets/FShaderJobCacheShaders/fa/5e/503d31fe616f26013bb44e6b2dc895671c97.udd" 8157
"C:/Users/varghesechac/AppData/Local/UnrealEngine/Common/DerivedDataCache/Buckets/FShaderJobCacheShaders/62/fc/948dc55cde3e0b5b6ab4c3e52399c2ee6992.udd" 8158
"C:/Users/varghesechac/AppData/Local/UnrealEngine/Common/DerivedDataCache/Buckets/FShaderJobCacheShaders/2a/5d/f36c6665dc0710cdcb69ad58790fef289469.udd" 8159
"C:/Users/varghesechac/AppData/Local/UnrealEngine/Common/DerivedDataCache/Buckets/FShaderJobCacheShaders/1e/9e/a5d674920f284d8d53bcacecf2a8763582d0.udd" 8160
"C:/Users/varghesechac/AppData/Local/UnrealEngine/Common/DerivedDataCache/Buckets/FShaderJobCacheShaders/d5/12/141797556ac083665014a4500caa4e9a5718.udd" 8161
"C:/Users/varghesechac/AppData/Local/UnrealEngine/Common/DerivedDataCache/Buckets/FShaderJobCacheShaders/b4/64/cf2417fa29853a7ef0937232b74a174fa296.udd" 8162
"C:/Users/varghesechac/AppData/Local/UnrealEngine/Common/DerivedDataCache/Buckets/FShaderJobCacheShaders/e4/8d/5fff65fab1b640b0d01d482a2d4a3f9f1569.udd" 8163
"C:/Users/varghesechac/AppData/Local/UnrealEngine/Common/DerivedDataCache/Buckets/FShaderJobCacheShaders/4e/43/4d6cbf3723edc509bdd42aaeb1ac29c234b1.udd" 8164
"C:/Users/varghesechac/AppData/Local/UnrealEngine/Common/DerivedDataCache/Buckets/FShaderJobCacheShaders/ef/d6/37b63ec2922f0377dd2e98ce3c2c30b84b36.udd" 8165
"C:/Users/varghesechac/AppData/Local/UnrealEngine/Common/DerivedDataCache/Buckets/FShaderJobCacheShaders/19/ab/40b8b84865e46d40ba1c06b0fcb8636136c8.udd" 8166
"C:/Users/varghesechac/AppData/Local/UnrealEngine/Common/DerivedDataCache/Buckets/FShaderJobCacheShaders/49/2c/ca034477ed1dd45f111093bca5a238302f66.udd" 8167
"C:/Users/varghesechac/AppData/Local/UnrealEngine/Common/DerivedDataCache/Buckets/FShaderJobCacheShaders/34/5d/cd01d33b3fe15562fa682eaa4da3c2f64e8d.udd" 8168
"C:/Users/varghesechac/AppData/Local/UnrealEngine/Common/DerivedDataCache/Buckets/FShaderJobCacheShaders/ec/fc/2ff60daa3fd5fe632b388477fc59511f5aee.udd" 8169
"C:/Users/varghesechac/AppData/Local/UnrealEngine/Common/DerivedDataCache/Buckets/FShaderJobCacheShaders/58/8c/14ebfd7335cd064bbd1a1adec8e4741792c3.udd" 8170
"C:/Users/varghesechac/AppData/Local/UnrealEngine/Common/DerivedDataCache/Buckets/FShaderJobCacheShaders/64/c6/b7958a768b1b99a515aaefd72876d44d51a1.udd" 8171
"C:/Users/varghesechac/AppData/Local/UnrealEngine/Common/DerivedDataCache/Buckets/FShaderJobCacheShaders/f2/8b/56ddc1d70f3ae2c3b3e14c726fac7f985f4b.udd" 8172
"C:/Users/varghesechac/AppData/Local/UnrealEngine/Common/DerivedDataCache/Buckets/FShaderJobCacheShaders/64/ee/885eb97c8d3bb769d12ebd9df54e3d06d993.udd" 8173
"C:/Users/varghesechac/AppData/Local/UnrealEngine/Common/DerivedDataCache/Buckets/FShaderJobCacheShaders/c6/a0/355928f2255be240933fe403be809f5d17bc.udd" 8174
"C:/Users/varghesechac/AppData/Local/UnrealEngine/Common/DerivedDataCache/Buckets/FShaderJobCacheShaders/26/35/d92cce19677b42a632e6ccc2f437e10c517b.udd" 8175
"C:/Users/varghesechac/AppData/Local/UnrealEngine/Common/DerivedDataCache/Buckets/FShaderJobCacheShaders/b9/19/4e8eafb410b8bfddfdd2ec936c00d0c0d110.udd" 8176
"C:/Users/varghesechac/AppData/Local/UnrealEngine/Common/DerivedDataCache/Buckets/FShaderJobCacheShaders/44/09/58a1e843e3e7d15fe17d9069bf380688806c.udd" 8177
"C:/Users/varghesechac/AppData/Local/UnrealEngine/Common/DerivedDataCache/Buckets/FShaderJobCacheShaders/43/fa/03ae4b90d50fbb6ac50947e8186fad73e674.udd" 8178
"C:/Users/varghesechac/AppData/Local/UnrealEngine/Common/DerivedDataCache/Buckets/FShaderJobCacheShaders/41/98/f882f1084ffa4e52e9fee45d062cb5558b1f.udd" 8179
"C:/Users/varghesechac/AppData/Local/UnrealEngine/Common/DerivedDataCache/Buckets/FShaderJobCacheShaders/41/44/fa577454e4878dac9cd5887c6db3fb4e8d31.udd" 8180
"C:/Users/varghesechac/AppData/Local/UnrealEngine/Common/DerivedDataCache/Buckets/FShaderJobCacheShaders/49/a3/e63f46d74e2d21189ad824aac059612573d5.udd" 8181
"C:/Users/varghesechac/AppData/Local/UnrealEngine/Common/DerivedDataCache/Buckets/FShaderJobCacheShaders/bd/0e/026076cb1fff96624d8eea196c4788c04859.udd" 8182
"C:/Users/varghesechac/AppData/Local/UnrealEngine/Common/DerivedDataCache/Buckets/FShaderJobCacheShaders/17/9b/0f4bd22d70e50075366d7aa8cabf242047ab.udd" 8183
"C:/Users/varghesechac/AppData/Local/UnrealEngine/Common/DerivedDataCache/Buckets/FShaderJobCacheShaders/fd/2a/b36f6dd7101aaf2c26597f50682c169c5e41.udd" 8184
"C:/Users/varghesechac/AppData/Local/UnrealEngine/Common/DerivedDataCache/Buckets/FShaderJobCacheShaders/11/60/90a6ff781ff226717888259103465330dd1d.udd" 8185
"C:/Users/varghesechac/AppData/Local/UnrealEngine/Common/DerivedDataCache/Buckets/FShaderJobCacheShaders/2c/7f/af3a202136508082a9d16f1be0b8a60b83d2.udd" 8186
"C:/Users/varghesechac/AppData/Local/UnrealEngine/Common/DerivedDataCache/Buckets/FShaderJobCacheShaders/ad/c5/5a15aa570f5e581321b527d9583011b39561.udd" 8187
"C:/Users/varghesechac/AppData/Local/UnrealEngine/Common/DerivedDataCache/Buckets/FShaderJobCacheShaders/16/bb/58a6199c0bc92319e1e4ad9cc269145c35c9.udd" 8188
"C:/Users/varghesechac/AppData/Local/UnrealEngine/Common/DerivedDataCache/Buckets/FShaderJobCacheShaders/1c/1b/696babdb8944fbf25fb596494d767c65296c.udd" 8189
"C:/Users/varghesechac/AppData/Local/UnrealEngine/Common/DerivedDataCache/Buckets/FShaderJobCacheShaders/fb/86/8f57f1048f9b7c67dada35a3cdad60f1db12.udd" 8190
"C:/Users/varghesechac/AppData/Local/UnrealEngine/Common/DerivedDataCache/Buckets/FShaderJobCacheShaders/fe/f1/5183649c8bfd1f523fc77302c2fd1cdf5a02.udd" 8191
"C:/Users/varghesechac/AppData/Local/UnrealEngine/Common/DerivedDataCache/Buckets/FShaderJobCacheShaders/d4/6d/d9fe625ea5222b8dbdcd015e331dabcfe9ea.udd" 8192
"C:/Users/varghesechac/AppData/Local/UnrealEngine/Common/DerivedDataCache/Buckets/FShaderJobCacheShaders/82/c0/9b85f9116c0067f0bff88d205a695c0f0b18.udd" 8193
"C:/Users/varghesechac/AppData/Local/UnrealEngine/Common/DerivedDataCache/Buckets/FShaderJobCacheShaders/9a/bf/2651d610f1b35d841d2f0fcdbe05daba47d2.udd" 8194
"C:/Users/varghesechac/AppData/Local/UnrealEngine/Common/DerivedDataCache/Buckets/FShaderJobCacheShaders/03/4e/c9816b3885a262b48c7aba11c7d215fdbbd6.udd" 8195
"C:/Users/varghesechac/AppData/Local/UnrealEngine/Common/DerivedDataCache/Buckets/FShaderJobCacheShaders/ae/a3/1c2cb051cbbc22945b9a1eb169b9ca1d70ef.udd" 8196
"C:/Users/varghesechac/AppData/Local/UnrealEngine/Common/DerivedDataCache/Buckets/FShaderJobCacheShaders/f8/fc/6762e312374c66d98d047075d47b3cfb6c57.udd" 8197
"C:/Users/varghesechac/AppData/Local/UnrealEngine/Common/DerivedDataCache/Buckets/FShaderJobCacheShaders/e5/cc/1c8d6bea41ab4257fe6e23b749d3694fd977.udd" 8198
"C:/Users/varghesechac/AppData/Local/UnrealEngine/Common/DerivedDataCache/Buckets/FShaderJobCacheShaders/d9/51/b001ce0d1aa9c7474b6311abd8da8d1c3267.udd" 8199
"C:/Users/varghesechac/AppData/Local/UnrealEngine/Common/DerivedDataCache/Buckets/FShaderJobCacheShaders/72/ab/21cbd5ddc9dad6b92a583e53d7fef04486fa.udd" 8200
"C:/Users/varghesechac/AppData/Local/UnrealEngine/Common/DerivedDataCache/Buckets/FShaderJobCacheShaders/83/e2/d3e65cfa2b5c5008c7cf8f83df367e9bff99.udd" 8201
"C:/Users/varghesechac/AppData/Local/UnrealEngine/Common/DerivedDataCache/Buckets/FShaderJobCacheShaders/6a/8a/d56f944f44f1fb37a800cd9fbad451f18a25.udd" 8202
"C:/Users/varghesechac/AppData/Local/UnrealEngine/Common/DerivedDataCache/Buckets/FShaderJobCacheShaders/8e/31/43c347b7bb85c95fb5ebb2b3fe3cbb9d7e7e.udd" 8203
"C:/Users/varghesechac/AppData/Local/UnrealEngine/Common/DerivedDataCache/Buckets/FShaderJobCacheShaders/fc/29/5de60674a5e13a60996231af40018c74f4ca.udd" 8204
"C:/Users/varghesechac/AppData/Local/UnrealEngine/Common/DerivedDataCache/Buckets/FShaderJobCacheShaders/0c/b3/881f57d1532b36cb5434b5696cc91e6d7a5b.udd" 8205
"C:/Users/varghesechac/AppData/Local/UnrealEngine/Common/DerivedDataCache/Buckets/FShaderJobCacheShaders/c2/27/461d7d0614ab8a45697c2b0d67add01da725.udd" 8206
"C:/Users/varghesechac/AppData/Local/UnrealEngine/Common/DerivedDataCache/Buckets/FShaderJobCacheShaders/46/94/3820973bb72d3ae96230855efa1562ca6330.udd" 8207
"C:/Users/varghesechac/AppData/Local/UnrealEngine/Common/DerivedDataCache/Buckets/FShaderJobCacheShaders/af/39/d79482ceb0ef4d6d349a34364b4e7de7a6ff.udd" 8208
"C:/Users/varghesechac/AppData/Local/UnrealEngine/Common/DerivedDataCache/Buckets/FShaderJobCacheShaders/10/71/9a57112253404e5d848449db362ae3ecdacd.udd" 8209
"C:/Users/varghesechac/AppData/Local/UnrealEngine/Common/DerivedDataCache/Buckets/FShaderJobCacheShaders/0f/b7/4bafea1434795e7fe92c0ba96d298975f9ac.udd" 8210
"C:/Users/varghesechac/AppData/Local/UnrealEngine/Common/DerivedDataCache/Buckets/FShaderJobCacheShaders/ca/ea/afa3ef5cafada5627c506b485a6b52668835.udd" 8211
"C:/Users/varghesechac/AppData/Local/UnrealEngine/Common/DerivedDataCache/Buckets/FShaderJobCacheShaders/41/35/0a7440a5639c45f3c9b9112d6d3c4be1e658.udd" 8212
"C:/Users/varghesechac/AppData/Local/UnrealEngine/Common/DerivedDataCache/Buckets/FShaderJobCacheShaders/52/0e/9c819af40b8d271804ecec7bc845a6d0c260.udd" 8213
"C:/Users/varghesechac/AppData/Local/UnrealEngine/Common/DerivedDataCache/Buckets/FShaderJobCacheShaders/62/16/f5a456266da23976bc2d2b60344b656a3e32.udd" 8214
"C:/Users/varghesechac/AppData/Local/UnrealEngine/Common/DerivedDataCache/Buckets/FShaderJobCacheShaders/a3/49/cc82b6a72431dc4d2095f11157d699405cd8.udd" 8215
"C:/Users/varghesechac/AppData/Local/UnrealEngine/Common/DerivedDataCache/Buckets/FShaderJobCacheShaders/b5/d6/bf7305de9a121cda532678b75b823edfda46.udd" 8216
"C:/Users/varghesechac/AppData/Local/UnrealEngine/Common/DerivedDataCache/Buckets/FShaderJobCacheShaders/5e/1c/527a74f288564321b1edda486a24bb170e1e.udd" 8217
"C:/Users/varghesechac/AppData/Local/UnrealEngine/Common/DerivedDataCache/Buckets/FShaderJobCacheShaders/06/96/056f41860a1118f7172d25031559532fe9a1.udd" 8218
"C:/Users/varghesechac/AppData/Local/UnrealEngine/Common/DerivedDataCache/Buckets/FShaderJobCacheShaders/7f/db/4c59230ef73427732c4dfee972985fb56602.udd" 8219
"C:/Users/varghesechac/AppData/Local/UnrealEngine/Common/DerivedDataCache/Buckets/FShaderJobCacheShaders/d3/e3/cd648bb8c24e08ecd09c21d39e7840601a67.udd" 8220
"C:/Users/varghesechac/AppData/Local/UnrealEngine/Common/DerivedDataCache/Buckets/FShaderJobCacheShaders/cf/76/bda2cb83405f6356c797135eaeee79feabb7.udd" 8221
"C:/Users/varghesechac/AppData/Local/UnrealEngine/Common/DerivedDataCache/Buckets/FShaderJobCacheShaders/49/39/cc4929428d67d311cb93749850c8526776bb.udd" 8222
"C:/Users/varghesechac/AppData/Local/UnrealEngine/Common/DerivedDataCache/Buckets/FShaderJobCacheShaders/a9/48/6a77ac8252e029d75a102c0f50e841587e6e.udd" 8223
"C:/Users/varghesechac/AppData/Local/UnrealEngine/Common/DerivedDataCache/Buckets/FShaderJobCacheShaders/1b/58/8405dcd8e936dd3fa4c126c3b16091fb9a7c.udd" 8224
"C:/Users/varghesechac/AppData/Local/UnrealEngine/Common/DerivedDataCache/Buckets/FShaderJobCacheShaders/2d/a7/09311f10e1428bafd2fc364a5ff2010575a9.udd" 8225
"C:/Users/varghesechac/AppData/Local/UnrealEngine/Common/DerivedDataCache/Buckets/FShaderJobCacheShaders/29/bc/d1c71cb6906a2882d663991fdb67828d2fd2.udd" 8226
"C:/Users/varghesechac/AppData/Local/UnrealEngine/Common/DerivedDataCache/Buckets/FShaderJobCacheShaders/07/67/94bdbdd66d8057a664029a5611bd833315de.udd" 8227
"C:/Users/varghesechac/AppData/Local/UnrealEngine/Common/DerivedDataCache/Buckets/FShaderJobCacheShaders/28/97/1852d3a7740150171bd78d091c589b407cd4.udd" 8228
"C:/Users/varghesechac/AppData/Local/UnrealEngine/Common/DerivedDataCache/Buckets/FShaderJobCacheShaders/5f/7c/a7d04b1cec4602f91991aea6471c98149d04.udd" 8229
"C:/Users/varghesechac/AppData/Local/UnrealEngine/Common/DerivedDataCache/Buckets/FShaderJobCacheShaders/3d/49/e78e147f895350366030042959c95f937d17.udd" 8230
"C:/Users/varghesechac/AppData/Local/UnrealEngine/Common/DerivedDataCache/Buckets/FShaderJobCacheShaders/a9/7a/6fa4e5e543b6a4d426fa947694aaf506316a.udd" 8231
"C:/Users/varghesechac/AppData/Local/UnrealEngine/Common/DerivedDataCache/Buckets/FShaderJobCacheShaders/08/ba/d6b856ae33de4ced0b773fd101e8fb63cd79.udd" 8232
"C:/Users/varghesechac/AppData/Local/UnrealEngine/Common/DerivedDataCache/Buckets/FShaderJobCacheShaders/87/b6/094859bb9067f58540f247eceaf410adf7ef.udd" 8233
"C:/Users/varghesechac/AppData/Local/UnrealEngine/Common/DerivedDataCache/Buckets/FShaderJobCacheShaders/68/5d/05acf5bd1ffcdb8c00f0d35d6c45f615cea1.udd" 8234
"C:/Users/varghesechac/AppData/Local/UnrealEngine/Common/DerivedDataCache/Buckets/FShaderJobCacheShaders/49/8b/7acaea89b411e8c21dd6c1540be81de6fe88.udd" 8235
"C:/Users/varghesechac/AppData/Local/UnrealEngine/Common/DerivedDataCache/Buckets/FShaderJobCacheShaders/ac/62/cff96ceb4dcf64984ceab551d51cee196470.udd" 8236
"C:/Users/varghesechac/AppData/Local/UnrealEngine/Common/DerivedDataCache/Buckets/FShaderJobCacheShaders/b9/6b/fa0073249daec7d8c025fe216b6628ae7427.udd" 8237
"C:/Users/varghesechac/AppData/Local/UnrealEngine/Common/DerivedDataCache/Buckets/FShaderJobCacheShaders/62/18/0058f3d39d609c437f24e632059a1e744b19.udd" 8238
"C:/Users/varghesechac/AppData/Local/UnrealEngine/Common/DerivedDataCache/Buckets/FShaderJobCacheShaders/5e/f9/d1a04a0b86ac3f5407e9d78d2a2859a3a365.udd" 8239
"C:/Users/varghesechac/AppData/Local/UnrealEngine/Common/DerivedDataCache/Buckets/FShaderJobCacheShaders/7f/45/5b64a66f8b8db9aec30273271b60656d04d4.udd" 8240
"C:/Users/varghesechac/AppData/Local/UnrealEngine/Common/DerivedDataCache/Buckets/FShaderJobCacheShaders/fb/6c/6adcbfdd0f88e5b2b3ab9dc1ec9e60e43395.udd" 8241
"C:/Users/varghesechac/AppData/Local/UnrealEngine/Common/DerivedDataCache/Buckets/FShaderJobCacheShaders/49/19/297d82733ef6a9b20c4c07a34afcd65d9aa3.udd" 8242
"C:/Users/varghesechac/AppData/Local/UnrealEngine/Common/DerivedDataCache/Buckets/FShaderJobCacheShaders/49/36/d48397a3eddb20b6a083e2861b39ef2fc543.udd" 8243
"C:/Users/varghesechac/AppData/Local/UnrealEngine/Common/DerivedDataCache/Buckets/FShaderJobCacheShaders/15/04/3155166845fbd7827ea28d06d017aaef20c5.udd" 8244
"C:/Users/varghesechac/AppData/Local/UnrealEngine/Common/DerivedDataCache/Buckets/FShaderJobCacheShaders/76/a0/c21693435a74daebbe2d80e8262e26dbba13.udd" 8245
"C:/Users/varghesechac/AppData/Local/UnrealEngine/Common/DerivedDataCache/Buckets/FShaderJobCacheShaders/a1/65/eddf3b192404cf124a6e1abbfe78efaf2246.udd" 8246
"C:/Users/varghesechac/AppData/Local/UnrealEngine/Common/DerivedDataCache/Buckets/FShaderJobCacheShaders/ca/10/d84d1dabccea19538a53fdf7b4f31260d469.udd" 8247
"C:/Users/varghesechac/AppData/Local/UnrealEngine/Common/DerivedDataCache/Buckets/FShaderJobCacheShaders/30/62/b9729202020c6d3ba88ccf7c0e46bb155299.udd" 8248
"C:/Users/varghesechac/AppData/Local/UnrealEngine/Common/DerivedDataCache/Buckets/FShaderJobCacheShaders/40/73/cce63c53562ffc837f4e7806b4c0609a4f36.udd" 8249
"C:/Users/varghesechac/AppData/Local/UnrealEngine/Common/DerivedDataCache/Buckets/FShaderJobCacheShaders/a1/21/d63e772eef81c669d034c079e332dd3d6e7b.udd" 8250
"C:/Users/varghesechac/AppData/Local/UnrealEngine/Common/DerivedDataCache/Buckets/FShaderJobCacheShaders/13/f2/9b5984670a7fa9cb6c9c59fbd49ebb736e85.udd" 8251
"C:/Users/varghesechac/AppData/Local/UnrealEngine/Common/DerivedDataCache/Buckets/FShaderJobCacheShaders/59/a2/1487ede554f682167146b9785b9e0fc36011.udd" 8252
"C:/Users/varghesechac/AppData/Local/UnrealEngine/Common/DerivedDataCache/Buckets/FShaderJobCacheShaders/68/8c/823984040348038185c213934784b9835bbf.udd" 8253
"C:/Users/varghesechac/AppData/Local/UnrealEngine/Common/DerivedDataCache/Buckets/FShaderJobCacheShaders/fe/d9/d88f7d84475221f74d16335baa028c2e429a.udd" 8254
"C:/Users/varghesechac/AppData/Local/UnrealEngine/Common/DerivedDataCache/Buckets/FShaderJobCacheShaders/d4/ac/2fbddf803911f8a1637dd53cb34bd3017acb.udd" 8255
"C:/Users/varghesechac/AppData/Local/UnrealEngine/Common/DerivedDataCache/Buckets/FShaderJobCacheShaders/f6/e6/91a2bca1f1403aa87ebab60218a6f9079316.udd" 8256
"C:/Users/varghesechac/AppData/Local/UnrealEngine/Common/DerivedDataCache/Buckets/FShaderJobCacheShaders/3d/fa/dbc4d80f73195edc1ea7946a0dd2c53a5bf1.udd" 8257
"C:/Users/varghesechac/AppData/Local/UnrealEngine/Common/DerivedDataCache/Buckets/FShaderJobCacheShaders/5f/12/cb20b254706a45fd7e5d4bfa7cddda8772d9.udd" 8258
"C:/Users/varghesechac/AppData/Local/UnrealEngine/Common/DerivedDataCache/Buckets/FShaderJobCacheShaders/13/af/04cb2e315567a52a050204efe75f22c730b8.udd" 8259
"C:/Users/varghesechac/AppData/Local/UnrealEngine/Common/DerivedDataCache/Buckets/FShaderJobCacheShaders/66/4c/a576eafd941d9a277845ebbac537a7d3e42e.udd" 8260
"C:/Users/varghesechac/AppData/Local/UnrealEngine/Common/DerivedDataCache/Buckets/FShaderJobCacheShaders/3b/22/bf230368ecae085ffb0f90f4e5cadceaa6b7.udd" 8261
"C:/Users/varghesechac/AppData/Local/UnrealEngine/Common/DerivedDataCache/Buckets/FShaderJobCacheShaders/71/70/8d9888cd9980ea2e36a2768c9bb7028e85a0.udd" 8262
"C:/Users/varghesechac/AppData/Local/UnrealEngine/Common/DerivedDataCache/Buckets/FShaderJobCacheShaders/c4/b9/cc5f641882abf0ab8fbd0f4aa506f4d73a61.udd" 8263
"C:/Users/varghesechac/AppData/Local/UnrealEngine/Common/DerivedDataCache/Buckets/FShaderJobCacheShaders/5b/2a/d237d788fbf689e54fadf2d626313bfae08a.udd" 8264
"C:/Users/varghesechac/AppData/Local/UnrealEngine/Common/DerivedDataCache/Buckets/FShaderJobCacheShaders/bb/18/1b63ee67d54c62ec232ecc40676a3f523e4f.udd" 8265
"C:/Users/varghesechac/AppData/Local/UnrealEngine/Common/DerivedDataCache/Buckets/FShaderJobCacheShaders/24/9f/24da913f8776c5f275da01720a93981d8f46.udd" 8266
"C:/Users/varghesechac/AppData/Local/UnrealEngine/Common/DerivedDataCache/Buckets/FShaderJobCacheShaders/e4/e3/177796bab535824f588cf770583e8f41f6ef.udd" 8267
"C:/Users/varghesechac/AppData/Local/UnrealEngine/Common/DerivedDataCache/Buckets/FShaderJobCacheShaders/ad/14/f443edd7a759f6465e8a8c6dd96d4716cde8.udd" 8268
"C:/Users/varghesechac/AppData/Local/UnrealEngine/Common/DerivedDataCache/Buckets/FShaderJobCacheShaders/aa/ec/d279e07b574ae2719f300bdfd6dae90c5576.udd" 8269
"C:/Users/varghesechac/AppData/Local/UnrealEngine/Common/DerivedDataCache/Buckets/FShaderJobCacheShaders/a9/cb/64b2056085d270714e82825cb72f3af80b26.udd" 8270
"C:/Users/varghesechac/AppData/Local/UnrealEngine/Common/DerivedDataCache/Buckets/FShaderJobCacheShaders/61/36/55976575e7427efa3a70409781d237d6f26f.udd" 8271
"C:/Users/varghesechac/AppData/Local/UnrealEngine/Common/DerivedDataCache/Buckets/FShaderJobCacheShaders/ab/34/ce3c2df0128345e63dc7a3d66d2c5f2d37c5.udd" 8272
"C:/Users/varghesechac/AppData/Local/UnrealEngine/Common/DerivedDataCache/Buckets/FShaderJobCacheShaders/00/28/1b60528ef8d624db8b9985baa563742d5be5.udd" 8273
"C:/Users/varghesechac/AppData/Local/UnrealEngine/Common/DerivedDataCache/Buckets/FShaderJobCacheShaders/51/cd/07819aa23c7cad3ae10e4924b8b046579398.udd" 8274
"C:/Users/varghesechac/AppData/Local/UnrealEngine/Common/DerivedDataCache/Buckets/FShaderJobCacheShaders/34/f6/707497c8d20e40948a666441d8f53868bba7.udd" 8275
"C:/Users/varghesechac/AppData/Local/UnrealEngine/Common/DerivedDataCache/Buckets/FShaderJobCacheShaders/6e/fd/beb5170608ca4e87c2d497386b09a27f946e.udd" 8276
"C:/Users/varghesechac/AppData/Local/UnrealEngine/Common/DerivedDataCache/Buckets/FShaderJobCacheShaders/d6/33/1369339261ed59566ef2f7d7dd61698ae840.udd" 8277
"C:/Users/varghesechac/AppData/Local/UnrealEngine/Common/DerivedDataCache/Buckets/FShaderJobCacheShaders/a8/6b/54f4d5131b3cf188e5db2957c9451d6fc877.udd" 8278
"C:/Users/varghesechac/AppData/Local/UnrealEngine/Common/DerivedDataCache/Buckets/FShaderJobCacheShaders/0b/69/8ef0ecbd1c2dd3a48381afa0c189e985f4a4.udd" 8279
"C:/Users/varghesechac/AppData/Local/UnrealEngine/Common/DerivedDataCache/Buckets/FShaderJobCacheShaders/85/a0/d39cf198f9c494dcee6398ab0ec8b0871285.udd" 8280
"C:/Users/varghesechac/AppData/Local/UnrealEngine/Common/DerivedDataCache/Buckets/FShaderJobCacheShaders/b8/fd/55dd1e778182fb32978bbac5603276a43816.udd" 8281
"C:/Users/varghesechac/AppData/Local/UnrealEngine/Common/DerivedDataCache/Buckets/FShaderJobCacheShaders/9b/66/13291fc3c34d74649d5ae7e63a888a279bae.udd" 8282
"C:/Users/varghesechac/AppData/Local/UnrealEngine/Common/DerivedDataCache/Buckets/FShaderJobCacheShaders/e9/49/d5cf317f8872817e933744564792211e2ad5.udd" 8283
"C:/Users/varghesechac/AppData/Local/UnrealEngine/Common/DerivedDataCache/Buckets/FShaderJobCacheShaders/13/83/81c7d01510250f42f1ca7327a0b2cea2c1a1.udd" 8284
"C:/Users/varghesechac/AppData/Local/UnrealEngine/Common/DerivedDataCache/Buckets/FShaderJobCacheShaders/24/3a/bdf4b679ad2426cf302c899be7d81a29f67c.udd" 8285
"C:/Users/varghesechac/AppData/Local/UnrealEngine/Common/DerivedDataCache/Buckets/FShaderJobCacheShaders/b8/ca/48fd37acbc1fa766fa86bb9889f632062c5c.udd" 8286
"C:/Users/varghesechac/AppData/Local/UnrealEngine/Common/DerivedDataCache/Buckets/FShaderJobCacheShaders/25/bb/6bf545e35dddc3f4a5e601062fe3d9e76471.udd" 8287
"C:/Users/varghesechac/AppData/Local/UnrealEngine/Common/DerivedDataCache/Buckets/FShaderJobCacheShaders/be/c6/87aaf039c1f94f7a7d69e77330221937b47a.udd" 8288
"C:/Users/varghesechac/AppData/Local/UnrealEngine/Common/DerivedDataCache/Buckets/FShaderJobCacheShaders/2b/e8/a91d481c92cf0569cf9fe420e1c44f7df485.udd" 8289
"C:/Users/varghesechac/AppData/Local/UnrealEngine/Common/DerivedDataCache/Buckets/FShaderJobCacheShaders/ed/95/4e44c9a099c8af8d3060e91ddd7d505a30b3.udd" 8290
"C:/Users/varghesechac/AppData/Local/UnrealEngine/Common/DerivedDataCache/Buckets/FShaderJobCacheShaders/f6/6d/2a57dedfc9405cea6e7012782591fc815dc5.udd" 8291
"C:/Users/varghesechac/AppData/Local/UnrealEngine/Common/DerivedDataCache/Buckets/FShaderJobCacheShaders/fd/fc/549c65fba60b106b0c8ff3d1c5e8e9f4964c.udd" 8292
"C:/Users/varghesechac/AppData/Local/UnrealEngine/Common/DerivedDataCache/Buckets/FShaderJobCacheShaders/2b/d5/50394bb087caa27e65cfff817a81e85cc70a.udd" 8293
"C:/Users/varghesechac/AppData/Local/UnrealEngine/Common/DerivedDataCache/Buckets/FShaderJobCacheShaders/74/50/d534b28f223a04604e48d0e9550f2fb0cb98.udd" 8294
"C:/Users/varghesechac/AppData/Local/UnrealEngine/Common/DerivedDataCache/Buckets/FShaderJobCacheShaders/18/4a/a9af44e803fc6996199499f0b4c0cd328aad.udd" 8295
"C:/Users/varghesechac/AppData/Local/UnrealEngine/Common/DerivedDataCache/Buckets/FShaderJobCacheShaders/62/e5/e22cc94e0311e48d0a62cb0bfbc26d60749d.udd" 8296
"C:/Users/varghesechac/AppData/Local/UnrealEngine/Common/DerivedDataCache/Buckets/FShaderJobCacheShaders/58/f4/36a4300ab8ade0f49e2e4c8462dedf2cb35e.udd" 8297
"C:/Users/varghesechac/AppData/Local/UnrealEngine/Common/DerivedDataCache/Buckets/FShaderJobCacheShaders/dc/01/e2f75cfb3eae45264712786511f0e457c766.udd" 8298
"C:/Users/varghesechac/AppData/Local/UnrealEngine/Common/DerivedDataCache/Buckets/FShaderJobCacheShaders/19/93/9fb1bda94d2d13213b3ce0735410c2a1009c.udd" 8299
"C:/Users/varghesechac/AppData/Local/UnrealEngine/Common/DerivedDataCache/Buckets/FShaderJobCacheShaders/e3/b2/dcde1c2148adde48c12ace11cffce06d3a92.udd" 8300
"C:/Users/varghesechac/AppData/Local/UnrealEngine/Common/DerivedDataCache/Buckets/FShaderJobCacheShaders/5c/26/e892818e88080d0f683306ff4a344d160fbf.udd" 8301
"C:/Users/varghesechac/AppData/Local/UnrealEngine/Common/DerivedDataCache/Buckets/FShaderJobCacheShaders/ce/99/4afcba3e1a4d0f04bb9beca0ab5ebebf6258.udd" 8302
"C:/Users/varghesechac/AppData/Local/UnrealEngine/Common/DerivedDataCache/Buckets/FShaderJobCacheShaders/00/45/aa3d9aaa6f15beee5ddf7e47f42905458237.udd" 8303
"C:/Users/varghesechac/AppData/Local/UnrealEngine/Common/DerivedDataCache/Buckets/FShaderJobCacheShaders/dd/d6/909a2470d638d802bce0545fdc0b8c814fa9.udd" 8304
"C:/Users/varghesechac/AppData/Local/UnrealEngine/Common/DerivedDataCache/Buckets/FShaderJobCacheShaders/cd/69/16b6a96ef147259ceacfa88d967f8bde79a9.udd" 8305
"C:/Users/varghesechac/AppData/Local/UnrealEngine/Common/DerivedDataCache/Buckets/FShaderJobCacheShaders/a5/0f/171a913e65e55053429a82088b5dd8f648ec.udd" 8306
"C:/Users/varghesechac/AppData/Local/UnrealEngine/Common/DerivedDataCache/Buckets/FShaderJobCacheShaders/af/cb/9180094ad5034860fa43b6b6b405feafaabb.udd" 8307
"C:/Users/varghesechac/AppData/Local/UnrealEngine/Common/DerivedDataCache/Buckets/FShaderJobCacheShaders/3c/c5/23688a88ec9629ce28a690b8235da474fca3.udd" 8308
"C:/Users/varghesechac/AppData/Local/UnrealEngine/Common/DerivedDataCache/Buckets/FShaderJobCacheShaders/cc/35/16ab8eab5745aae61e83979ebe119a20321a.udd" 8309
"C:/Users/varghesechac/AppData/Local/UnrealEngine/Common/DerivedDataCache/Buckets/FShaderJobCacheShaders/d4/19/1874c187a2e9a62c392e840fc900256baf08.udd" 8310
"C:/Users/varghesechac/AppData/Local/UnrealEngine/Common/DerivedDataCache/Buckets/FShaderJobCacheShaders/0f/93/1afcf8c5fca8867ee015c868d72d6a3ee570.udd" 8311
"C:/Users/varghesechac/AppData/Local/UnrealEngine/Common/DerivedDataCache/Buckets/FShaderJobCacheShaders/46/06/b2cc1baa3ac23056b57926656fa60c0aa9ed.udd" 8312
"C:/Users/varghesechac/AppData/Local/UnrealEngine/Common/DerivedDataCache/Buckets/FShaderJobCacheShaders/12/ce/c888a67e24897615189867a6ee2807e290d7.udd" 8313
"C:/Users/varghesechac/AppData/Local/UnrealEngine/Common/DerivedDataCache/Buckets/FShaderJobCacheShaders/18/4f/2944db491b197d322733ac593cc436a4ef80.udd" 8314
"C:/Users/varghesechac/AppData/Local/UnrealEngine/Common/DerivedDataCache/Buckets/FShaderJobCacheShaders/a7/85/e5000924ced5bd6e913e649fe927ce5d33c4.udd" 8315
"C:/Users/varghesechac/AppData/Local/UnrealEngine/Common/DerivedDataCache/Buckets/FShaderJobCacheShaders/e2/e4/4fcfa6e070506fa6ba96b5be1cc1de1796f5.udd" 8316
"C:/Users/varghesechac/AppData/Local/UnrealEngine/Common/DerivedDataCache/Buckets/FShaderJobCacheShaders/4e/fc/41e04708879f315647486d58f9b034613970.udd" 8317
"C:/Users/varghesechac/AppData/Local/UnrealEngine/Common/DerivedDataCache/Buckets/FShaderJobCacheShaders/89/06/25592d2cffe473bea6366f54e4f81519f3d9.udd" 8318
"C:/Users/varghesechac/AppData/Local/UnrealEngine/Common/DerivedDataCache/Buckets/FShaderJobCacheShaders/9b/8e/ee6a85b2dc357841ffaa1d3ea261507faa57.udd" 8319
"C:/Users/varghesechac/AppData/Local/UnrealEngine/Common/DerivedDataCache/Buckets/FShaderJobCacheShaders/43/ac/1516828f7ff28b92f16d6682f171554abef3.udd" 8320
"C:/Users/varghesechac/AppData/Local/UnrealEngine/Common/DerivedDataCache/Buckets/FShaderJobCacheShaders/f0/ad/c73d580ea433416fe2a8ffa78c55c76f01f1.udd" 8321
"C:/Users/varghesechac/AppData/Local/UnrealEngine/Common/DerivedDataCache/Buckets/FShaderJobCacheShaders/05/7d/b8c46b2f085a2b952ee8f52cb1bb231956a7.udd" 8322
"C:/Users/varghesechac/AppData/Local/UnrealEngine/Common/DerivedDataCache/Buckets/FShaderJobCacheShaders/51/11/787700162acea8487c53bb91b443bb487125.udd" 8323
"C:/Users/varghesechac/AppData/Local/UnrealEngine/Common/DerivedDataCache/Buckets/FShaderJobCacheShaders/ee/72/f9c1ef2230bede8f389ab03586320af91bfa.udd" 8324
"C:/Users/varghesechac/AppData/Local/UnrealEngine/Common/DerivedDataCache/Buckets/FShaderJobCacheShaders/ac/db/0517f4e3b2c604b38fe2a99b60970780bee7.udd" 8325
"C:/Users/varghesechac/AppData/Local/UnrealEngine/Common/DerivedDataCache/Buckets/FShaderJobCacheShaders/ef/d7/8175942d8376081d420afd2bd7142cf8045a.udd" 8326
"C:/Users/varghesechac/AppData/Local/UnrealEngine/Common/DerivedDataCache/Buckets/FShaderJobCacheShaders/4b/ba/55cb80bd5bfa05207d6eea58cd4f6922bc5a.udd" 8327
"C:/Users/varghesechac/AppData/Local/UnrealEngine/Common/DerivedDataCache/Buckets/FShaderJobCacheShaders/96/78/8f79daee6c463646a37e57671d9fdadd5935.udd" 8328
"C:/Users/varghesechac/AppData/Local/UnrealEngine/Common/DerivedDataCache/Buckets/FShaderJobCacheShaders/9c/27/f9cbc16f8b250b3e03885ff8a00411416b37.udd" 8329
"C:/Users/varghesechac/AppData/Local/UnrealEngine/Common/DerivedDataCache/Buckets/FShaderJobCacheShaders/c8/60/dafbe29cfe751e45de00b296cebb9e7ad103.udd" 8330
"C:/Users/varghesechac/AppData/Local/UnrealEngine/Common/DerivedDataCache/Buckets/FShaderJobCacheShaders/93/93/d40d3f1c55150f9424c591122e7f4a005942.udd" 8331
"C:/Users/varghesechac/AppData/Local/UnrealEngine/Common/DerivedDataCache/Buckets/FShaderJobCacheShaders/db/81/f1f7b29cb5ec57c6042d4cc109b431023e73.udd" 8332
"C:/Users/varghesechac/AppData/Local/UnrealEngine/Common/DerivedDataCache/Buckets/FShaderJobCacheShaders/3f/92/683b8842ab51e4bf07b4640a68c1227f8286.udd" 8333
"C:/Users/varghesechac/AppData/Local/UnrealEngine/Common/DerivedDataCache/Buckets/FShaderJobCacheShaders/c8/0f/4fc7780dd87fb11af05a991dc74ad3650d3d.udd" 8334
"C:/Users/varghesechac/AppData/Local/UnrealEngine/Common/DerivedDataCache/Buckets/FShaderJobCacheShaders/c5/16/3fc17e546517ed2a063c63dc3782521f4d8f.udd" 8335
"C:/Users/varghesechac/AppData/Local/UnrealEngine/Common/DerivedDataCache/Buckets/FShaderJobCacheShaders/78/ad/c4925e3023c16c60fe64d5c2e93b64514832.udd" 8336
"C:/Users/varghesechac/AppData/Local/UnrealEngine/Common/DerivedDataCache/Buckets/FShaderJobCacheShaders/8f/5f/5ea50ddd0b8cfadc06d7197d8dd5f8aed7d1.udd" 8337
"C:/Users/varghesechac/AppData/Local/UnrealEngine/Common/DerivedDataCache/Buckets/FShaderJobCacheShaders/7a/af/7a47c90d7660e460b05bbf3496e52e35eff3.udd" 8338
"C:/Users/varghesechac/AppData/Local/UnrealEngine/Common/DerivedDataCache/Buckets/FShaderJobCacheShaders/f3/67/c2d9054fb30db56a56fa88e7f43f316cd7cd.udd" 8339
"C:/Users/varghesechac/AppData/Local/UnrealEngine/Common/DerivedDataCache/Buckets/FShaderJobCacheShaders/8c/b0/8f6d1573eb0f74534d6f15ef336d473b9f4a.udd" 8340
"C:/Users/varghesechac/AppData/Local/UnrealEngine/Common/DerivedDataCache/Buckets/FShaderJobCacheShaders/55/56/04aff0476025f99315b2e96f8845e89aceda.udd" 8341
"C:/Users/varghesechac/AppData/Local/UnrealEngine/Common/DerivedDataCache/Buckets/FShaderJobCacheShaders/52/0c/624bf5ad977fc8e56e742ac037c74eef6f4d.udd" 8342
"C:/Users/varghesechac/AppData/Local/UnrealEngine/Common/DerivedDataCache/Buckets/FShaderJobCacheShaders/1f/99/ee083e931861c7dfdf6fddddda5a65fb42c3.udd" 8343
"C:/Users/varghesechac/AppData/Local/UnrealEngine/Common/DerivedDataCache/Buckets/FShaderJobCacheShaders/60/f3/cb8c220000e129fc13fa5686d52fc9868aa7.udd" 8344
"C:/Users/varghesechac/AppData/Local/UnrealEngine/Common/DerivedDataCache/Buckets/FShaderJobCacheShaders/56/93/d0afe3c9c5847a3898e16af1fc6668eed49f.udd" 8345
"C:/Users/varghesechac/AppData/Local/UnrealEngine/Common/DerivedDataCache/Buckets/FShaderJobCacheShaders/f5/8c/3e0f05edd663b5eae6293b9c424b099c1c76.udd" 8346
"C:/Users/varghesechac/AppData/Local/UnrealEngine/Common/DerivedDataCache/Buckets/FShaderJobCacheShaders/af/9e/59cd276a8cb1e9171dbc492993dd64a5dc85.udd" 8347
"C:/Users/varghesechac/AppData/Local/UnrealEngine/Common/DerivedDataCache/Buckets/FShaderJobCacheShaders/a5/cb/616ed819a0daa8221e76245716d5d6acfc07.udd" 8348
"C:/Users/varghesechac/AppData/Local/UnrealEngine/Common/DerivedDataCache/Buckets/FShaderJobCacheShaders/09/79/e2817e37f5b0583aaf7b455b93b1779ff74c.udd" 8349
"C:/Users/varghesechac/AppData/Local/UnrealEngine/Common/DerivedDataCache/Buckets/FShaderJobCacheShaders/f3/e5/8a65c125f2948163c86df0756c0f1ac6b794.udd" 8350
"C:/Users/varghesechac/AppData/Local/UnrealEngine/Common/DerivedDataCache/Buckets/FShaderJobCacheShaders/93/6f/c6d95c3b0f538d61ec9a852bd9eab5b3d21c.udd" 8351
"C:/Users/varghesechac/AppData/Local/UnrealEngine/Common/DerivedDataCache/Buckets/FShaderJobCacheShaders/f9/1d/3281dfd26752e69be53bc95516f6607f65fc.udd" 8352
"C:/Users/varghesechac/AppData/Local/UnrealEngine/Common/DerivedDataCache/Buckets/FShaderJobCacheShaders/90/66/69b647a3b0718f7a4bfdf56b4a18dc259166.udd" 8353
"C:/Users/varghesechac/AppData/Local/UnrealEngine/Common/DerivedDataCache/Buckets/FShaderJobCacheShaders/5f/b6/ad883f53e54bcb83ec0c8d94524a0c71814a.udd" 8354
"C:/Users/varghesechac/AppData/Local/UnrealEngine/Common/DerivedDataCache/Buckets/FShaderJobCacheShaders/9b/f2/241b22a3e29b51e82dd266586fa9d5cfe3ce.udd" 8355
"C:/Users/varghesechac/AppData/Local/UnrealEngine/Common/DerivedDataCache/Buckets/FShaderJobCacheShaders/82/fb/047dde0f2d314b907f08f04b00f48c377ed0.udd" 8356
"C:/Users/varghesechac/AppData/Local/UnrealEngine/Common/DerivedDataCache/Buckets/FShaderJobCacheShaders/08/5e/d26ee295afa9b459c884c5af49941f499feb.udd" 8357
"C:/Users/varghesechac/AppData/Local/UnrealEngine/Common/DerivedDataCache/Buckets/FShaderJobCacheShaders/89/ca/06621085316e74edd9a21e211d35a5077926.udd" 8358
"C:/Users/varghesechac/AppData/Local/UnrealEngine/Common/DerivedDataCache/Buckets/FShaderJobCacheShaders/81/08/5076d3f13370fef97d2e8402a1e856d7e713.udd" 8359
"C:/Users/varghesechac/AppData/Local/UnrealEngine/Common/DerivedDataCache/Buckets/FShaderJobCacheShaders/00/38/24e7237622de99d983bdaf1aaeca5fc12266.udd" 8360
"C:/Users/varghesechac/AppData/Local/UnrealEngine/Common/DerivedDataCache/Buckets/FShaderJobCacheShaders/d1/2c/6a4f329bc7d7c5e5c66a64d1aaa051760757.udd" 8361
"C:/Users/varghesechac/AppData/Local/UnrealEngine/Common/DerivedDataCache/Buckets/FShaderJobCacheShaders/51/4e/1f7193f606d646ebbd8b32e0e01dbbe5bbc0.udd" 8362
"C:/Users/varghesechac/AppData/Local/UnrealEngine/Common/DerivedDataCache/Buckets/FShaderJobCacheShaders/51/af/ea8052de12bab4e082c7ee880b729905777f.udd" 8363
"C:/Users/varghesechac/AppData/Local/UnrealEngine/Common/DerivedDataCache/Buckets/FShaderJobCacheShaders/7a/2a/ebaa1ef2e769afb3cf728e2bd5d70e06f4e9.udd" 8364
"C:/Users/varghesechac/AppData/Local/UnrealEngine/Common/DerivedDataCache/Buckets/FShaderJobCacheShaders/9c/8d/92d9e89306704adacb7b258f212f0a306a5b.udd" 8365
"C:/Users/varghesechac/AppData/Local/UnrealEngine/Common/DerivedDataCache/Buckets/FShaderJobCacheShaders/e2/b7/4eb0146a13ed8fa4dd61de2117d7c83a8289.udd" 8366
"C:/Users/varghesechac/AppData/Local/UnrealEngine/Common/DerivedDataCache/Buckets/FShaderJobCacheShaders/94/d6/0c5beb49886780f54ff12767c0a9c240e2a6.udd" 8367
"C:/Users/varghesechac/AppData/Local/UnrealEngine/Common/DerivedDataCache/Buckets/FShaderJobCacheShaders/07/33/a99b8f6f5830d7a0dc1407ceafb4bfa080c8.udd" 8368
"C:/Users/varghesechac/AppData/Local/UnrealEngine/Common/DerivedDataCache/Buckets/FShaderJobCacheShaders/aa/22/da23ff21fda4db9b6f7bde7046ebe364ae76.udd" 8369
"C:/Users/varghesechac/AppData/Local/UnrealEngine/Common/DerivedDataCache/Buckets/FShaderJobCacheShaders/32/86/f42b087f5d4ad2e3e21959fbc4678ec789cc.udd" 8370
"C:/Users/varghesechac/AppData/Local/UnrealEngine/Common/DerivedDataCache/Buckets/FShaderJobCacheShaders/01/88/7c1af56ceeea3959e06812a4093fed95d880.udd" 8371
"C:/Users/varghesechac/AppData/Local/UnrealEngine/Common/DerivedDataCache/Buckets/FShaderJobCacheShaders/48/a3/f3f3e79b7ef34abc9385116da75efa99db9c.udd" 8372
"C:/Users/varghesechac/AppData/Local/UnrealEngine/Common/DerivedDataCache/Buckets/FShaderJobCacheShaders/1d/1c/7ae3417f032e219f0d7cc9dcc137e5130711.udd" 8373
"C:/Users/varghesechac/AppData/Local/UnrealEngine/Common/DerivedDataCache/Buckets/FShaderJobCacheShaders/27/31/884af3a76ac7bd34e2bf5da65a312bf26c1d.udd" 8374
"C:/Users/varghesechac/AppData/Local/UnrealEngine/Common/DerivedDataCache/Buckets/FShaderJobCacheShaders/9e/bf/6d0755ff312e73ccb15b938cc326eec0cc72.udd" 8375
"C:/Users/varghesechac/AppData/Local/UnrealEngine/Common/DerivedDataCache/Buckets/FShaderJobCacheShaders/76/83/257266ade8f3c89589c56e82ac7a96c17339.udd" 8376
"C:/Users/varghesechac/AppData/Local/UnrealEngine/Common/DerivedDataCache/Buckets/FShaderJobCacheShaders/10/c9/fec3d32b786b6efb8e6794dd2bb2ee5515d0.udd" 8377
"C:/Users/varghesechac/AppData/Local/UnrealEngine/Common/DerivedDataCache/Buckets/FShaderJobCacheShaders/36/48/b0dfe694715ba6f1c317bc36098022976592.udd" 8378
"C:/Users/varghesechac/AppData/Local/UnrealEngine/Common/DerivedDataCache/Buckets/FShaderJobCacheShaders/45/6c/9ae421e030f7c1146443c648fecd314fca87.udd" 8379
"C:/Users/varghesechac/AppData/Local/UnrealEngine/Common/DerivedDataCache/Buckets/FShaderJobCacheShaders/41/46/7085df4580fb99868f14b00c257df482936e.udd" 8380
"C:/Users/varghesechac/AppData/Local/UnrealEngine/Common/DerivedDataCache/Buckets/FShaderJobCacheShaders/5d/00/8c0eca6de58f08e9de061c5f6ba24989c67b.udd" 8381
"C:/Users/varghesechac/AppData/Local/UnrealEngine/Common/DerivedDataCache/Buckets/FShaderJobCacheShaders/2a/0d/e5bd1dc7a6c3e211e19154d5b3604444bad4.udd" 8382
"C:/Users/varghesechac/AppData/Local/UnrealEngine/Common/DerivedDataCache/Buckets/FShaderJobCacheShaders/db/e4/5562663c5438a9d6918b49cd637d761d9581.udd" 8383
"C:/Users/varghesechac/AppData/Local/UnrealEngine/Common/DerivedDataCache/Buckets/FShaderJobCacheShaders/d3/f3/3972ebb2b00770c909a74f43d2b868349b3c.udd" 8384
"C:/Users/varghesechac/AppData/Local/UnrealEngine/Common/DerivedDataCache/Buckets/FShaderJobCacheShaders/16/52/17f374bc980ac67e80f2e42fe9dc4ee34aea.udd" 8385
"C:/Users/varghesechac/AppData/Local/UnrealEngine/Common/DerivedDataCache/Buckets/FShaderJobCacheShaders/be/94/63205c53665bf92a4d3441df7d996e8f35cc.udd" 8386
"C:/Users/varghesechac/AppData/Local/UnrealEngine/Common/DerivedDataCache/Buckets/FShaderJobCacheShaders/5b/ed/db081c90497a0e4ac23be2ccf29972c80878.udd" 8387
"C:/Users/varghesechac/AppData/Local/UnrealEngine/Common/DerivedDataCache/Buckets/FShaderJobCacheShaders/28/57/c10386027438402399ba437545eadf3b54d1.udd" 8388
"C:/Users/varghesechac/AppData/Local/UnrealEngine/Common/DerivedDataCache/Buckets/FShaderJobCacheShaders/33/50/47eb17edb7d9d2b7eaf1a1d9215d002437fb.udd" 8389
"C:/Users/varghesechac/AppData/Local/UnrealEngine/Common/DerivedDataCache/Buckets/FShaderJobCacheShaders/6d/53/f9ccf6905c5fd350b04697fe76b325b329bc.udd" 8390
"C:/Users/varghesechac/AppData/Local/UnrealEngine/Common/DerivedDataCache/Buckets/FShaderJobCacheShaders/77/df/7a36a98fcdd5248abb578fa5c5f301b9cce7.udd" 8391
"C:/Users/varghesechac/AppData/Local/UnrealEngine/Common/DerivedDataCache/Buckets/FShaderJobCacheShaders/c2/74/b24641d4fe03e43cdd505f478af854e2c235.udd" 8392
"C:/Users/varghesechac/AppData/Local/UnrealEngine/Common/DerivedDataCache/Buckets/FShaderJobCacheShaders/c5/28/0382b5144caa77f5adc7cac5cb29429f30ba.udd" 8393
"C:/Users/varghesechac/AppData/Local/UnrealEngine/Common/DerivedDataCache/Buckets/FShaderJobCacheShaders/90/25/75eadedd0f3015858322edd8c33a25dfe756.udd" 8394
"C:/Users/varghesechac/AppData/Local/UnrealEngine/Common/DerivedDataCache/Buckets/FShaderJobCacheShaders/4d/14/7eb7115bd6af425ed0d6f5498aaaa5fd13fc.udd" 8395
"C:/Users/varghesechac/AppData/Local/UnrealEngine/Common/DerivedDataCache/Buckets/FShaderJobCacheShaders/c7/d3/5ebb497336dd2cc230f90c3699aff09b2709.udd" 8396
"C:/Users/varghesechac/AppData/Local/UnrealEngine/Common/DerivedDataCache/Buckets/FShaderJobCacheShaders/2f/53/fa957c0c8ba43341d7ca7cfc4768fac4434c.udd" 8397
"C:/Users/varghesechac/AppData/Local/UnrealEngine/Common/DerivedDataCache/Buckets/FShaderJobCacheShaders/4d/54/b52843e9186e9e5820a1755f1af75310565a.udd" 8398
"C:/Users/varghesechac/AppData/Local/UnrealEngine/Common/DerivedDataCache/Buckets/FShaderJobCacheShaders/75/38/c6fba0f37ddb08e73657d2a522a688301942.udd" 8399
"C:/Users/varghesechac/AppData/Local/UnrealEngine/Common/DerivedDataCache/Buckets/FShaderJobCacheShaders/6c/b5/a01e6b981642a9f68c11d6eeb58699a76b09.udd" 8400
"C:/Users/varghesechac/AppData/Local/UnrealEngine/Common/DerivedDataCache/Buckets/FShaderJobCacheShaders/7d/63/226872b0870343d2fbd05936de63432369ab.udd" 8401
"C:/Users/varghesechac/AppData/Local/UnrealEngine/Common/DerivedDataCache/Buckets/FShaderJobCacheShaders/c7/7a/970b66590c4b5dc5bc4c131a8d83b361cd69.udd" 8402
"C:/Users/varghesechac/AppData/Local/UnrealEngine/Common/DerivedDataCache/Buckets/FShaderJobCacheShaders/d7/6e/94f06b9131ba116c23ea02a7cfe89e0c27c7.udd" 8403
"C:/Users/varghesechac/AppData/Local/UnrealEngine/Common/DerivedDataCache/Buckets/FShaderJobCacheShaders/f6/1b/f439dd400d3329c3d9a5cadca56afe05e788.udd" 8404
"C:/Users/varghesechac/AppData/Local/UnrealEngine/Common/DerivedDataCache/Buckets/FShaderJobCacheShaders/22/ee/8aa30e51e28422b7dab31c521bfcf0d135e1.udd" 8405
"C:/Users/varghesechac/AppData/Local/UnrealEngine/Common/DerivedDataCache/Buckets/FShaderJobCacheShaders/83/59/85f73fe4049c41760219e80d1d5fd771e962.udd" 8406
"C:/Users/varghesechac/AppData/Local/UnrealEngine/Common/DerivedDataCache/Buckets/FShaderJobCacheShaders/ef/ed/30c65712d5278b5a3eca2d5c531d0be75c62.udd" 8407
"C:/Users/varghesechac/AppData/Local/UnrealEngine/Common/DerivedDataCache/Buckets/FShaderJobCacheShaders/d9/5f/d40b0dedb467209e9826289392df4a2e444b.udd" 8408
"C:/Users/varghesechac/AppData/Local/UnrealEngine/Common/DerivedDataCache/Buckets/FShaderJobCacheShaders/d1/78/87969bd9f45e46fb42d19b499c2af57b2327.udd" 8409
"C:/Users/varghesechac/AppData/Local/UnrealEngine/Common/DerivedDataCache/Buckets/FShaderJobCacheShaders/bb/f7/cc4cd56b4dfaa4aae3e65e397aefe4f0bbaa.udd" 8410
"C:/Users/varghesechac/AppData/Local/UnrealEngine/Common/DerivedDataCache/Buckets/FShaderJobCacheShaders/73/d6/137314f0caae5b43e8affd71ad40a92542b2.udd" 8411
"C:/Users/varghesechac/AppData/Local/UnrealEngine/Common/DerivedDataCache/Buckets/FShaderJobCacheShaders/96/3f/85e38ee07114809ff2e51003812208ad2923.udd" 8412
"C:/Users/varghesechac/AppData/Local/UnrealEngine/Common/DerivedDataCache/Buckets/FShaderJobCacheShaders/79/9f/cdb4abf9adb4e2511f67f0ab077faddaec05.udd" 8413
"C:/Users/varghesechac/AppData/Local/UnrealEngine/Common/DerivedDataCache/Buckets/FShaderJobCacheShaders/11/cd/9542736f7894898f2cfd47c8f26d237d665d.udd" 8414
"C:/Users/varghesechac/AppData/Local/UnrealEngine/Common/DerivedDataCache/Buckets/FShaderJobCacheShaders/42/c8/e788357555a07c564bf4c2712d0dcd9bf892.udd" 8415
"C:/Users/varghesechac/AppData/Local/UnrealEngine/Common/DerivedDataCache/Buckets/FShaderJobCacheShaders/f8/e2/cddd01609c3e399a20211302515e292efca5.udd" 8416
"C:/Users/varghesechac/AppData/Local/UnrealEngine/Common/DerivedDataCache/Buckets/FShaderJobCacheShaders/d7/b6/8bc848aca8362466bf9e3cd660ba6202036d.udd" 8417
"C:/Users/varghesechac/AppData/Local/UnrealEngine/Common/DerivedDataCache/Buckets/FShaderJobCacheShaders/aa/94/4e4759df2fa45e78af25e57327b0b42975c9.udd" 8418
"C:/Users/varghesechac/AppData/Local/UnrealEngine/Common/DerivedDataCache/Buckets/FShaderJobCacheShaders/6c/e7/990747ac6fe96701fb862096533c8fc5309e.udd" 8419
"C:/Users/varghesechac/AppData/Local/UnrealEngine/Common/DerivedDataCache/Buckets/FShaderJobCacheShaders/b8/58/5add2e29622fddabcacb9b7e31d24630731b.udd" 8420
"C:/Users/varghesechac/AppData/Local/UnrealEngine/Common/DerivedDataCache/Buckets/FShaderJobCacheShaders/cc/b2/a77fff182ba2c7f159477f23b03db63a03c7.udd" 8421
"C:/Users/varghesechac/AppData/Local/UnrealEngine/Common/DerivedDataCache/Buckets/FShaderJobCacheShaders/99/a8/ce5cd336a5b02bbbdcdb8cc7b1a44b76ffaf.udd" 8422
"C:/Users/varghesechac/AppData/Local/UnrealEngine/Common/DerivedDataCache/Buckets/FShaderJobCacheShaders/06/6e/d7a63e15930a632ef6e1a2a3590789be1316.udd" 8423
"C:/Users/varghesechac/AppData/Local/UnrealEngine/Common/DerivedDataCache/Buckets/FShaderJobCacheShaders/11/ec/5e1c0270f97e7553ec2fa6509202c20d4192.udd" 8424
"C:/Users/varghesechac/AppData/Local/UnrealEngine/Common/DerivedDataCache/Buckets/FShaderJobCacheShaders/cb/c5/a47550e0b1517c6171fc7a1a237865376bd0.udd" 8425
"C:/Users/varghesechac/AppData/Local/UnrealEngine/Common/DerivedDataCache/Buckets/FShaderJobCacheShaders/41/31/344e909ff7da6ada7e376cc3c0f8ba9f185b.udd" 8426
"C:/Users/varghesechac/AppData/Local/UnrealEngine/Common/DerivedDataCache/Buckets/FShaderJobCacheShaders/be/13/55adfac85ebb186577e0968a4b7380fffaaf.udd" 8427
"C:/Users/varghesechac/AppData/Local/UnrealEngine/Common/DerivedDataCache/Buckets/FShaderJobCacheShaders/42/1d/a8a34344dfdfc061620367bf37977645e881.udd" 8428
"C:/Users/varghesechac/code/MileH/WideFieldAssembly/Intermediate/ShaderAutogen/PCD3D_SM5/AutogenShaderHeaders.ush" 8429
"C:/Users/varghesechac/AppData/Local/Temp/UnrealShaderWorkingDir/9ACAF4244177FE6C7C6B9AA46434C0C1/16/WorkerOutputOnly.out" 8430
"C:/Users/varghesechac/AppData/Local/Temp/UnrealShaderWorkingDir/9ACAF4244177FE6C7C6B9AA46434C0C1/2/WorkerOutputOnly.out" 8431
"C:/Users/varghesechac/AppData/Local/Temp/UnrealShaderWorkingDir/9ACAF4244177FE6C7C6B9AA46434C0C1/7/WorkerOutputOnly.out" 8432
"C:/Users/varghesechac/AppData/Local/Temp/UnrealShaderWorkingDir/9ACAF4244177FE6C7C6B9AA46434C0C1/12/WorkerOutputOnly.out" 8433
"C:/Users/varghesechac/AppData/Local/Temp/UnrealShaderWorkingDir/9ACAF4244177FE6C7C6B9AA46434C0C1/0/WorkerOutputOnly.out" 8434
"C:/Users/varghesechac/AppData/Local/Temp/UnrealShaderWorkingDir/9ACAF4244177FE6C7C6B9AA46434C0C1/6/WorkerOutputOnly.out" 8435
"C:/Users/varghesechac/AppData/Local/Temp/UnrealShaderWorkingDir/9ACAF4244177FE6C7C6B9AA46434C0C1/13/WorkerOutputOnly.out" 8436
"C:/Users/varghesechac/AppData/Local/Temp/UnrealShaderWorkingDir/9ACAF4244177FE6C7C6B9AA46434C0C1/10/WorkerOutputOnly.out" 8437
"C:/Users/varghesechac/AppData/Local/Temp/UnrealShaderWorkingDir/9ACAF4244177FE6C7C6B9AA46434C0C1/8/WorkerOutputOnly.out" 8438
"C:/Users/varghesechac/AppData/Local/Temp/UnrealShaderWorkingDir/9ACAF4244177FE6C7C6B9AA46434C0C1/1/WorkerOutputOnly.out" 8439
"C:/Users/varghesechac/AppData/Local/Temp/UnrealShaderWorkingDir/9ACAF4244177FE6C7C6B9AA46434C0C1/5/WorkerOutputOnly.out" 8440
"C:/Users/varghesechac/AppData/Local/Temp/UnrealShaderWorkingDir/9ACAF4244177FE6C7C6B9AA46434C0C1/9/WorkerOutputOnly.out" 8441
"C:/Users/varghesechac/AppData/Local/Temp/UnrealShaderWorkingDir/9ACAF4244177FE6C7C6B9AA46434C0C1/15/WorkerOutputOnly.out" 8442
"C:/Users/varghesechac/AppData/Local/Temp/UnrealShaderWorkingDir/9ACAF4244177FE6C7C6B9AA46434C0C1/11/WorkerOutputOnly.out" 8443
"C:/Users/varghesechac/AppData/Local/Temp/UnrealShaderWorkingDir/9ACAF4244177FE6C7C6B9AA46434C0C1/4/WorkerOutputOnly.out" 8444
"C:/Users/varghesechac/AppData/Local/Temp/UnrealShaderWorkingDir/9ACAF4244177FE6C7C6B9AA46434C0C1/14/WorkerOutputOnly.out" 8445
"C:/Users/varghesechac/AppData/Local/Temp/UnrealShaderWorkingDir/9ACAF4244177FE6C7C6B9AA46434C0C1/3/WorkerOutputOnly.out" 8446
